[
  {
    "id": 510007,
    "Lloji": "Gjethërënës",
    "Lartesi": "I lartë (> 3m)",
    "Gjendja": "E mirë",
    "KordinataX": 21.16507,
    "KordinataY": 42.66091,
    "Photo": ""
  },
  {
    "id": 510008,
    "Lloji": "Gjethërënës",
    "Lartesi": "I lartë (> 3m)",
    "Gjendja": "E mirë",
    "KordinataX": 21.16507,
    "KordinataY": 42.66087,
    "Photo": ""
  },
  {
    "id": 510009,
    "Lloji": "Gjethërënës",
    "Lartesi": "I lartë (> 3m)",
    "Gjendja": "E mirë",
    "KordinataX": 21.16506,
    "KordinataY": 42.66082,
    "Photo": ""
  },
  {
    "id": 510010,
    "Lloji": "Gjethërënës",
    "Lartesi": "I lartë (> 3m)",
    "Gjendja": "E mirë",
    "KordinataX": 21.16506,
    "KordinataY": 42.66076,
    "Photo": ""
  },
  {
    "id": 510011,
    "Lloji": "Gjethërënës",
    "Lartesi": "I lartë (> 3m)",
    "Gjendja": "E mirë",
    "KordinataX": 21.16505,
    "KordinataY": 42.66071,
    "Photo": ""
  },
  {
    "id": 510012,
    "Lloji": "Gjethërënës",
    "Lartesi": "I lartë (> 3m)",
    "Gjendja": "E mirë",
    "KordinataX": 21.16503,
    "KordinataY": 42.66067,
    "Photo": ""
  },
  {
    "id": 510013,
    "Lloji": "Gjethërënës",
    "Lartesi": "I lartë (> 3m)",
    "Gjendja": "E mirë",
    "KordinataX": 21.16504,
    "KordinataY": 42.66061,
    "Photo": ""
  },
  {
    "id": 510014,
    "Lloji": "Gjethërënës",
    "Lartesi": "I lartë (> 3m)",
    "Gjendja": "E mirë",
    "KordinataX": 21.16503,
    "KordinataY": 42.66055,
    "Photo": ""
  },
  {
    "id": 510015,
    "Lloji": "Gjethërënës",
    "Lartesi": "I lartë (> 3m)",
    "Gjendja": "E mirë",
    "KordinataX": 21.16502,
    "KordinataY": 42.66051,
    "Photo": ""
  },
  {
    "id": 510016,
    "Lloji": "Gjethërënës",
    "Lartesi": "I lartë (> 3m)",
    "Gjendja": "E mirë",
    "KordinataX": 21.16501,
    "KordinataY": 42.66046,
    "Photo": ""
  },
  {
    "id": 510017,
    "Lloji": "Gjethërënës",
    "Lartesi": "I lartë (> 3m)",
    "Gjendja": "E mirë",
    "KordinataX": 21.165,
    "KordinataY": 42.66041,
    "Photo": ""
  },
  {
    "id": 510018,
    "Lloji": "Gjethërënës",
    "Lartesi": "I lartë (> 3m)",
    "Gjendja": "E mirë",
    "KordinataX": 21.16489,
    "KordinataY": 42.66059,
    "Photo": ""
  },
  {
    "id": 510019,
    "Lloji": "Gjethërënës",
    "Lartesi": "I lartë (> 3m)",
    "Gjendja": "E mirë",
    "KordinataX": 21.16488,
    "KordinataY": 42.66054,
    "Photo": ""
  },
  {
    "id": 510020,
    "Lloji": "Gjethërënës",
    "Lartesi": "I lartë (> 3m)",
    "Gjendja": "E mirë",
    "KordinataX": 21.16487,
    "KordinataY": 42.66048,
    "Photo": ""
  },
  {
    "id": 510021,
    "Lloji": "Gjethërënës",
    "Lartesi": "I lartë (> 3m)",
    "Gjendja": "E mirë",
    "KordinataX": 21.16486,
    "KordinataY": 42.66042,
    "Photo": ""
  },
  {
    "id": 510022,
    "Lloji": "Gjethërënës",
    "Lartesi": "I lartë (> 3m)",
    "Gjendja": "E mirë",
    "KordinataX": 21.16484,
    "KordinataY": 42.66034,
    "Photo": ""
  },
  {
    "id": 510029,
    "Lloji": "Gjethërënës",
    "Lartesi": "I lartë (> 3m)",
    "Gjendja": "E mirë",
    "KordinataX": 21.16482,
    "KordinataY": 42.66023,
    "Photo": ""
  },
  {
    "id": 510030,
    "Lloji": "Gjethërënës",
    "Lartesi": "I lartë (> 3m)",
    "Gjendja": "E mirë",
    "KordinataX": 21.1648,
    "KordinataY": 42.66017,
    "Photo": ""
  },
  {
    "id": 510031,
    "Lloji": "Gjethërënës",
    "Lartesi": "I lartë (> 3m)",
    "Gjendja": "E mirë",
    "KordinataX": 21.16478,
    "KordinataY": 42.66007,
    "Photo": ""
  },
  {
    "id": 510032,
    "Lloji": "Gjethërënës",
    "Lartesi": "I lartë (> 3m)",
    "Gjendja": "E mirë",
    "KordinataX": 21.16475,
    "KordinataY": 42.66,
    "Photo": ""
  },
  {
    "id": 510033,
    "Lloji": "Gjethërënës",
    "Lartesi": "I lartë (> 3m)",
    "Gjendja": "E mirë",
    "KordinataX": 21.16475,
    "KordinataY": 42.65992,
    "Photo": ""
  },
  {
    "id": 510034,
    "Lloji": "Gjethërënës",
    "Lartesi": "I lartë (> 3m)",
    "Gjendja": "E mirë",
    "KordinataX": 21.16472,
    "KordinataY": 42.65982,
    "Photo": ""
  },
  {
    "id": 510035,
    "Lloji": "Gjethërënës",
    "Lartesi": "I lartë (> 3m)",
    "Gjendja": "E mirë",
    "KordinataX": 21.16469,
    "KordinataY": 42.65969,
    "Photo": ""
  },
  {
    "id": 510036,
    "Lloji": "Gjethërënës",
    "Lartesi": "I lartë (> 3m)",
    "Gjendja": "E mirë",
    "KordinataX": 21.16465,
    "KordinataY": 42.65953,
    "Photo": ""
  },
  {
    "id": 510037,
    "Lloji": "Gjethërënës",
    "Lartesi": "I lartë (> 3m)",
    "Gjendja": "E mirë",
    "KordinataX": 21.16511,
    "KordinataY": 42.66021,
    "Photo": ""
  },
  {
    "id": 510038,
    "Lloji": "Gjethërënës",
    "Lartesi": "I lartë (> 3m)",
    "Gjendja": "E mirë",
    "KordinataX": 21.16516,
    "KordinataY": 42.66021,
    "Photo": ""
  },
  {
    "id": 510039,
    "Lloji": "Gjethërënës",
    "Lartesi": "I lartë (> 3m)",
    "Gjendja": "E mirë",
    "KordinataX": 21.16522,
    "KordinataY": 42.66019,
    "Photo": ""
  },
  {
    "id": 510040,
    "Lloji": "Gjethërënës",
    "Lartesi": "I lartë (> 3m)",
    "Gjendja": "E mirë",
    "KordinataX": 21.16528,
    "KordinataY": 42.66019,
    "Photo": ""
  },
  {
    "id": 510041,
    "Lloji": "Gjethërënës",
    "Lartesi": "I lartë (> 3m)",
    "Gjendja": "E mirë",
    "KordinataX": 21.16533,
    "KordinataY": 42.66017,
    "Photo": ""
  },
  {
    "id": 510042,
    "Lloji": "Gjethërënës",
    "Lartesi": "I lartë (> 3m)",
    "Gjendja": "E mirë",
    "KordinataX": 21.16539,
    "KordinataY": 42.66017,
    "Photo": ""
  },
  {
    "id": 510043,
    "Lloji": "Gjethërënës",
    "Lartesi": "I lartë (> 3m)",
    "Gjendja": "E mirë",
    "KordinataX": 21.16526,
    "KordinataY": 42.66022,
    "Photo": ""
  },
  {
    "id": 510044,
    "Lloji": "Gjethërënës",
    "Lartesi": "I lartë (> 3m)",
    "Gjendja": "E mirë",
    "KordinataX": 21.16513,
    "KordinataY": 42.66032,
    "Photo": ""
  },
  {
    "id": 510045,
    "Lloji": "Gjethërënës",
    "Lartesi": "I lartë (> 3m)",
    "Gjendja": "E mirë",
    "KordinataX": 21.16557,
    "KordinataY": 42.66019,
    "Photo": ""
  },
  {
    "id": 510046,
    "Lloji": "Gjethërënës",
    "Lartesi": "I lartë (> 3m)",
    "Gjendja": "E mirë",
    "KordinataX": 21.16564,
    "KordinataY": 42.66026,
    "Photo": ""
  },
  {
    "id": 510047,
    "Lloji": "Gjethërënës",
    "Lartesi": "I lartë (> 3m)",
    "Gjendja": "E mirë",
    "KordinataX": 21.16584,
    "KordinataY": 42.66024,
    "Photo": ""
  },
  {
    "id": 510048,
    "Lloji": "Gjethërënës",
    "Lartesi": "I lartë (> 3m)",
    "Gjendja": "E mirë",
    "KordinataX": 21.16495,
    "KordinataY": 42.66012,
    "Photo": ""
  },
  {
    "id": 510049,
    "Lloji": "Gjethërënës",
    "Lartesi": "I lartë (> 3m)",
    "Gjendja": "E mirë",
    "KordinataX": 21.16495,
    "KordinataY": 42.66007,
    "Photo": ""
  },
  {
    "id": 510050,
    "Lloji": "Gjethërënës",
    "Lartesi": "I lartë (> 3m)",
    "Gjendja": "E mirë",
    "KordinataX": 21.16494,
    "KordinataY": 42.66003,
    "Photo": ""
  },
  {
    "id": 510051,
    "Lloji": "Gjethërënës",
    "Lartesi": "I lartë (> 3m)",
    "Gjendja": "E mirë",
    "KordinataX": 21.16493,
    "KordinataY": 42.66,
    "Photo": ""
  },
  {
    "id": 510052,
    "Lloji": "Gjethërënës",
    "Lartesi": "I lartë (> 3m)",
    "Gjendja": "E mirë",
    "KordinataX": 21.165,
    "KordinataY": 42.66,
    "Photo": ""
  },
  {
    "id": 510053,
    "Lloji": "Gjethërënës",
    "Lartesi": "I lartë (> 3m)",
    "Gjendja": "E mirë",
    "KordinataX": 21.16499,
    "KordinataY": 42.65996,
    "Photo": ""
  },
  {
    "id": 510054,
    "Lloji": "Gjethërënës",
    "Lartesi": "I ulët (< 1m)",
    "Gjendja": "E mirë",
    "KordinataX": 21.16499,
    "KordinataY": 42.65998,
    "Photo": ""
  },
  {
    "id": 510055,
    "Lloji": "Gjethërënës",
    "Lartesi": "I ulët (< 1m)",
    "Gjendja": "E mirë",
    "KordinataX": 21.16501,
    "KordinataY": 42.65998,
    "Photo": ""
  },
  {
    "id": 510056,
    "Lloji": "Gjethëmbajtës",
    "Lartesi": "I lartë (> 3m)",
    "Gjendja": "E mirë",
    "KordinataX": 21.16498,
    "KordinataY": 42.65992,
    "Photo": ""
  },
  {
    "id": 510059,
    "Lloji": "Gjethërënës",
    "Lartesi": "I lartë (> 3m)",
    "Gjendja": "E mirë",
    "KordinataX": 21.16496,
    "KordinataY": 42.65977,
    "Photo": ""
  },
  {
    "id": 510060,
    "Lloji": "Gjethërënës",
    "Lartesi": "I lartë (> 3m)",
    "Gjendja": "E mirë",
    "KordinataX": 21.1649,
    "KordinataY": 42.65976,
    "Photo": ""
  },
  {
    "id": 510061,
    "Lloji": "Gjethërënës",
    "Lartesi": "I lartë (> 3m)",
    "Gjendja": "E mirë",
    "KordinataX": 21.16489,
    "KordinataY": 42.65972,
    "Photo": ""
  },
  {
    "id": 510062,
    "Lloji": "Gjethërënës",
    "Lartesi": "I lartë (> 3m)",
    "Gjendja": "E mirë",
    "KordinataX": 21.16488,
    "KordinataY": 42.65967,
    "Photo": ""
  },
  {
    "id": 510063,
    "Lloji": "Gjethërënës",
    "Lartesi": "I lartë (> 3m)",
    "Gjendja": "E mirë",
    "KordinataX": 21.16487,
    "KordinataY": 42.65964,
    "Photo": ""
  },
  {
    "id": 510064,
    "Lloji": "Gjethërënës",
    "Lartesi": "I lartë (> 3m)",
    "Gjendja": "E mirë",
    "KordinataX": 21.16486,
    "KordinataY": 42.6596,
    "Photo": ""
  },
  {
    "id": 510065,
    "Lloji": "Gjethërënës",
    "Lartesi": "I lartë (> 3m)",
    "Gjendja": "E mirë",
    "KordinataX": 21.16485,
    "KordinataY": 42.65956,
    "Photo": ""
  },
  {
    "id": 510066,
    "Lloji": "Gjethërënës",
    "Lartesi": "I lartë (> 3m)",
    "Gjendja": "E mirë",
    "KordinataX": 21.16483,
    "KordinataY": 42.6595,
    "Photo": ""
  },
  {
    "id": 510067,
    "Lloji": "Gjethëmbajtës",
    "Lartesi": "I lartë (> 3m)",
    "Gjendja": "E mirë",
    "KordinataX": 21.16481,
    "KordinataY": 42.65946,
    "Photo": ""
  },
  {
    "id": 510068,
    "Lloji": "Gjethërënës",
    "Lartesi": "I lartë (> 3m)",
    "Gjendja": "E mirë",
    "KordinataX": 21.1648,
    "KordinataY": 42.65941,
    "Photo": ""
  },
  {
    "id": 510069,
    "Lloji": "Gjethërënës",
    "Lartesi": "I lartë (> 3m)",
    "Gjendja": "E mirë",
    "KordinataX": 21.16479,
    "KordinataY": 42.65936,
    "Photo": ""
  },
  {
    "id": 510070,
    "Lloji": "Gjethërënës",
    "Lartesi": "I mesëm (1 - 3m)",
    "Gjendja": "E mirë",
    "KordinataX": 21.16491,
    "KordinataY": 42.65963,
    "Photo": ""
  },
  {
    "id": 510071,
    "Lloji": "Gjethërënës",
    "Lartesi": "I mesëm (1 - 3m)",
    "Gjendja": "E mirë",
    "KordinataX": 21.1649,
    "KordinataY": 42.65949,
    "Photo": ""
  },
  {
    "id": 510072,
    "Lloji": "Gjethërënës",
    "Lartesi": "I mesëm (1 - 3m)",
    "Gjendja": "E mirë",
    "KordinataX": 21.16488,
    "KordinataY": 42.65941,
    "Photo": ""
  },
  {
    "id": 510073,
    "Lloji": "Gjethërënës",
    "Lartesi": "I mesëm (1 - 3m)",
    "Gjendja": "E mirë",
    "KordinataX": 21.16484,
    "KordinataY": 42.65937,
    "Photo": ""
  },
  {
    "id": 510074,
    "Lloji": "Gjethërënës",
    "Lartesi": "I mesëm (1 - 3m)",
    "Gjendja": "E mirë",
    "KordinataX": 21.16506,
    "KordinataY": 42.65966,
    "Photo": ""
  },
  {
    "id": 510075,
    "Lloji": "Gjethërënës",
    "Lartesi": "I mesëm (1 - 3m)",
    "Gjendja": "E mirë",
    "KordinataX": 21.16515,
    "KordinataY": 42.65963,
    "Photo": ""
  },
  {
    "id": 510096,
    "Lloji": "Gjethërënës",
    "Lartesi": "I lartë (> 3m)",
    "Gjendja": "E mirë",
    "KordinataX": 21.16549,
    "KordinataY": 42.65979,
    "Photo": ""
  },
  {
    "id": 510097,
    "Lloji": "Gjethërënës",
    "Lartesi": "I lartë (> 3m)",
    "Gjendja": "E mirë",
    "KordinataX": 21.16556,
    "KordinataY": 42.65978,
    "Photo": ""
  },
  {
    "id": 510098,
    "Lloji": "Gjethërënës",
    "Lartesi": "I lartë (> 3m)",
    "Gjendja": "E mirë",
    "KordinataX": 21.16569,
    "KordinataY": 42.65976,
    "Photo": ""
  },
  {
    "id": 510099,
    "Lloji": "Gjethërënës",
    "Lartesi": "I lartë (> 3m)",
    "Gjendja": "E mirë",
    "KordinataX": 21.1657,
    "KordinataY": 42.65972,
    "Photo": ""
  },
  {
    "id": 510100,
    "Lloji": "Gjethërënës",
    "Lartesi": "I lartë (> 3m)",
    "Gjendja": "E mirë",
    "KordinataX": 21.16581,
    "KordinataY": 42.65971,
    "Photo": ""
  },
  {
    "id": 510101,
    "Lloji": "Gjethërënës",
    "Lartesi": "I lartë (> 3m)",
    "Gjendja": "E mirë",
    "KordinataX": 21.16592,
    "KordinataY": 42.65973,
    "Photo": ""
  },
  {
    "id": 510102,
    "Lloji": "Gjethërënës",
    "Lartesi": "I lartë (> 3m)",
    "Gjendja": "E mirë",
    "KordinataX": 21.16601,
    "KordinataY": 42.65977,
    "Photo": ""
  },
  {
    "id": 510103,
    "Lloji": "Gjethëmbajtës",
    "Lartesi": "I ulët (< 1m)",
    "Gjendja": "E mirë",
    "KordinataX": 21.16609,
    "KordinataY": 42.65982,
    "Photo": ""
  },
  {
    "id": 510104,
    "Lloji": "Gjethëmbajtës",
    "Lartesi": "I ulët (< 1m)",
    "Gjendja": "E mirë",
    "KordinataX": 21.1661,
    "KordinataY": 42.65985,
    "Photo": ""
  },
  {
    "id": 510105,
    "Lloji": "Gjethëmbajtës",
    "Lartesi": "I ulët (< 1m)",
    "Gjendja": "E mirë",
    "KordinataX": 21.1661,
    "KordinataY": 42.65986,
    "Photo": ""
  },
  {
    "id": 510106,
    "Lloji": "Gjethëmbajtës",
    "Lartesi": "I ulët (< 1m)",
    "Gjendja": "E mirë",
    "KordinataX": 21.1661,
    "KordinataY": 42.65988,
    "Photo": ""
  },
  {
    "id": 510107,
    "Lloji": "Gjethëmbajtës",
    "Lartesi": "I ulët (< 1m)",
    "Gjendja": "E mirë",
    "KordinataX": 21.16612,
    "KordinataY": 42.6599,
    "Photo": ""
  },
  {
    "id": 510108,
    "Lloji": "Gjethëmbajtës",
    "Lartesi": "I ulët (< 1m)",
    "Gjendja": "E mirë",
    "KordinataX": 21.16609,
    "KordinataY": 42.65981,
    "Photo": ""
  },
  {
    "id": 510111,
    "Lloji": "Gjethërënës",
    "Lartesi": "I lartë (> 3m)",
    "Gjendja": "E mirë",
    "KordinataX": 21.16594,
    "KordinataY": 42.65923,
    "Photo": ""
  },
  {
    "id": 510112,
    "Lloji": "Gjethërënës",
    "Lartesi": "I lartë (> 3m)",
    "Gjendja": "E mirë",
    "KordinataX": 21.16592,
    "KordinataY": 42.65916,
    "Photo": ""
  },
  {
    "id": 510113,
    "Lloji": "Gjethërënës",
    "Lartesi": "I lartë (> 3m)",
    "Gjendja": "E mirë",
    "KordinataX": 21.16593,
    "KordinataY": 42.6591,
    "Photo": ""
  },
  {
    "id": 510114,
    "Lloji": "Gjethërënës",
    "Lartesi": "I ulët (< 1m)",
    "Gjendja": "E mirë",
    "KordinataX": 21.16578,
    "KordinataY": 42.65942,
    "Photo": ""
  },
  {
    "id": 510115,
    "Lloji": "Gjethërënës",
    "Lartesi": "I ulët (< 1m)",
    "Gjendja": "E mirë",
    "KordinataX": 21.16574,
    "KordinataY": 42.65926,
    "Photo": ""
  },
  {
    "id": 510116,
    "Lloji": "Gjethërënës",
    "Lartesi": "I ulët (< 1m)",
    "Gjendja": "E mirë",
    "KordinataX": 21.16573,
    "KordinataY": 42.65918,
    "Photo": ""
  },
  {
    "id": 510117,
    "Lloji": "Gjethërënës",
    "Lartesi": "I ulët (< 1m)",
    "Gjendja": "E mirë",
    "KordinataX": 21.16571,
    "KordinataY": 42.65914,
    "Photo": ""
  },
  {
    "id": 510118,
    "Lloji": "Gjethërënës",
    "Lartesi": "I ulët (< 1m)",
    "Gjendja": "E mirë",
    "KordinataX": 21.16558,
    "KordinataY": 42.65949,
    "Photo": ""
  },
  {
    "id": 510119,
    "Lloji": "Gjethërënës",
    "Lartesi": "I ulët (< 1m)",
    "Gjendja": "E mirë",
    "KordinataX": 21.16556,
    "KordinataY": 42.65945,
    "Photo": ""
  },
  {
    "id": 510120,
    "Lloji": "Gjethërënës",
    "Lartesi": "I ulët (< 1m)",
    "Gjendja": "E mirë",
    "KordinataX": 21.16555,
    "KordinataY": 42.65942,
    "Photo": ""
  },
  {
    "id": 510121,
    "Lloji": "Gjethërënës",
    "Lartesi": "I ulët (< 1m)",
    "Gjendja": "E mirë",
    "KordinataX": 21.16554,
    "KordinataY": 42.65937,
    "Photo": ""
  },
  {
    "id": 510122,
    "Lloji": "Gjethërënës",
    "Lartesi": "I ulët (< 1m)",
    "Gjendja": "E mirë",
    "KordinataX": 21.16554,
    "KordinataY": 42.65933,
    "Photo": ""
  },
  {
    "id": 510123,
    "Lloji": "Gjethërënës",
    "Lartesi": "I ulët (< 1m)",
    "Gjendja": "E mirë",
    "KordinataX": 21.16552,
    "KordinataY": 42.65929,
    "Photo": ""
  },
  {
    "id": 510124,
    "Lloji": "Gjethërënës",
    "Lartesi": "I ulët (< 1m)",
    "Gjendja": "E mirë",
    "KordinataX": 21.16551,
    "KordinataY": 42.65925,
    "Photo": ""
  },
  {
    "id": 510125,
    "Lloji": "Gjethërënës",
    "Lartesi": "I ulët (< 1m)",
    "Gjendja": "E mirë",
    "KordinataX": 21.1655,
    "KordinataY": 42.6592,
    "Photo": ""
  },
  {
    "id": 510126,
    "Lloji": "Gjethërënës",
    "Lartesi": "I ulët (< 1m)",
    "Gjendja": "E mirë",
    "KordinataX": 21.16549,
    "KordinataY": 42.65916,
    "Photo": ""
  },
  {
    "id": 510127,
    "Lloji": "Gjethërënës",
    "Lartesi": "I ulët (< 1m)",
    "Gjendja": "E mirë",
    "KordinataX": 21.16548,
    "KordinataY": 42.65912,
    "Photo": ""
  },
  {
    "id": 510128,
    "Lloji": "Gjethërënës",
    "Lartesi": "I lartë (> 3m)",
    "Gjendja": "E mirë",
    "KordinataX": 21.1653,
    "KordinataY": 42.65914,
    "Photo": ""
  },
  {
    "id": 510129,
    "Lloji": "Gjethërënës",
    "Lartesi": "I lartë (> 3m)",
    "Gjendja": "E mirë",
    "KordinataX": 21.16522,
    "KordinataY": 42.65915,
    "Photo": ""
  },
  {
    "id": 510130,
    "Lloji": "Gjethërënës",
    "Lartesi": "I lartë (> 3m)",
    "Gjendja": "E mirë",
    "KordinataX": 21.16515,
    "KordinataY": 42.65916,
    "Photo": ""
  },
  {
    "id": 510131,
    "Lloji": "Gjethërënës",
    "Lartesi": "I lartë (> 3m)",
    "Gjendja": "E mirë",
    "KordinataX": 21.16506,
    "KordinataY": 42.65917,
    "Photo": ""
  },
  {
    "id": 510132,
    "Lloji": "Gjethërënës",
    "Lartesi": "I lartë (> 3m)",
    "Gjendja": "E mirë",
    "KordinataX": 21.16495,
    "KordinataY": 42.65918,
    "Photo": ""
  },
  {
    "id": 510133,
    "Lloji": "Gjethëmbajtës",
    "Lartesi": "I lartë (> 3m)",
    "Gjendja": "E mirë",
    "KordinataX": 21.16519,
    "KordinataY": 42.65916,
    "Photo": ""
  },
  {
    "id": 510134,
    "Lloji": "Gjethëmbajtës",
    "Lartesi": "I lartë (> 3m)",
    "Gjendja": "E mirë",
    "KordinataX": 21.1651,
    "KordinataY": 42.65916,
    "Photo": ""
  },
  {
    "id": 510135,
    "Lloji": "Gjethërënës",
    "Lartesi": "I lartë (> 3m)",
    "Gjendja": "E mirë",
    "KordinataX": 21.16517,
    "KordinataY": 42.65922,
    "Photo": ""
  },
  {
    "id": 510136,
    "Lloji": "Gjethërënës",
    "Lartesi": "I lartë (> 3m)",
    "Gjendja": "E mirë",
    "KordinataX": 21.16509,
    "KordinataY": 42.65922,
    "Photo": ""
  },
  {
    "id": 510137,
    "Lloji": "Gjethërënës",
    "Lartesi": "I lartë (> 3m)",
    "Gjendja": "E mirë",
    "KordinataX": 21.16597,
    "KordinataY": 42.65912,
    "Photo": ""
  },
  {
    "id": 510163,
    "Lloji": "Gjethërënës",
    "Lartesi": "I mesëm (1 - 3m)",
    "Gjendja": "E mirë",
    "KordinataX": 21.16603,
    "KordinataY": 42.65906,
    "Photo": ""
  },
  {
    "id": 510164,
    "Lloji": "Gjethërënës",
    "Lartesi": "I lartë (> 3m)",
    "Gjendja": "E mirë",
    "KordinataX": 21.16607,
    "KordinataY": 42.65905,
    "Photo": ""
  },
  {
    "id": 510165,
    "Lloji": "Gjethërënës",
    "Lartesi": "I lartë (> 3m)",
    "Gjendja": "E mirë",
    "KordinataX": 21.16613,
    "KordinataY": 42.65905,
    "Photo": ""
  },
  {
    "id": 510166,
    "Lloji": "Gjethërënës",
    "Lartesi": "I lartë (> 3m)",
    "Gjendja": "E mirë",
    "KordinataX": 21.1662,
    "KordinataY": 42.65903,
    "Photo": ""
  },
  {
    "id": 510167,
    "Lloji": "Gjethërënës",
    "Lartesi": "I lartë (> 3m)",
    "Gjendja": "E mirë",
    "KordinataX": 21.16624,
    "KordinataY": 42.65903,
    "Photo": ""
  },
  {
    "id": 510168,
    "Lloji": "Gjethërënës",
    "Lartesi": "I lartë (> 3m)",
    "Gjendja": "E mirë",
    "KordinataX": 21.1663,
    "KordinataY": 42.65903,
    "Photo": ""
  },
  {
    "id": 510169,
    "Lloji": "Gjethërënës",
    "Lartesi": "I lartë (> 3m)",
    "Gjendja": "E mirë",
    "KordinataX": 21.16634,
    "KordinataY": 42.65903,
    "Photo": ""
  },
  {
    "id": 510170,
    "Lloji": "Gjethërënës",
    "Lartesi": "I lartë (> 3m)",
    "Gjendja": "E mirë",
    "KordinataX": 21.16637,
    "KordinataY": 42.65901,
    "Photo": ""
  },
  {
    "id": 510171,
    "Lloji": "Gjethërënës",
    "Lartesi": "I mesëm (1 - 3m)",
    "Gjendja": "E mirë",
    "KordinataX": 21.16627,
    "KordinataY": 42.65903,
    "Photo": ""
  },
  {
    "id": 510172,
    "Lloji": "Gjethërënës",
    "Lartesi": "I mesëm (1 - 3m)",
    "Gjendja": "E mirë",
    "KordinataX": 21.16611,
    "KordinataY": 42.65936,
    "Photo": ""
  },
  {
    "id": 510173,
    "Lloji": "Gjethërënës",
    "Lartesi": "I mesëm (1 - 3m)",
    "Gjendja": "E mirë",
    "KordinataX": 21.16617,
    "KordinataY": 42.65935,
    "Photo": ""
  },
  {
    "id": 510174,
    "Lloji": "Gjethërënës",
    "Lartesi": "I mesëm (1 - 3m)",
    "Gjendja": "E mirë",
    "KordinataX": 21.16623,
    "KordinataY": 42.65935,
    "Photo": ""
  },
  {
    "id": 510175,
    "Lloji": "Gjethërënës",
    "Lartesi": "I mesëm (1 - 3m)",
    "Gjendja": "E mirë",
    "KordinataX": 21.16627,
    "KordinataY": 42.65934,
    "Photo": ""
  },
  {
    "id": 510175,
    "Lloji": "Gjethërënës",
    "Lartesi": "I ulët (< 1m)",
    "Gjendja": "E mirë",
    "KordinataX": 21.16633,
    "KordinataY": 42.65933,
    "Photo": ""
  },
  {
    "id": 510176,
    "Lloji": "Gjethërënës",
    "Lartesi": "I ulët (< 1m)",
    "Gjendja": "E mirë",
    "KordinataX": 21.16637,
    "KordinataY": 42.65933,
    "Photo": ""
  },
  {
    "id": 510177,
    "Lloji": "Gjethërënës",
    "Lartesi": "I ulët (< 1m)",
    "Gjendja": "E mirë",
    "KordinataX": 21.1663,
    "KordinataY": 42.65933,
    "Photo": ""
  },
  {
    "id": 510178,
    "Lloji": "Gjethërënës",
    "Lartesi": "I ulët (< 1m)",
    "Gjendja": "E mirë",
    "KordinataX": 21.16624,
    "KordinataY": 42.65934,
    "Photo": ""
  },
  {
    "id": 510179,
    "Lloji": "Gjethërënës",
    "Lartesi": "I ulët (< 1m)",
    "Gjendja": "E mirë",
    "KordinataX": 21.16638,
    "KordinataY": 42.65935,
    "Photo": ""
  },
  {
    "id": 510180,
    "Lloji": "Gjethërënës",
    "Lartesi": "I ulët (< 1m)",
    "Gjendja": "E mirë",
    "KordinataX": 21.16639,
    "KordinataY": 42.65938,
    "Photo": ""
  },
  {
    "id": 510181,
    "Lloji": "Gjethërënës",
    "Lartesi": "I ulët (< 1m)",
    "Gjendja": "E mirë",
    "KordinataX": 21.16639,
    "KordinataY": 42.65939,
    "Photo": ""
  },
  {
    "id": 510182,
    "Lloji": "Gjethërënës",
    "Lartesi": "I ulët (< 1m)",
    "Gjendja": "E mirë",
    "KordinataX": 21.16635,
    "KordinataY": 42.65933,
    "Photo": ""
  },
  {
    "id": 510183,
    "Lloji": "Gjethërënës",
    "Lartesi": "I ulët (< 1m)",
    "Gjendja": "E mirë",
    "KordinataX": 21.16615,
    "KordinataY": 42.65936,
    "Photo": ""
  },
  {
    "id": 510184,
    "Lloji": "Gjethëmbajtës",
    "Lartesi": "I lartë (> 3m)",
    "Gjendja": "E mirë",
    "KordinataX": 21.16636,
    "KordinataY": 42.65939,
    "Photo": ""
  },
  {
    "id": 510185,
    "Lloji": "Gjethërënës",
    "Lartesi": "I lartë (> 3m)",
    "Gjendja": "E mirë",
    "KordinataX": 21.16634,
    "KordinataY": 42.65947,
    "Photo": ""
  },
  {
    "id": 510186,
    "Lloji": "Gjethëmbajtës",
    "Lartesi": "I ulët (< 1m)",
    "Gjendja": "E mirë",
    "KordinataX": 21.16627,
    "KordinataY": 42.65931,
    "Photo": ""
  },
  {
    "id": 510187,
    "Lloji": "Gjethëmbajtës",
    "Lartesi": "I ulët (< 1m)",
    "Gjendja": "E mirë",
    "KordinataX": 21.16626,
    "KordinataY": 42.65927,
    "Photo": ""
  },
  {
    "id": 510188,
    "Lloji": "Gjethëmbajtës",
    "Lartesi": "I ulët (< 1m)",
    "Gjendja": "E mirë",
    "KordinataX": 21.16625,
    "KordinataY": 42.65923,
    "Photo": ""
  },
  {
    "id": 510189,
    "Lloji": "Gjethëmbajtës",
    "Lartesi": "I ulët (< 1m)",
    "Gjendja": "E mirë",
    "KordinataX": 21.16624,
    "KordinataY": 42.65919,
    "Photo": ""
  },
  {
    "id": 510190,
    "Lloji": "Gjethëmbajtës",
    "Lartesi": "I ulët (< 1m)",
    "Gjendja": "E mirë",
    "KordinataX": 21.1662,
    "KordinataY": 42.65918,
    "Photo": ""
  },
  {
    "id": 510191,
    "Lloji": "Gjethëmbajtës",
    "Lartesi": "I ulët (< 1m)",
    "Gjendja": "E mirë",
    "KordinataX": 21.16616,
    "KordinataY": 42.65919,
    "Photo": ""
  },
  {
    "id": 510192,
    "Lloji": "Gjethëmbajtës",
    "Lartesi": "I ulët (< 1m)",
    "Gjendja": "E mirë",
    "KordinataX": 21.1661,
    "KordinataY": 42.65919,
    "Photo": ""
  },
  {
    "id": 510193,
    "Lloji": "Gjethërënës",
    "Lartesi": "I ulët (< 1m)",
    "Gjendja": "E mirë",
    "KordinataX": 21.1661,
    "KordinataY": 42.65923,
    "Photo": ""
  },
  {
    "id": 510194,
    "Lloji": "Gjethërënës",
    "Lartesi": "I ulët (< 1m)",
    "Gjendja": "E mirë",
    "KordinataX": 21.16611,
    "KordinataY": 42.65927,
    "Photo": ""
  },
  {
    "id": 510195,
    "Lloji": "Gjethëmbajtës",
    "Lartesi": "I ulët (< 1m)",
    "Gjendja": "E mirë",
    "KordinataX": 21.16612,
    "KordinataY": 42.65931,
    "Photo": ""
  },
  {
    "id": 510196,
    "Lloji": "Gjethëmbajtës",
    "Lartesi": "I ulët (< 1m)",
    "Gjendja": "E mirë",
    "KordinataX": 21.16616,
    "KordinataY": 42.65931,
    "Photo": ""
  },
  {
    "id": 510197,
    "Lloji": "Gjethëmbajtës",
    "Lartesi": "I ulët (< 1m)",
    "Gjendja": "E mirë",
    "KordinataX": 21.1662,
    "KordinataY": 42.65931,
    "Photo": ""
  },
  {
    "id": 510198,
    "Lloji": "Gjethëmbajtës",
    "Lartesi": "I ulët (< 1m)",
    "Gjendja": "E mirë",
    "KordinataX": 21.16624,
    "KordinataY": 42.65931,
    "Photo": ""
  },
  {
    "id": 510199,
    "Lloji": "Gjethëmbajtës",
    "Lartesi": "I ulët (< 1m)",
    "Gjendja": "E mirë",
    "KordinataX": 21.16614,
    "KordinataY": 42.65928,
    "Photo": ""
  },
  {
    "id": 510200,
    "Lloji": "Gjethëmbajtës",
    "Lartesi": "I ulët (< 1m)",
    "Gjendja": "E mirë",
    "KordinataX": 21.16614,
    "KordinataY": 42.65925,
    "Photo": ""
  },
  {
    "id": 510201,
    "Lloji": "Gjethëmbajtës",
    "Lartesi": "I ulët (< 1m)",
    "Gjendja": "E mirë",
    "KordinataX": 21.16614,
    "KordinataY": 42.65922,
    "Photo": ""
  },
  {
    "id": 510202,
    "Lloji": "Gjethëmbajtës",
    "Lartesi": "I ulët (< 1m)",
    "Gjendja": "E mirë",
    "KordinataX": 21.16616,
    "KordinataY": 42.65921,
    "Photo": ""
  },
  {
    "id": 510203,
    "Lloji": "Gjethëmbajtës",
    "Lartesi": "I ulët (< 1m)",
    "Gjendja": "E mirë",
    "KordinataX": 21.16621,
    "KordinataY": 42.65921,
    "Photo": ""
  },
  {
    "id": 510204,
    "Lloji": "Gjethëmbajtës",
    "Lartesi": "I ulët (< 1m)",
    "Gjendja": "E mirë",
    "KordinataX": 21.16622,
    "KordinataY": 42.65923,
    "Photo": ""
  },
  {
    "id": 510205,
    "Lloji": "Gjethëmbajtës",
    "Lartesi": "I ulët (< 1m)",
    "Gjendja": "E mirë",
    "KordinataX": 21.16622,
    "KordinataY": 42.65926,
    "Photo": ""
  },
  {
    "id": 510206,
    "Lloji": "Gjethëmbajtës",
    "Lartesi": "I ulët (< 1m)",
    "Gjendja": "E mirë",
    "KordinataX": 21.16621,
    "KordinataY": 42.65928,
    "Photo": ""
  },
  {
    "id": 510207,
    "Lloji": "Gjethëmbajtës",
    "Lartesi": "I ulët (< 1m)",
    "Gjendja": "E mirë",
    "KordinataX": 21.16617,
    "KordinataY": 42.65928,
    "Photo": ""
  },
  {
    "id": 510208,
    "Lloji": "Gjethëmbajtës",
    "Lartesi": "I ulët (< 1m)",
    "Gjendja": "E mirë",
    "KordinataX": 21.16617,
    "KordinataY": 42.65925,
    "Photo": ""
  },
  {
    "id": 510210,
    "Lloji": "Gjethërënës",
    "Lartesi": "I lartë (> 3m)",
    "Gjendja": "E mirë",
    "KordinataX": 21.16642,
    "KordinataY": 42.65981,
    "Photo": ""
  },
  {
    "id": 510211,
    "Lloji": "Gjethërënës",
    "Lartesi": "I lartë (> 3m)",
    "Gjendja": "E mirë",
    "KordinataX": 21.1664,
    "KordinataY": 42.65971,
    "Photo": ""
  },
  {
    "id": 510213,
    "Lloji": "Gjethërënës",
    "Lartesi": "I lartë (> 3m)",
    "Gjendja": "E mirë",
    "KordinataX": 21.16684,
    "KordinataY": 42.65984,
    "Photo": ""
  },
  {
    "id": 510214,
    "Lloji": "Gjethërënës",
    "Lartesi": "I lartë (> 3m)",
    "Gjendja": "E mirë",
    "KordinataX": 21.16696,
    "KordinataY": 42.65984,
    "Photo": ""
  },
  {
    "id": 510215,
    "Lloji": "Gjethërënës",
    "Lartesi": "I lartë (> 3m)",
    "Gjendja": "E mirë",
    "KordinataX": 21.16707,
    "KordinataY": 42.65983,
    "Photo": ""
  },
  {
    "id": 510216,
    "Lloji": "Gjethërënës",
    "Lartesi": "I lartë (> 3m)",
    "Gjendja": "E mirë",
    "KordinataX": 21.16711,
    "KordinataY": 42.65975,
    "Photo": ""
  },
  {
    "id": 510217,
    "Lloji": "Gjethërënës",
    "Lartesi": "I lartë (> 3m)",
    "Gjendja": "E mirë",
    "KordinataX": 21.16656,
    "KordinataY": 42.65919,
    "Photo": ""
  },
  {
    "id": 510218,
    "Lloji": "Gjethërënës",
    "Lartesi": "I lartë (> 3m)",
    "Gjendja": "E mirë",
    "KordinataX": 21.16666,
    "KordinataY": 42.65919,
    "Photo": ""
  },
  {
    "id": 510219,
    "Lloji": "Gjethërënës",
    "Lartesi": "I lartë (> 3m)",
    "Gjendja": "E mirë",
    "KordinataX": 21.16654,
    "KordinataY": 42.65904,
    "Photo": ""
  },
  {
    "id": 510220,
    "Lloji": "Gjethërënës",
    "Lartesi": "I lartë (> 3m)",
    "Gjendja": "E mirë",
    "KordinataX": 21.16659,
    "KordinataY": 42.65903,
    "Photo": ""
  },
  {
    "id": 510221,
    "Lloji": "Gjethërënës",
    "Lartesi": "I lartë (> 3m)",
    "Gjendja": "E mirë",
    "KordinataX": 21.16654,
    "KordinataY": 42.65899,
    "Photo": ""
  },
  {
    "id": 510222,
    "Lloji": "Gjethërënës",
    "Lartesi": "I lartë (> 3m)",
    "Gjendja": "E mirë",
    "KordinataX": 21.16658,
    "KordinataY": 42.65899,
    "Photo": ""
  },
  {
    "id": 510223,
    "Lloji": "Gjethërënës",
    "Lartesi": "I lartë (> 3m)",
    "Gjendja": "E mirë",
    "KordinataX": 21.16667,
    "KordinataY": 42.65899,
    "Photo": ""
  },
  {
    "id": 510224,
    "Lloji": "Gjethërënës",
    "Lartesi": "I lartë (> 3m)",
    "Gjendja": "E mirë",
    "KordinataX": 21.16674,
    "KordinataY": 42.659,
    "Photo": ""
  },
  {
    "id": 510225,
    "Lloji": "Gjethërënës",
    "Lartesi": "I lartë (> 3m)",
    "Gjendja": "E mirë",
    "KordinataX": 21.16686,
    "KordinataY": 42.65903,
    "Photo": ""
  },
  {
    "id": 510226,
    "Lloji": "Gjethërënës",
    "Lartesi": "I lartë (> 3m)",
    "Gjendja": "E mirë",
    "KordinataX": 21.16685,
    "KordinataY": 42.65898,
    "Photo": ""
  },
  {
    "id": 510227,
    "Lloji": "Gjethërënës",
    "Lartesi": "I lartë (> 3m)",
    "Gjendja": "E mirë",
    "KordinataX": 21.16693,
    "KordinataY": 42.65898,
    "Photo": ""
  },
  {
    "id": 510228,
    "Lloji": "Gjethërënës",
    "Lartesi": "I lartë (> 3m)",
    "Gjendja": "E mirë",
    "KordinataX": 21.16693,
    "KordinataY": 42.65901,
    "Photo": ""
  },
  {
    "id": 510229,
    "Lloji": "Gjethërënës",
    "Lartesi": "I lartë (> 3m)",
    "Gjendja": "E mirë",
    "KordinataX": 21.16701,
    "KordinataY": 42.65899,
    "Photo": ""
  },
  {
    "id": 510230,
    "Lloji": "Gjethëmbajtës",
    "Lartesi": "I lartë (> 3m)",
    "Gjendja": "E mirë",
    "KordinataX": 21.16713,
    "KordinataY": 42.65899,
    "Photo": ""
  },
  {
    "id": 510231,
    "Lloji": "Gjethëmbajtës",
    "Lartesi": "I lartë (> 3m)",
    "Gjendja": "E mirë",
    "KordinataX": 21.1672,
    "KordinataY": 42.65913,
    "Photo": ""
  },
  {
    "id": 510232,
    "Lloji": "Gjethëmbajtës",
    "Lartesi": "I lartë (> 3m)",
    "Gjendja": "E mirë",
    "KordinataX": 21.16721,
    "KordinataY": 42.65921,
    "Photo": ""
  },
  {
    "id": 510233,
    "Lloji": "Gjethëmbajtës",
    "Lartesi": "I lartë (> 3m)",
    "Gjendja": "E mirë",
    "KordinataX": 21.16722,
    "KordinataY": 42.65929,
    "Photo": ""
  },
  {
    "id": 510234,
    "Lloji": "Gjethëmbajtës",
    "Lartesi": "I lartë (> 3m)",
    "Gjendja": "E mirë",
    "KordinataX": 21.16728,
    "KordinataY": 42.65942,
    "Photo": ""
  },
  {
    "id": 510234,
    "Lloji": "Gjethërënës",
    "Lartesi": "I lartë (> 3m)",
    "Gjendja": "E mirë",
    "KordinataX": 21.16726,
    "KordinataY": 42.6594,
    "Photo": ""
  },
  {
    "id": 510235,
    "Lloji": "Gjethërënës",
    "Lartesi": "I lartë (> 3m)",
    "Gjendja": "E mirë",
    "KordinataX": 21.16728,
    "KordinataY": 42.65938,
    "Photo": ""
  },
  {
    "id": 510236,
    "Lloji": "Gjethërënës",
    "Lartesi": "I lartë (> 3m)",
    "Gjendja": "E mirë",
    "KordinataX": 21.16728,
    "KordinataY": 42.65929,
    "Photo": ""
  },
  {
    "id": 510237,
    "Lloji": "Gjethërënës",
    "Lartesi": "I lartë (> 3m)",
    "Gjendja": "E mirë",
    "KordinataX": 21.16728,
    "KordinataY": 42.6592,
    "Photo": ""
  },
  {
    "id": 510238,
    "Lloji": "Gjethërënës",
    "Lartesi": "I lartë (> 3m)",
    "Gjendja": "E mirë",
    "KordinataX": 21.16726,
    "KordinataY": 42.65913,
    "Photo": ""
  },
  {
    "id": 510239,
    "Lloji": "Gjethërënës",
    "Lartesi": "I lartë (> 3m)",
    "Gjendja": "E mirë",
    "KordinataX": 21.16723,
    "KordinataY": 42.65904,
    "Photo": ""
  },
  {
    "id": 510244,
    "Lloji": "Gjethërënës",
    "Lartesi": "I lartë (> 3m)",
    "Gjendja": "E mirë",
    "KordinataX": 21.16731,
    "KordinataY": 42.65947,
    "Photo": ""
  },
  {
    "id": 510245,
    "Lloji": "Gjethërënës",
    "Lartesi": "I lartë (> 3m)",
    "Gjendja": "E mirë",
    "KordinataX": 21.16737,
    "KordinataY": 42.65973,
    "Photo": ""
  },
  {
    "id": 510246,
    "Lloji": "Gjethërënës",
    "Lartesi": "I lartë (> 3m)",
    "Gjendja": "E mirë",
    "KordinataX": 21.16736,
    "KordinataY": 42.65969,
    "Photo": ""
  },
  {
    "id": 510247,
    "Lloji": "Gjethërënës",
    "Lartesi": "I lartë (> 3m)",
    "Gjendja": "E mirë",
    "KordinataX": 21.16736,
    "KordinataY": 42.65963,
    "Photo": ""
  },
  {
    "id": 510248,
    "Lloji": "Gjethërënës",
    "Lartesi": "I lartë (> 3m)",
    "Gjendja": "E mirë",
    "KordinataX": 21.16735,
    "KordinataY": 42.65959,
    "Photo": ""
  },
  {
    "id": 510250,
    "Lloji": "Gjethërënës",
    "Lartesi": "I lartë (> 3m)",
    "Gjendja": "E mirë",
    "KordinataX": 21.16709,
    "KordinataY": 42.65989,
    "Photo": ""
  },
  {
    "id": 510251,
    "Lloji": "Gjethërënës",
    "Lartesi": "I lartë (> 3m)",
    "Gjendja": "E mirë",
    "KordinataX": 21.1667,
    "KordinataY": 42.65997,
    "Photo": ""
  },
  {
    "id": 510252,
    "Lloji": "Gjethërënës",
    "Lartesi": "I lartë (> 3m)",
    "Gjendja": "E mirë",
    "KordinataX": 21.16652,
    "KordinataY": 42.66,
    "Photo": ""
  },
  {
    "id": 510253,
    "Lloji": "Gjethërënës",
    "Lartesi": "I lartë (> 3m)",
    "Gjendja": "E mirë",
    "KordinataX": 21.16637,
    "KordinataY": 42.66004,
    "Photo": ""
  },
  {
    "id": 510254,
    "Lloji": "Gjethërënës",
    "Lartesi": "I lartë (> 3m)",
    "Gjendja": "E mirë",
    "KordinataX": 21.16616,
    "KordinataY": 42.66008,
    "Photo": ""
  },
  {
    "id": 510256,
    "Lloji": "Gjethërënës",
    "Lartesi": "I lartë (> 3m)",
    "Gjendja": "E mirë",
    "KordinataX": 21.16623,
    "KordinataY": 42.66017,
    "Photo": ""
  },
  {
    "id": 510257,
    "Lloji": "Gjethërënës",
    "Lartesi": "I lartë (> 3m)",
    "Gjendja": "E mirë",
    "KordinataX": 21.16625,
    "KordinataY": 42.66016,
    "Photo": ""
  },
  {
    "id": 510258,
    "Lloji": "Gjethërënës",
    "Lartesi": "I lartë (> 3m)",
    "Gjendja": "E mirë",
    "KordinataX": 21.16628,
    "KordinataY": 42.66016,
    "Photo": ""
  },
  {
    "id": 510259,
    "Lloji": "Gjethërënës",
    "Lartesi": "I lartë (> 3m)",
    "Gjendja": "E mirë",
    "KordinataX": 21.16631,
    "KordinataY": 42.66015,
    "Photo": ""
  },
  {
    "id": 510260,
    "Lloji": "Gjethërënës",
    "Lartesi": "I lartë (> 3m)",
    "Gjendja": "E mirë",
    "KordinataX": 21.1662,
    "KordinataY": 42.66019,
    "Photo": ""
  },
  {
    "id": 510261,
    "Lloji": "Gjethërënës",
    "Lartesi": "I lartë (> 3m)",
    "Gjendja": "E mirë",
    "KordinataX": 21.16621,
    "KordinataY": 42.66021,
    "Photo": ""
  },
  {
    "id": 510262,
    "Lloji": "Gjethërënës",
    "Lartesi": "I lartë (> 3m)",
    "Gjendja": "E mirë",
    "KordinataX": 21.16623,
    "KordinataY": 42.66022,
    "Photo": ""
  },
  {
    "id": 510263,
    "Lloji": "Gjethërënës",
    "Lartesi": "I lartë (> 3m)",
    "Gjendja": "E mirë",
    "KordinataX": 21.16623,
    "KordinataY": 42.6602,
    "Photo": ""
  },
  {
    "id": 510264,
    "Lloji": "Gjethërënës",
    "Lartesi": "I lartë (> 3m)",
    "Gjendja": "E mirë",
    "KordinataX": 21.16738,
    "KordinataY": 42.66011,
    "Photo": ""
  },
  {
    "id": 510265,
    "Lloji": "Gjethërënës",
    "Lartesi": "I lartë (> 3m)",
    "Gjendja": "E mirë",
    "KordinataX": 21.16737,
    "KordinataY": 42.66018,
    "Photo": ""
  },
  {
    "id": 510266,
    "Lloji": "Gjethërënës",
    "Lartesi": "I lartë (> 3m)",
    "Gjendja": "E mirë",
    "KordinataX": 21.16659,
    "KordinataY": 42.66073,
    "Photo": ""
  },
  {
    "id": 510267,
    "Lloji": "Gjethërënës",
    "Lartesi": "I lartë (> 3m)",
    "Gjendja": "E mirë",
    "KordinataX": 21.16651,
    "KordinataY": 42.66074,
    "Photo": ""
  },
  {
    "id": 510268,
    "Lloji": "Gjethërënës",
    "Lartesi": "I lartë (> 3m)",
    "Gjendja": "E mirë",
    "KordinataX": 21.16688,
    "KordinataY": 42.66067,
    "Photo": ""
  },
  {
    "id": 510269,
    "Lloji": "Gjethërënës",
    "Lartesi": "I lartë (> 3m)",
    "Gjendja": "E mirë",
    "KordinataX": 21.16698,
    "KordinataY": 42.66065,
    "Photo": ""
  },
  {
    "id": 510270,
    "Lloji": "Gjethërënës",
    "Lartesi": "I lartë (> 3m)",
    "Gjendja": "E mirë",
    "KordinataX": 21.16661,
    "KordinataY": 42.66045,
    "Photo": ""
  },
  {
    "id": 510271,
    "Lloji": "Gjethërënës",
    "Lartesi": "I lartë (> 3m)",
    "Gjendja": "E mirë",
    "KordinataX": 21.16624,
    "KordinataY": 42.66076,
    "Photo": ""
  },
  {
    "id": 510272,
    "Lloji": "Gjethërënës",
    "Lartesi": "I lartë (> 3m)",
    "Gjendja": "E mirë",
    "KordinataX": 21.16628,
    "KordinataY": 42.66075,
    "Photo": ""
  },
  {
    "id": 510273,
    "Lloji": "Gjethërënës",
    "Lartesi": "I lartë (> 3m)",
    "Gjendja": "E mirë",
    "KordinataX": 21.16621,
    "KordinataY": 42.66073,
    "Photo": ""
  },
  {
    "id": 510274,
    "Lloji": "Gjethërënës",
    "Lartesi": "I lartë (> 3m)",
    "Gjendja": "E mirë",
    "KordinataX": 21.16624,
    "KordinataY": 42.66073,
    "Photo": ""
  },
  {
    "id": 510275,
    "Lloji": "Gjethërënës",
    "Lartesi": "I lartë (> 3m)",
    "Gjendja": "E mirë",
    "KordinataX": 21.16621,
    "KordinataY": 42.6607,
    "Photo": ""
  },
  {
    "id": 510276,
    "Lloji": "Gjethërënës",
    "Lartesi": "I lartë (> 3m)",
    "Gjendja": "E mirë",
    "KordinataX": 21.16624,
    "KordinataY": 42.66069,
    "Photo": ""
  },
  {
    "id": 510277,
    "Lloji": "Gjethërënës",
    "Lartesi": "I lartë (> 3m)",
    "Gjendja": "E mirë",
    "KordinataX": 21.16626,
    "KordinataY": 42.66072,
    "Photo": ""
  },
  {
    "id": 510278,
    "Lloji": "Gjethërënës",
    "Lartesi": "I lartë (> 3m)",
    "Gjendja": "E mirë",
    "KordinataX": 21.16621,
    "KordinataY": 42.66067,
    "Photo": ""
  },
  {
    "id": 510279,
    "Lloji": "Gjethërënës",
    "Lartesi": "I lartë (> 3m)",
    "Gjendja": "E mirë",
    "KordinataX": 21.16587,
    "KordinataY": 42.6609,
    "Photo": ""
  },
  {
    "id": 5100280,
    "Lloji": "Gjethërënës",
    "Lartesi": "I lartë (> 3m)",
    "Gjendja": "E mirë",
    "KordinataX": 21.16546,
    "KordinataY": 42.66095,
    "Photo": ""
  },
  {
    "id": 5100281,
    "Lloji": "Gjethërënës",
    "Lartesi": "I lartë (> 3m)",
    "Gjendja": "E mirë",
    "KordinataX": 21.16544,
    "KordinataY": 42.66092,
    "Photo": ""
  },
  {
    "id": 5100282,
    "Lloji": "Gjethërënës",
    "Lartesi": "I lartë (> 3m)",
    "Gjendja": "E mirë",
    "KordinataX": 21.16539,
    "KordinataY": 42.6608,
    "Photo": ""
  },
  {
    "id": 5100283,
    "Lloji": "Gjethërënës",
    "Lartesi": "I lartë (> 3m)",
    "Gjendja": "E mirë",
    "KordinataX": 21.16594,
    "KordinataY": 42.6604,
    "Photo": ""
  }
]