[
  {
    "id": 22002,
    "Lloji": "Gjethërënës",
    "Lartesi": "I lartë (> 3m)",
    "Gjendja": "E mirë",
    "KordinataX": 21.16428,
    "KordinataY": 42.65899,
    "Photo": ""
  },
  {
    "id": 22003,
    "Lloji": "Gjethërënës",
    "Lartesi": "I lartë (> 3m)",
    "Gjendja": "E mirë",
    "KordinataX": 21.16415,
    "KordinataY": 42.65897,
    "Photo": ""
  },
  {
    "id": 22004,
    "Lloji": "Gjethërënës",
    "Lartesi": "I lartë (> 3m)",
    "Gjendja": "E mirë",
    "KordinataX": 21.16406,
    "KordinataY": 42.65895,
    "Photo": ""
  },
  {
    "id": 22005,
    "Lloji": "Gjethërënës",
    "Lartesi": "I lartë (> 3m)",
    "Gjendja": "E mirë",
    "KordinataX": 21.16396,
    "KordinataY": 42.65894,
    "Photo": ""
  },
  {
    "id": 22006,
    "Lloji": "Gjethërënës",
    "Lartesi": "I lartë (> 3m)",
    "Gjendja": "E mirë",
    "KordinataX": 21.16383,
    "KordinataY": 42.65891,
    "Photo": ""
  },
  {
    "id": 220007,
    "Lloji": "Gjethërënës",
    "Lartesi": "I lartë (> 3m)",
    "Gjendja": "E mirë",
    "KordinataX": 21.16374,
    "KordinataY": 42.65891,
    "Photo": ""
  },
  {
    "id": 220008,
    "Lloji": "Gjethërënës",
    "Lartesi": "I lartë (> 3m)",
    "Gjendja": "E mirë",
    "KordinataX": 21.16368,
    "KordinataY": 42.6589,
    "Photo": ""
  },
  {
    "id": 22009,
    "Lloji": "Gjethërënës",
    "Lartesi": "I lartë (> 3m)",
    "Gjendja": "E mirë",
    "KordinataX": 21.16355,
    "KordinataY": 42.65886,
    "Photo": ""
  },
  {
    "id": 22010,
    "Lloji": "Gjethërënës",
    "Lartesi": "I lartë (> 3m)",
    "Gjendja": "E mirë",
    "KordinataX": 21.16361,
    "KordinataY": 42.65888,
    "Photo": ""
  },
  {
    "id": 220011,
    "Lloji": "Gjethërënës",
    "Lartesi": "I mesëm (1 - 3m)",
    "Gjendja": "E mirë",
    "KordinataX": 21.16421,
    "KordinataY": 42.65885,
    "Photo": ""
  },
  {
    "id": 220012,
    "Lloji": "Gjethërënës",
    "Lartesi": "I mesëm (1 - 3m)",
    "Gjendja": "E mirë",
    "KordinataX": 21.16401,
    "KordinataY": 42.65883,
    "Photo": ""
  },
  {
    "id": 220013,
    "Lloji": "Gjethërënës",
    "Lartesi": "I mesëm (1 - 3m)",
    "Gjendja": "E mirë",
    "KordinataX": 21.16382,
    "KordinataY": 42.65881,
    "Photo": ""
  },
  {
    "id": 220014,
    "Lloji": "Gjethërënës",
    "Lartesi": "I mesëm (1 - 3m)",
    "Gjendja": "E mirë",
    "KordinataX": 21.16368,
    "KordinataY": 42.65879,
    "Photo": ""
  },
  {
    "id": 220015,
    "Lloji": "Gjethërënës",
    "Lartesi": "I mesëm (1 - 3m)",
    "Gjendja": "E mirë",
    "KordinataX": 21.16347,
    "KordinataY": 42.65877,
    "Photo": ""
  },
  {
    "id": 220016,
    "Lloji": "Gjethërënës",
    "Lartesi": "I lartë (> 3m)",
    "Gjendja": "E mirë",
    "KordinataX": 21.16342,
    "KordinataY": 42.65885,
    "Photo": ""
  },
  {
    "id": 220017,
    "Lloji": "Gjethërënës",
    "Lartesi": "I lartë (> 3m)",
    "Gjendja": "E mirë",
    "KordinataX": 21.16331,
    "KordinataY": 42.65881,
    "Photo": ""
  },
  {
    "id": 220018,
    "Lloji": "Gjethërënës",
    "Lartesi": "I lartë (> 3m)",
    "Gjendja": "E mirë",
    "KordinataX": 21.16317,
    "KordinataY": 42.65875,
    "Photo": ""
  },
  {
    "id": 220019,
    "Lloji": "Gjethërënës",
    "Lartesi": "I lartë (> 3m)",
    "Gjendja": "E mirë",
    "KordinataX": 21.16302,
    "KordinataY": 42.65865,
    "Photo": ""
  },
  {
    "id": 220020,
    "Lloji": "Gjethërënës",
    "Lartesi": "I lartë (> 3m)",
    "Gjendja": "E mirë",
    "KordinataX": 21.16292,
    "KordinataY": 42.65854,
    "Photo": ""
  },
  {
    "id": 220021,
    "Lloji": "Gjethërënës",
    "Lartesi": "I lartë (> 3m)",
    "Gjendja": "E mirë",
    "KordinataX": 21.1628,
    "KordinataY": 42.65843,
    "Photo": ""
  },
  {
    "id": 220022,
    "Lloji": "Gjethërënës",
    "Lartesi": "I lartë (> 3m)",
    "Gjendja": "E mirë",
    "KordinataX": 21.16269,
    "KordinataY": 42.65834,
    "Photo": ""
  },
  {
    "id": 220023,
    "Lloji": "Gjethërënës",
    "Lartesi": "I lartë (> 3m)",
    "Gjendja": "E mirë",
    "KordinataX": 21.16262,
    "KordinataY": 42.65827,
    "Photo": ""
  },
  {
    "id": 220024,
    "Lloji": "Gjethërënës",
    "Lartesi": "I lartë (> 3m)",
    "Gjendja": "E mirë",
    "KordinataX": 21.1625,
    "KordinataY": 42.65815,
    "Photo": ""
  },
  {
    "id": 220025,
    "Lloji": "Gjethërënës",
    "Lartesi": "I lartë (> 3m)",
    "Gjendja": "E mirë",
    "KordinataX": 21.16241,
    "KordinataY": 42.65807,
    "Photo": ""
  },
  {
    "id": 220026,
    "Lloji": "Gjethërënës",
    "Lartesi": "I lartë (> 3m)",
    "Gjendja": "E mirë",
    "KordinataX": 21.16231,
    "KordinataY": 42.65797,
    "Photo": ""
  },
  {
    "id": 220027,
    "Lloji": "Gjethërënës",
    "Lartesi": "I ulët (< 1m)",
    "Gjendja": "E mirë",
    "KordinataX": 21.16307,
    "KordinataY": 42.65866,
    "Photo": "DCIM/20190418113549334.jpg"
  },
  {
    "id": 220028,
    "Lloji": "Gjethërënës",
    "Lartesi": "I ulët (< 1m)",
    "Gjendja": "Jo e mirë",
    "KordinataX": 21.16284,
    "KordinataY": 42.65836,
    "Photo": "DCIM/20190418114138673.jpg"
  },
  {
    "id": 220029,
    "Lloji": "Gjethëmbajtës",
    "Lartesi": "I lartë (> 3m)",
    "Gjendja": "E mirë",
    "KordinataX": 21.16282,
    "KordinataY": 42.65824,
    "Photo": ""
  },
  {
    "id": 220030,
    "Lloji": "Gjethërënës",
    "Lartesi": "I lartë (> 3m)",
    "Gjendja": "E mirë",
    "KordinataX": 21.16283,
    "KordinataY": 42.65817,
    "Photo": ""
  },
  {
    "id": 220031,
    "Lloji": "Gjethërënës",
    "Lartesi": "I lartë (> 3m)",
    "Gjendja": "E mirë",
    "KordinataX": 21.1628,
    "KordinataY": 42.65808,
    "Photo": ""
  },
  {
    "id": 220032,
    "Lloji": "Gjethërënës",
    "Lartesi": "I lartë (> 3m)",
    "Gjendja": "E mirë",
    "KordinataX": 21.1628,
    "KordinataY": 42.65799,
    "Photo": ""
  },
  {
    "id": 220033,
    "Lloji": "Gjethërënës",
    "Lartesi": "I lartë (> 3m)",
    "Gjendja": "E mirë",
    "KordinataX": 21.16281,
    "KordinataY": 42.65792,
    "Photo": ""
  },
  {
    "id": 220034,
    "Lloji": "Gjethërënës",
    "Lartesi": "I lartë (> 3m)",
    "Gjendja": "E mirë",
    "KordinataX": 21.1628,
    "KordinataY": 42.65781,
    "Photo": ""
  },
  {
    "id": 220035,
    "Lloji": "Gjethëmbajtës",
    "Lartesi": "I lartë (> 3m)",
    "Gjendja": "E mirë",
    "KordinataX": 21.16292,
    "KordinataY": 42.65836,
    "Photo": ""
  },
  {
    "id": 220036,
    "Lloji": "Gjethëmbajtës",
    "Lartesi": "I lartë (> 3m)",
    "Gjendja": "E mirë",
    "KordinataX": 21.16273,
    "KordinataY": 42.65814,
    "Photo": ""
  },
  {
    "id": 220037,
    "Lloji": "Gjethëmbajtës",
    "Lartesi": "I lartë (> 3m)",
    "Gjendja": "E mirë",
    "KordinataX": 21.16269,
    "KordinataY": 42.65807,
    "Photo": ""
  },
  {
    "id": 220038,
    "Lloji": "Gjethëmbajtës",
    "Lartesi": "I lartë (> 3m)",
    "Gjendja": "E mirë",
    "KordinataX": 21.16264,
    "KordinataY": 42.65799,
    "Photo": ""
  },
  {
    "id": 220039,
    "Lloji": "Gjethëmbajtës",
    "Lartesi": "I lartë (> 3m)",
    "Gjendja": "E mirë",
    "KordinataX": 21.16259,
    "KordinataY": 42.65793,
    "Photo": ""
  },
  {
    "id": 220040,
    "Lloji": "Gjethëmbajtës",
    "Lartesi": "I lartë (> 3m)",
    "Gjendja": "E mirë",
    "KordinataX": 21.16255,
    "KordinataY": 42.65786,
    "Photo": ""
  },
  {
    "id": 220041,
    "Lloji": "Gjethërënës",
    "Lartesi": "I lartë (> 3m)",
    "Gjendja": "E mirë",
    "KordinataX": 21.16252,
    "KordinataY": 42.65782,
    "Photo": ""
  },
  {
    "id": 220042,
    "Lloji": "Gjethërënës",
    "Lartesi": "I mesëm (1 - 3m)",
    "Gjendja": "E mirë",
    "KordinataX": 21.16274,
    "KordinataY": 42.6583,
    "Photo": ""
  },
  {
    "id": 220043,
    "Lloji": "Gjethërënës",
    "Lartesi": "I mesëm (1 - 3m)",
    "Gjendja": "E mirë",
    "KordinataX": 21.16274,
    "KordinataY": 42.65825,
    "Photo": ""
  },
  {
    "id": 220044,
    "Lloji": "Gjethërënës",
    "Lartesi": "I mesëm (1 - 3m)",
    "Gjendja": "E mirë",
    "KordinataX": 21.16274,
    "KordinataY": 42.6582,
    "Photo": ""
  },
  {
    "id": 220045,
    "Lloji": "Gjethërënës",
    "Lartesi": "I ulët (< 1m)",
    "Gjendja": "E mirë",
    "KordinataX": 21.16274,
    "KordinataY": 42.65804,
    "Photo": ""
  },
  {
    "id": 220046,
    "Lloji": "Gjethërënës",
    "Lartesi": "I ulët (< 1m)",
    "Gjendja": "E mirë",
    "KordinataX": 21.16249,
    "KordinataY": 42.65814,
    "Photo": ""
  },
  {
    "id": 220047,
    "Lloji": "Gjethërënës",
    "Lartesi": "I ulët (< 1m)",
    "Gjendja": "E mirë",
    "KordinataX": 21.16235,
    "KordinataY": 42.65794,
    "Photo": ""
  },
  {
    "id": 220048,
    "Lloji": "Gjethërënës",
    "Lartesi": "I ulët (< 1m)",
    "Gjendja": "E mirë",
    "KordinataX": 21.16274,
    "KordinataY": 42.65778,
    "Photo": ""
  },
  {
    "id": 220049,
    "Lloji": "Gjethërënës",
    "Lartesi": "I lartë (> 3m)",
    "Gjendja": "E mirë",
    "KordinataX": 21.16246,
    "KordinataY": 42.65785,
    "Photo": ""
  },
  {
    "id": 220050,
    "Lloji": "Gjethërënës",
    "Lartesi": "I lartë (> 3m)",
    "Gjendja": "E mirë",
    "KordinataX": 21.16241,
    "KordinataY": 42.65788,
    "Photo": ""
  },
  {
    "id": 220051,
    "Lloji": "Gjethërënës",
    "Lartesi": "I lartë (> 3m)",
    "Gjendja": "E mirë",
    "KordinataX": 21.16334,
    "KordinataY": 42.65833,
    "Photo": ""
  },
  {
    "id": 220052,
    "Lloji": "Gjethërënës",
    "Lartesi": "I lartë (> 3m)",
    "Gjendja": "E mirë",
    "KordinataX": 21.16367,
    "KordinataY": 42.65825,
    "Photo": ""
  },
  {
    "id": 220053,
    "Lloji": "Gjethërënës",
    "Lartesi": "I lartë (> 3m)",
    "Gjendja": "E mirë",
    "KordinataX": 21.16378,
    "KordinataY": 42.65811,
    "Photo": ""
  },
  {
    "id": 220054,
    "Lloji": "Gjethërënës",
    "Lartesi": "I lartë (> 3m)",
    "Gjendja": "E mirë",
    "KordinataX": 21.16359,
    "KordinataY": 42.65818,
    "Photo": ""
  },
  {
    "id": 220055,
    "Lloji": "Gjethërënës",
    "Lartesi": "I lartë (> 3m)",
    "Gjendja": "E mirë",
    "KordinataX": 21.16355,
    "KordinataY": 42.65818,
    "Photo": ""
  },
  {
    "id": 220056,
    "Lloji": "Gjethërënës",
    "Lartesi": "I lartë (> 3m)",
    "Gjendja": "E mirë",
    "KordinataX": 21.1635,
    "KordinataY": 42.65818,
    "Photo": ""
  },
  {
    "id": 220057,
    "Lloji": "Gjethërënës",
    "Lartesi": "I lartë (> 3m)",
    "Gjendja": "E mirë",
    "KordinataX": 21.16346,
    "KordinataY": 42.65818,
    "Photo": ""
  },
  {
    "id": 220058,
    "Lloji": "Gjethërënës",
    "Lartesi": "I lartë (> 3m)",
    "Gjendja": "E mirë",
    "KordinataX": 21.16316,
    "KordinataY": 42.65815,
    "Photo": ""
  },
  {
    "id": 220059,
    "Lloji": "Gjethërënës",
    "Lartesi": "I lartë (> 3m)",
    "Gjendja": "E mirë",
    "KordinataX": 21.16318,
    "KordinataY": 42.65813,
    "Photo": ""
  },
  {
    "id": 220060,
    "Lloji": "Gjethërënës",
    "Lartesi": "I lartë (> 3m)",
    "Gjendja": "E mirë",
    "KordinataX": 21.16325,
    "KordinataY": 42.65812,
    "Photo": ""
  },
  {
    "id": 220061,
    "Lloji": "Gjethërënës",
    "Lartesi": "I lartë (> 3m)",
    "Gjendja": "E mirë",
    "KordinataX": 21.16405,
    "KordinataY": 42.65858,
    "Photo": ""
  },
  {
    "id": 220062,
    "Lloji": "Gjethërënës",
    "Lartesi": "I lartë (> 3m)",
    "Gjendja": "E mirë",
    "KordinataX": 21.16404,
    "KordinataY": 42.65855,
    "Photo": ""
  },
  {
    "id": 220063,
    "Lloji": "Gjethërënës",
    "Lartesi": "I lartë (> 3m)",
    "Gjendja": "E mirë",
    "KordinataX": 21.16403,
    "KordinataY": 42.65852,
    "Photo": ""
  },
  {
    "id": 220064,
    "Lloji": "Gjethërënës",
    "Lartesi": "I lartë (> 3m)",
    "Gjendja": "E mirë",
    "KordinataX": 21.16404,
    "KordinataY": 42.65847,
    "Photo": ""
  },
  {
    "id": 220065,
    "Lloji": "Gjethërënës",
    "Lartesi": "I lartë (> 3m)",
    "Gjendja": "E mirë",
    "KordinataX": 21.16403,
    "KordinataY": 42.65844,
    "Photo": ""
  },
  {
    "id": 220066,
    "Lloji": "Gjethërënës",
    "Lartesi": "I lartë (> 3m)",
    "Gjendja": "E mirë",
    "KordinataX": 21.16404,
    "KordinataY": 42.6584,
    "Photo": ""
  },
  {
    "id": 220067,
    "Lloji": "Gjethërënës",
    "Lartesi": "I lartë (> 3m)",
    "Gjendja": "E mirë",
    "KordinataX": 21.16404,
    "KordinataY": 42.65836,
    "Photo": ""
  },
  {
    "id": 220068,
    "Lloji": "Gjethërënës",
    "Lartesi": "I lartë (> 3m)",
    "Gjendja": "E mirë",
    "KordinataX": 21.16402,
    "KordinataY": 42.65831,
    "Photo": ""
  },
  {
    "id": 220069,
    "Lloji": "Gjethërënës",
    "Lartesi": "I lartë (> 3m)",
    "Gjendja": "E mirë",
    "KordinataX": 21.16408,
    "KordinataY": 42.65848,
    "Photo": ""
  },
  {
    "id": 220070,
    "Lloji": "Gjethërënës",
    "Lartesi": "I lartë (> 3m)",
    "Gjendja": "E mirë",
    "KordinataX": 21.16409,
    "KordinataY": 42.65845,
    "Photo": ""
  },
  {
    "id": 220077,
    "Lloji": "Gjethërënës",
    "Lartesi": "I lartë (> 3m)",
    "Gjendja": "E mirë",
    "KordinataX": 21.1629,
    "KordinataY": 42.65768,
    "Photo": ""
  },
  {
    "id": 220078,
    "Lloji": "Gjethërënës",
    "Lartesi": "I lartë (> 3m)",
    "Gjendja": "E mirë",
    "KordinataX": 21.16296,
    "KordinataY": 42.65767,
    "Photo": ""
  },
  {
    "id": 220079,
    "Lloji": "Gjethërënës",
    "Lartesi": "I lartë (> 3m)",
    "Gjendja": "E mirë",
    "KordinataX": 21.16306,
    "KordinataY": 42.65766,
    "Photo": ""
  },
  {
    "id": 220080,
    "Lloji": "Gjethërënës",
    "Lartesi": "I lartë (> 3m)",
    "Gjendja": "E mirë",
    "KordinataX": 21.16316,
    "KordinataY": 42.65764,
    "Photo": ""
  },
  {
    "id": 220081,
    "Lloji": "Gjethërënës",
    "Lartesi": "I lartë (> 3m)",
    "Gjendja": "E mirë",
    "KordinataX": 21.16317,
    "KordinataY": 42.65769,
    "Photo": ""
  },
  {
    "id": 220082,
    "Lloji": "Gjethëmbajtës",
    "Lartesi": "I ulët (< 1m)",
    "Gjendja": "E mirë",
    "KordinataX": 21.16326,
    "KordinataY": 42.65762,
    "Photo": ""
  },
  {
    "id": 220083,
    "Lloji": "Gjethërënës",
    "Lartesi": "I lartë (> 3m)",
    "Gjendja": "E mirë",
    "KordinataX": 21.16341,
    "KordinataY": 42.65771,
    "Photo": ""
  },
  {
    "id": 220084,
    "Lloji": "Gjethërënës",
    "Lartesi": "I lartë (> 3m)",
    "Gjendja": "E mirë",
    "KordinataX": 21.16337,
    "KordinataY": 42.65793,
    "Photo": ""
  },
  {
    "id": 220085,
    "Lloji": "Gjethërënës",
    "Lartesi": "I lartë (> 3m)",
    "Gjendja": "E mirë",
    "KordinataX": 21.16324,
    "KordinataY": 42.65797,
    "Photo": ""
  },
  {
    "id": 220086,
    "Lloji": "Gjethërënës",
    "Lartesi": "I lartë (> 3m)",
    "Gjendja": "E mirë",
    "KordinataX": 21.1633,
    "KordinataY": 42.65787,
    "Photo": ""
  },
  {
    "id": 220087,
    "Lloji": "Gjethërënës",
    "Lartesi": "I lartë (> 3m)",
    "Gjendja": "E mirë",
    "KordinataX": 21.16329,
    "KordinataY": 42.65778,
    "Photo": ""
  },
  {
    "id": 220088,
    "Lloji": "Gjethërënës",
    "Lartesi": "I lartë (> 3m)",
    "Gjendja": "E mirë",
    "KordinataX": 21.1634,
    "KordinataY": 42.65773,
    "Photo": ""
  },
  {
    "id": 220089,
    "Lloji": "Gjethëmbajtës",
    "Lartesi": "I mesëm (1 - 3m)",
    "Gjendja": "E mirë",
    "KordinataX": 21.16341,
    "KordinataY": 42.65768,
    "Photo": ""
  },
  {
    "id": 220092,
    "Lloji": "Gjethëmbajtës",
    "Lartesi": "I lartë (> 3m)",
    "Gjendja": "E mirë",
    "KordinataX": 21.16286,
    "KordinataY": 42.65763,
    "Photo": ""
  },
  {
    "id": 220093,
    "Lloji": "Gjethëmbajtës",
    "Lartesi": "I lartë (> 3m)",
    "Gjendja": "E mirë",
    "KordinataX": 21.16294,
    "KordinataY": 42.65759,
    "Photo": ""
  },
  {
    "id": 220094,
    "Lloji": "Gjethëmbajtës",
    "Lartesi": "I lartë (> 3m)",
    "Gjendja": "E mirë",
    "KordinataX": 21.16297,
    "KordinataY": 42.65757,
    "Photo": ""
  },
  {
    "id": 220095,
    "Lloji": "Gjethëmbajtës",
    "Lartesi": "I lartë (> 3m)",
    "Gjendja": "E mirë",
    "KordinataX": 21.16313,
    "KordinataY": 42.65747,
    "Photo": ""
  },
  {
    "id": 220096,
    "Lloji": "Gjethëmbajtës",
    "Lartesi": "I lartë (> 3m)",
    "Gjendja": "E mirë",
    "KordinataX": 21.16315,
    "KordinataY": 42.65742,
    "Photo": ""
  },
  {
    "id": 220097,
    "Lloji": "Gjethëmbajtës",
    "Lartesi": "I lartë (> 3m)",
    "Gjendja": "E mirë",
    "KordinataX": 21.16284,
    "KordinataY": 42.65754,
    "Photo": ""
  },
  {
    "id": 220098,
    "Lloji": "Gjethëmbajtës",
    "Lartesi": "I lartë (> 3m)",
    "Gjendja": "E mirë",
    "KordinataX": 21.16287,
    "KordinataY": 42.65734,
    "Photo": ""
  },
  {
    "id": 220099,
    "Lloji": "Gjethëmbajtës",
    "Lartesi": "I lartë (> 3m)",
    "Gjendja": "E mirë",
    "KordinataX": 21.16294,
    "KordinataY": 42.65733,
    "Photo": ""
  },
  {
    "id": 220100,
    "Lloji": "Gjethëmbajtës",
    "Lartesi": "I lartë (> 3m)",
    "Gjendja": "E mirë",
    "KordinataX": 21.16305,
    "KordinataY": 42.65731,
    "Photo": ""
  },
  {
    "id": 220101,
    "Lloji": "Gjethërënës",
    "Lartesi": "I lartë (> 3m)",
    "Gjendja": "E mirë",
    "KordinataX": 21.1628,
    "KordinataY": 42.65736,
    "Photo": ""
  },
  {
    "id": 220103,
    "Lloji": "Gjethërënës",
    "Lartesi": "I ulët (< 1m)",
    "Gjendja": "E mirë",
    "KordinataX": 21.16305,
    "KordinataY": 42.65759,
    "Photo": ""
  },
  {
    "id": 220104,
    "Lloji": "Gjethërënës",
    "Lartesi": "I ulët (< 1m)",
    "Gjendja": "E mirë",
    "KordinataX": 21.16313,
    "KordinataY": 42.65757,
    "Photo": ""
  },
  {
    "id": 220105,
    "Lloji": "Gjethërënës",
    "Lartesi": "I ulët (< 1m)",
    "Gjendja": "E mirë",
    "KordinataX": 21.16318,
    "KordinataY": 42.65754,
    "Photo": ""
  },
  {
    "id": 220106,
    "Lloji": "Gjethërënës",
    "Lartesi": "I lartë (> 3m)",
    "Gjendja": "E mirë",
    "KordinataX": 21.16317,
    "KordinataY": 42.65753,
    "Photo": ""
  },
  {
    "id": 220107,
    "Lloji": "Gjethërënës",
    "Lartesi": "I lartë (> 3m)",
    "Gjendja": "E mirë",
    "KordinataX": 21.16318,
    "KordinataY": 42.65752,
    "Photo": ""
  },
  {
    "id": 220108,
    "Lloji": "Gjethërënës",
    "Lartesi": "I lartë (> 3m)",
    "Gjendja": "E mirë",
    "KordinataX": 21.16319,
    "KordinataY": 42.65751,
    "Photo": ""
  },
  {
    "id": 220109,
    "Lloji": "Gjethërënës",
    "Lartesi": "I lartë (> 3m)",
    "Gjendja": "E mirë",
    "KordinataX": 21.16322,
    "KordinataY": 42.65755,
    "Photo": ""
  },
  {
    "id": 220110,
    "Lloji": "Gjethërënës",
    "Lartesi": "I lartë (> 3m)",
    "Gjendja": "E mirë",
    "KordinataX": 21.16321,
    "KordinataY": 42.65748,
    "Photo": ""
  },
  {
    "id": 220111,
    "Lloji": "Gjethëmbajtës",
    "Lartesi": "I ulët (< 1m)",
    "Gjendja": "E mirë",
    "KordinataX": 21.16293,
    "KordinataY": 42.65751,
    "Photo": ""
  },
  {
    "id": 220113,
    "Lloji": "Gjethëmbajtës",
    "Lartesi": "I lartë (> 3m)",
    "Gjendja": "E mirë",
    "KordinataX": 21.16302,
    "KordinataY": 42.65745,
    "Photo": ""
  },
  {
    "id": 220114,
    "Lloji": "Gjethërënës",
    "Lartesi": "I lartë (> 3m)",
    "Gjendja": "E mirë",
    "KordinataX": 21.16274,
    "KordinataY": 42.65727,
    "Photo": ""
  },
  {
    "id": 220115,
    "Lloji": "Gjethëmbajtës",
    "Lartesi": "I lartë (> 3m)",
    "Gjendja": "E mirë",
    "KordinataX": 21.16282,
    "KordinataY": 42.65723,
    "Photo": ""
  },
  {
    "id": 220116,
    "Lloji": "Gjethëmbajtës",
    "Lartesi": "I lartë (> 3m)",
    "Gjendja": "E mirë",
    "KordinataX": 21.16289,
    "KordinataY": 42.6572,
    "Photo": ""
  },
  {
    "id": 220117,
    "Lloji": "Gjethëmbajtës",
    "Lartesi": "I lartë (> 3m)",
    "Gjendja": "E mirë",
    "KordinataX": 21.16281,
    "KordinataY": 42.65717,
    "Photo": ""
  },
  {
    "id": 2200119,
    "Lloji": "Gjethëmbajtës",
    "Lartesi": "I ulët (< 1m)",
    "Gjendja": "E mirë",
    "KordinataX": 21.16299,
    "KordinataY": 42.65713,
    "Photo": ""
  },
  {
    "id": 2200120,
    "Lloji": "Gjethërënës",
    "Lartesi": "I lartë (> 3m)",
    "Gjendja": "E mirë",
    "KordinataX": 21.16327,
    "KordinataY": 42.65747,
    "Photo": ""
  },
  {
    "id": 2200121,
    "Lloji": "Gjethërënës",
    "Lartesi": "I lartë (> 3m)",
    "Gjendja": "E mirë",
    "KordinataX": 21.16328,
    "KordinataY": 42.65749,
    "Photo": ""
  },
  {
    "id": 2200122,
    "Lloji": "Gjethërënës",
    "Lartesi": "I ulët (< 1m)",
    "Gjendja": "E mirë",
    "KordinataX": 21.16326,
    "KordinataY": 42.65742,
    "Photo": ""
  },
  {
    "id": 2200123,
    "Lloji": "Gjethërënës",
    "Lartesi": "I ulët (< 1m)",
    "Gjendja": "E mirë",
    "KordinataX": 21.16331,
    "KordinataY": 42.6574,
    "Photo": ""
  },
  {
    "id": 2200124,
    "Lloji": "Gjethëmbajtës",
    "Lartesi": "I ulët (< 1m)",
    "Gjendja": "E mirë",
    "KordinataX": 21.1633,
    "KordinataY": 42.65755,
    "Photo": ""
  },
  {
    "id": 2200125,
    "Lloji": "Gjethëmbajtës",
    "Lartesi": "I lartë (> 3m)",
    "Gjendja": "E mirë",
    "KordinataX": 21.16361,
    "KordinataY": 42.65765,
    "Photo": ""
  },
  {
    "id": 2200126,
    "Lloji": "Gjethëmbajtës",
    "Lartesi": "I lartë (> 3m)",
    "Gjendja": "E mirë",
    "KordinataX": 21.16361,
    "KordinataY": 42.65763,
    "Photo": ""
  },
  {
    "id": 2200127,
    "Lloji": "Gjethëmbajtës",
    "Lartesi": "I lartë (> 3m)",
    "Gjendja": "E mirë",
    "KordinataX": 21.1636,
    "KordinataY": 42.65761,
    "Photo": ""
  },
  {
    "id": 2200128,
    "Lloji": "Gjethëmbajtës",
    "Lartesi": "I lartë (> 3m)",
    "Gjendja": "E mirë",
    "KordinataX": 21.1636,
    "KordinataY": 42.65759,
    "Photo": ""
  },
  {
    "id": 2200129,
    "Lloji": "Gjethërënës",
    "Lartesi": "I lartë (> 3m)",
    "Gjendja": "E mirë",
    "KordinataX": 21.16361,
    "KordinataY": 42.65758,
    "Photo": ""
  },
  {
    "id": 2200130,
    "Lloji": "Gjethërënës",
    "Lartesi": "I mesëm (1 - 3m)",
    "Gjendja": "E mirë",
    "KordinataX": 21.1636,
    "KordinataY": 42.65764,
    "Photo": ""
  },
  {
    "id": 2200131,
    "Lloji": "Gjethërënës",
    "Lartesi": "I lartë (> 3m)",
    "Gjendja": "E mirë",
    "KordinataX": 21.16338,
    "KordinataY": 42.65739,
    "Photo": ""
  },
  {
    "id": 2200132,
    "Lloji": "Gjethërënës",
    "Lartesi": "I lartë (> 3m)",
    "Gjendja": "E mirë",
    "KordinataX": 21.16344,
    "KordinataY": 42.65738,
    "Photo": ""
  },
  {
    "id": 2200133,
    "Lloji": "Gjethërënës",
    "Lartesi": "I lartë (> 3m)",
    "Gjendja": "E mirë",
    "KordinataX": 21.16351,
    "KordinataY": 42.65737,
    "Photo": ""
  },
  {
    "id": 2200134,
    "Lloji": "Gjethërënës",
    "Lartesi": "I lartë (> 3m)",
    "Gjendja": "E mirë",
    "KordinataX": 21.16358,
    "KordinataY": 42.65735,
    "Photo": ""
  },
  {
    "id": 2200137,
    "Lloji": "Gjethëmbajtës",
    "Lartesi": "I mesëm (1 - 3m)",
    "Gjendja": "E mirë",
    "KordinataX": 21.1637,
    "KordinataY": 42.65749,
    "Photo": ""
  },
  {
    "id": 2200138,
    "Lloji": "Gjethëmbajtës",
    "Lartesi": "I mesëm (1 - 3m)",
    "Gjendja": "E mirë",
    "KordinataX": 21.16376,
    "KordinataY": 42.65748,
    "Photo": ""
  },
  {
    "id": 2200139,
    "Lloji": "Gjethëmbajtës",
    "Lartesi": "I mesëm (1 - 3m)",
    "Gjendja": "E mirë",
    "KordinataX": 21.16382,
    "KordinataY": 42.65747,
    "Photo": ""
  },
  {
    "id": 2200140,
    "Lloji": "Gjethërënës",
    "Lartesi": "I mesëm (1 - 3m)",
    "Gjendja": "E mirë",
    "KordinataX": 21.16375,
    "KordinataY": 42.65732,
    "Photo": ""
  },
  {
    "id": 2200141,
    "Lloji": "Gjethërënës",
    "Lartesi": "I lartë (> 3m)",
    "Gjendja": "E mirë",
    "KordinataX": 21.16391,
    "KordinataY": 42.65729,
    "Photo": ""
  },
  {
    "id": 2200142,
    "Lloji": "Gjethërënës",
    "Lartesi": "I lartë (> 3m)",
    "Gjendja": "E mirë",
    "KordinataX": 21.16394,
    "KordinataY": 42.65729,
    "Photo": ""
  },
  {
    "id": 2200143,
    "Lloji": "Gjethërënës",
    "Lartesi": "I lartë (> 3m)",
    "Gjendja": "E mirë",
    "KordinataX": 21.16401,
    "KordinataY": 42.65727,
    "Photo": ""
  },
  {
    "id": 2200144,
    "Lloji": "Gjethërënës",
    "Lartesi": "I ulët (< 1m)",
    "Gjendja": "E mirë",
    "KordinataX": 21.16372,
    "KordinataY": 42.65755,
    "Photo": ""
  },
  {
    "id": 2200145,
    "Lloji": "Gjethërënës",
    "Lartesi": "I ulët (< 1m)",
    "Gjendja": "E mirë",
    "KordinataX": 21.1638,
    "KordinataY": 42.65754,
    "Photo": ""
  },
  {
    "id": 2200146,
    "Lloji": "Gjethërënës",
    "Lartesi": "I ulët (< 1m)",
    "Gjendja": "E mirë",
    "KordinataX": 21.16387,
    "KordinataY": 42.65754,
    "Photo": ""
  },
  {
    "id": 2200147,
    "Lloji": "Gjethërënës",
    "Lartesi": "I lartë (> 3m)",
    "Gjendja": "E mirë",
    "KordinataX": 21.16391,
    "KordinataY": 42.65751,
    "Photo": ""
  },
  {
    "id": 2200148,
    "Lloji": "Gjethërënës",
    "Lartesi": "I lartë (> 3m)",
    "Gjendja": "E mirë",
    "KordinataX": 21.16391,
    "KordinataY": 42.65748,
    "Photo": ""
  },
  {
    "id": 2200149,
    "Lloji": "Gjethërënës",
    "Lartesi": "I lartë (> 3m)",
    "Gjendja": "E mirë",
    "KordinataX": 21.16397,
    "KordinataY": 42.65747,
    "Photo": ""
  },
  {
    "id": 2200150,
    "Lloji": "Gjethërënës",
    "Lartesi": "I lartë (> 3m)",
    "Gjendja": "E mirë",
    "KordinataX": 21.16405,
    "KordinataY": 42.65746,
    "Photo": ""
  },
  {
    "id": 2200151,
    "Lloji": "Gjethërënës",
    "Lartesi": "I lartë (> 3m)",
    "Gjendja": "E mirë",
    "KordinataX": 21.16417,
    "KordinataY": 42.65744,
    "Photo": ""
  },
  {
    "id": 2200152,
    "Lloji": "Gjethërënës",
    "Lartesi": "I lartë (> 3m)",
    "Gjendja": "E mirë",
    "KordinataX": 21.16405,
    "KordinataY": 42.65748,
    "Photo": ""
  },
  {
    "id": 2200153,
    "Lloji": "Gjethërënës",
    "Lartesi": "I lartë (> 3m)",
    "Gjendja": "E mirë",
    "KordinataX": 21.16418,
    "KordinataY": 42.65748,
    "Photo": ""
  },
  {
    "id": 2200154,
    "Lloji": "Gjethërënës",
    "Lartesi": "I ulët (< 1m)",
    "Gjendja": "E mirë",
    "KordinataX": 21.16406,
    "KordinataY": 42.65755,
    "Photo": ""
  },
  {
    "id": 2200155,
    "Lloji": "Gjethërënës",
    "Lartesi": "I ulët (< 1m)",
    "Gjendja": "E mirë",
    "KordinataX": 21.16411,
    "KordinataY": 42.65755,
    "Photo": ""
  },
  {
    "id": 2200156,
    "Lloji": "Gjethërënës",
    "Lartesi": "I ulët (< 1m)",
    "Gjendja": "E mirë",
    "KordinataX": 21.16419,
    "KordinataY": 42.65755,
    "Photo": ""
  },
  {
    "id": 2200157,
    "Lloji": "Gjethërënës",
    "Lartesi": "I ulët (< 1m)",
    "Gjendja": "E mirë",
    "KordinataX": 21.16419,
    "KordinataY": 42.65761,
    "Photo": ""
  },
  {
    "id": 2200158,
    "Lloji": "Gjethërënës",
    "Lartesi": "I ulët (< 1m)",
    "Gjendja": "E mirë",
    "KordinataX": 21.16421,
    "KordinataY": 42.65766,
    "Photo": ""
  },
  {
    "id": 2200159,
    "Lloji": "Gjethërënës",
    "Lartesi": "I ulët (< 1m)",
    "Gjendja": "E mirë",
    "KordinataX": 21.1642,
    "KordinataY": 42.65772,
    "Photo": ""
  },
  {
    "id": 2200160,
    "Lloji": "Gjethërënës",
    "Lartesi": "I ulët (< 1m)",
    "Gjendja": "E mirë",
    "KordinataX": 21.1642,
    "KordinataY": 42.65777,
    "Photo": ""
  },
  {
    "id": 2200161,
    "Lloji": "Gjethërënës",
    "Lartesi": "I ulët (< 1m)",
    "Gjendja": "E mirë",
    "KordinataX": 21.16421,
    "KordinataY": 42.65784,
    "Photo": ""
  },
  {
    "id": 2200162,
    "Lloji": "Gjethërënës",
    "Lartesi": "I ulët (< 1m)",
    "Gjendja": "E mirë",
    "KordinataX": 21.1642,
    "KordinataY": 42.6579,
    "Photo": ""
  },
  {
    "id": 2200189,
    "Lloji": "Gjethëmbajtës",
    "Lartesi": "I lartë (> 3m)",
    "Gjendja": "E mirë",
    "KordinataX": 21.16209,
    "KordinataY": 42.65797,
    "Photo": ""
  },
  {
    "id": 2200190,
    "Lloji": "Gjethëmbajtës",
    "Lartesi": "I lartë (> 3m)",
    "Gjendja": "E mirë",
    "KordinataX": 21.16212,
    "KordinataY": 42.65794,
    "Photo": ""
  },
  {
    "id": 2200191,
    "Lloji": "Gjethërënës",
    "Lartesi": "I lartë (> 3m)",
    "Gjendja": "E mirë",
    "KordinataX": 21.16215,
    "KordinataY": 42.65799,
    "Photo": ""
  },
  {
    "id": 2200192,
    "Lloji": "Gjethërënës",
    "Lartesi": "I lartë (> 3m)",
    "Gjendja": "E mirë",
    "KordinataX": 21.16208,
    "KordinataY": 42.65805,
    "Photo": ""
  },
  {
    "id": 2200193,
    "Lloji": "Gjethërënës",
    "Lartesi": "I lartë (> 3m)",
    "Gjendja": "E mirë",
    "KordinataX": 21.16201,
    "KordinataY": 42.65809,
    "Photo": ""
  },
  {
    "id": 2200194,
    "Lloji": "Gjethërënës",
    "Lartesi": "I lartë (> 3m)",
    "Gjendja": "E mirë",
    "KordinataX": 21.16193,
    "KordinataY": 42.65816,
    "Photo": ""
  },
  {
    "id": 2200194,
    "Lloji": "Gjethërënës",
    "Lartesi": "I lartë (> 3m)",
    "Gjendja": "E mirë",
    "KordinataX": 21.16183,
    "KordinataY": 42.65825,
    "Photo": ""
  },
  {
    "id": 2200195,
    "Lloji": "Gjethërënës",
    "Lartesi": "I lartë (> 3m)",
    "Gjendja": "E mirë",
    "KordinataX": 21.16182,
    "KordinataY": 42.65815,
    "Photo": ""
  },
  {
    "id": 2200196,
    "Lloji": "Gjethërënës",
    "Lartesi": "I lartë (> 3m)",
    "Gjendja": "E mirë",
    "KordinataX": 21.1618,
    "KordinataY": 42.65809,
    "Photo": ""
  },
  {
    "id": 2200197,
    "Lloji": "Gjethërënës",
    "Lartesi": "I lartë (> 3m)",
    "Gjendja": "E mirë",
    "KordinataX": 21.16173,
    "KordinataY": 42.65797,
    "Photo": ""
  },
  {
    "id": 2200198,
    "Lloji": "Gjethërënës",
    "Lartesi": "I lartë (> 3m)",
    "Gjendja": "E mirë",
    "KordinataX": 21.16186,
    "KordinataY": 42.65796,
    "Photo": ""
  },
  {
    "id": 2200199,
    "Lloji": "Gjethërënës",
    "Lartesi": "I ulët (< 1m)",
    "Gjendja": "Jo e mirë",
    "KordinataX": 21.16198,
    "KordinataY": 42.65796,
    "Photo": ""
  },
  {
    "id": 2200200,
    "Lloji": "Gjethërënës",
    "Lartesi": "I ulët (< 1m)",
    "Gjendja": "Jo e mirë",
    "KordinataX": 21.16224,
    "KordinataY": 42.65789,
    "Photo": ""
  },
  {
    "id": 2200201,
    "Lloji": "Gjethërënës",
    "Lartesi": "I ulët (< 1m)",
    "Gjendja": "Jo e mirë",
    "KordinataX": 21.16229,
    "KordinataY": 42.6579,
    "Photo": ""
  },
  {
    "id": 2200210,
    "Lloji": "Gjethërënës",
    "Lartesi": "I lartë (> 3m)",
    "Gjendja": "E mirë",
    "KordinataX": 21.16223,
    "KordinataY": 42.65804,
    "Photo": ""
  },
  {
    "id": 2200211,
    "Lloji": "Gjethërënës",
    "Lartesi": "I lartë (> 3m)",
    "Gjendja": "E mirë",
    "KordinataX": 21.1623,
    "KordinataY": 42.6581,
    "Photo": ""
  },
  {
    "id": 2200212,
    "Lloji": "Gjethërënës",
    "Lartesi": "I lartë (> 3m)",
    "Gjendja": "E mirë",
    "KordinataX": 21.1624,
    "KordinataY": 42.65819,
    "Photo": ""
  },
  {
    "id": 2200213,
    "Lloji": "Gjethërënës",
    "Lartesi": "I lartë (> 3m)",
    "Gjendja": "E mirë",
    "KordinataX": 21.16248,
    "KordinataY": 42.65824,
    "Photo": ""
  },
  {
    "id": 2200214,
    "Lloji": "Gjethërënës",
    "Lartesi": "I lartë (> 3m)",
    "Gjendja": "E mirë",
    "KordinataX": 21.16254,
    "KordinataY": 42.65832,
    "Photo": ""
  },
  {
    "id": 2200215,
    "Lloji": "Gjethërënës",
    "Lartesi": "I lartë (> 3m)",
    "Gjendja": "E mirë",
    "KordinataX": 21.16263,
    "KordinataY": 42.6584,
    "Photo": ""
  },
  {
    "id": 2200216,
    "Lloji": "Gjethërënës",
    "Lartesi": "I lartë (> 3m)",
    "Gjendja": "E mirë",
    "KordinataX": 21.16272,
    "KordinataY": 42.6585,
    "Photo": ""
  },
  {
    "id": 2200217,
    "Lloji": "Gjethërënës",
    "Lartesi": "I ulët (< 1m)",
    "Gjendja": "E mirë",
    "KordinataX": 21.16267,
    "KordinataY": 42.65849,
    "Photo": ""
  },
  {
    "id": 2200218,
    "Lloji": "Gjethërënës",
    "Lartesi": "I ulët (< 1m)",
    "Gjendja": "E mirë",
    "KordinataX": 21.16249,
    "KordinataY": 42.65831,
    "Photo": ""
  },
  {
    "id": 2200219,
    "Lloji": "Gjethërënës",
    "Lartesi": "I ulët (< 1m)",
    "Gjendja": "E mirë",
    "KordinataX": 21.16223,
    "KordinataY": 42.65808,
    "Photo": ""
  },
  {
    "id": 2200220,
    "Lloji": "Gjethërënës",
    "Lartesi": "I ulët (< 1m)",
    "Gjendja": "E mirë",
    "KordinataX": 21.16203,
    "KordinataY": 42.65822,
    "Photo": ""
  },
  {
    "id": 2200221,
    "Lloji": "Gjethërënës",
    "Lartesi": "I ulët (< 1m)",
    "Gjendja": "E mirë",
    "KordinataX": 21.16189,
    "KordinataY": 42.65831,
    "Photo": ""
  },
  {
    "id": 2200222,
    "Lloji": "Gjethërënës",
    "Lartesi": "I lartë (> 3m)",
    "Gjendja": "E mirë",
    "KordinataX": 21.16216,
    "KordinataY": 42.65809,
    "Photo": ""
  },
  {
    "id": 2200223,
    "Lloji": "Gjethërënës",
    "Lartesi": "I lartë (> 3m)",
    "Gjendja": "E mirë",
    "KordinataX": 21.16211,
    "KordinataY": 42.65815,
    "Photo": ""
  },
  {
    "id": 2200224,
    "Lloji": "Gjethëmbajtës",
    "Lartesi": "I lartë (> 3m)",
    "Gjendja": "E mirë",
    "KordinataX": 21.16193,
    "KordinataY": 42.65837,
    "Photo": ""
  },
  {
    "id": 2200225,
    "Lloji": "Gjethëmbajtës",
    "Lartesi": "I lartë (> 3m)",
    "Gjendja": "E mirë",
    "KordinataX": 21.16206,
    "KordinataY": 42.65832,
    "Photo": ""
  },
  {
    "id": 2200226,
    "Lloji": "Gjethëmbajtës",
    "Lartesi": "I lartë (> 3m)",
    "Gjendja": "E mirë",
    "KordinataX": 21.162,
    "KordinataY": 42.65835,
    "Photo": ""
  },
  {
    "id": 2200227,
    "Lloji": "Gjethëmbajtës",
    "Lartesi": "I lartë (> 3m)",
    "Gjendja": "E mirë",
    "KordinataX": 21.16218,
    "KordinataY": 42.65829,
    "Photo": ""
  },
  {
    "id": 2200228,
    "Lloji": "Gjethëmbajtës",
    "Lartesi": "I lartë (> 3m)",
    "Gjendja": "E mirë",
    "KordinataX": 21.16236,
    "KordinataY": 42.65827,
    "Photo": ""
  },
  {
    "id": 2200229,
    "Lloji": "Gjethëmbajtës",
    "Lartesi": "I lartë (> 3m)",
    "Gjendja": "E mirë",
    "KordinataX": 21.16227,
    "KordinataY": 42.65827,
    "Photo": ""
  },
  {
    "id": 2200230,
    "Lloji": "Gjethërënës",
    "Lartesi": "I lartë (> 3m)",
    "Gjendja": "E mirë",
    "KordinataX": 21.16193,
    "KordinataY": 42.65841,
    "Photo": ""
  },
  {
    "id": 2200231,
    "Lloji": "Gjethërënës",
    "Lartesi": "I ulët (< 1m)",
    "Gjendja": "E mirë",
    "KordinataX": 21.16212,
    "KordinataY": 42.65841,
    "Photo": ""
  },
  {
    "id": 2200232,
    "Lloji": "Gjethërënës",
    "Lartesi": "I ulët (< 1m)",
    "Gjendja": "E mirë",
    "KordinataX": 21.16225,
    "KordinataY": 42.65842,
    "Photo": ""
  },
  {
    "id": 2200233,
    "Lloji": "Gjethërënës",
    "Lartesi": "I ulët (< 1m)",
    "Gjendja": "E mirë",
    "KordinataX": 21.1624,
    "KordinataY": 42.65843,
    "Photo": ""
  },
  {
    "id": 2200234,
    "Lloji": "Gjethërënës",
    "Lartesi": "I ulët (< 1m)",
    "Gjendja": "E mirë",
    "KordinataX": 21.16255,
    "KordinataY": 42.65844,
    "Photo": ""
  },
  {
    "id": 2200235,
    "Lloji": "Gjethërënës",
    "Lartesi": "I ulët (< 1m)",
    "Gjendja": "E mirë",
    "KordinataX": 21.16205,
    "KordinataY": 42.65842,
    "Photo": ""
  },
  {
    "id": 2200236,
    "Lloji": "Gjethërënës",
    "Lartesi": "I ulët (< 1m)",
    "Gjendja": "E mirë",
    "KordinataX": 21.16218,
    "KordinataY": 42.65843,
    "Photo": ""
  },
  {
    "id": 2200237,
    "Lloji": "Gjethërënës",
    "Lartesi": "I ulët (< 1m)",
    "Gjendja": "E mirë",
    "KordinataX": 21.16233,
    "KordinataY": 42.65844,
    "Photo": ""
  },
  {
    "id": 2200238,
    "Lloji": "Gjethërënës",
    "Lartesi": "I ulët (< 1m)",
    "Gjendja": "E mirë",
    "KordinataX": 21.16245,
    "KordinataY": 42.65846,
    "Photo": ""
  },
  {
    "id": 2200239,
    "Lloji": "Gjethërënës",
    "Lartesi": "I ulët (< 1m)",
    "Gjendja": "E mirë",
    "KordinataX": 21.1626,
    "KordinataY": 42.65848,
    "Photo": ""
  },
  {
    "id": 2200240,
    "Lloji": "Gjethërënës",
    "Lartesi": "I ulët (< 1m)",
    "Gjendja": "E mirë",
    "KordinataX": 21.16187,
    "KordinataY": 42.65838,
    "Photo": ""
  },
  {
    "id": 2200241,
    "Lloji": "Gjethërënës",
    "Lartesi": "I ulët (< 1m)",
    "Gjendja": "E mirë",
    "KordinataX": 21.16275,
    "KordinataY": 42.65853,
    "Photo": ""
  },
  {
    "id": 2200242,
    "Lloji": "Gjethërënës",
    "Lartesi": "I lartë (> 3m)",
    "Gjendja": "E mirë",
    "KordinataX": 21.16166,
    "KordinataY": 42.65817,
    "Photo": ""
  },
  {
    "id": 2200243,
    "Lloji": "Gjethërënës",
    "Lartesi": "I lartë (> 3m)",
    "Gjendja": "E mirë",
    "KordinataX": 21.16162,
    "KordinataY": 42.65808,
    "Photo": ""
  },
  {
    "id": 2200244,
    "Lloji": "Gjethërënës",
    "Lartesi": "I lartë (> 3m)",
    "Gjendja": "E mirë",
    "KordinataX": 21.16161,
    "KordinataY": 42.65801,
    "Photo": ""
  },
  {
    "id": 2200245,
    "Lloji": "Gjethërënës",
    "Lartesi": "I lartë (> 3m)",
    "Gjendja": "E mirë",
    "KordinataX": 21.1616,
    "KordinataY": 42.65792,
    "Photo": ""
  },
  {
    "id": 2200246,
    "Lloji": "Gjethërënës",
    "Lartesi": "I lartë (> 3m)",
    "Gjendja": "E mirë",
    "KordinataX": 21.1614,
    "KordinataY": 42.65824,
    "Photo": ""
  },
  {
    "id": 2200247,
    "Lloji": "Gjethërënës",
    "Lartesi": "I lartë (> 3m)",
    "Gjendja": "E mirë",
    "KordinataX": 21.16139,
    "KordinataY": 42.65815,
    "Photo": ""
  },
  {
    "id": 2200248,
    "Lloji": "Gjethërënës",
    "Lartesi": "I lartë (> 3m)",
    "Gjendja": "E mirë",
    "KordinataX": 21.16136,
    "KordinataY": 42.65807,
    "Photo": ""
  },
  {
    "id": 2200249,
    "Lloji": "Gjethërënës",
    "Lartesi": "I lartë (> 3m)",
    "Gjendja": "E mirë",
    "KordinataX": 21.16135,
    "KordinataY": 42.65797,
    "Photo": ""
  },
  {
    "id": 2200250,
    "Lloji": "Gjethërënës",
    "Lartesi": "I mesëm (1 - 3m)",
    "Gjendja": "E mirë",
    "KordinataX": 21.1615,
    "KordinataY": 42.65808,
    "Photo": ""
  },
  {
    "id": 2200255,
    "Lloji": "Gjethërënës",
    "Lartesi": "I lartë (> 3m)",
    "Gjendja": "E mirë",
    "KordinataX": 21.16173,
    "KordinataY": 42.65784,
    "Photo": ""
  },
  {
    "id": 2200256,
    "Lloji": "Gjethërënës",
    "Lartesi": "I lartë (> 3m)",
    "Gjendja": "E mirë",
    "KordinataX": 21.16177,
    "KordinataY": 42.65791,
    "Photo": ""
  },
  {
    "id": 2200257,
    "Lloji": "Gjethëmbajtës",
    "Lartesi": "I lartë (> 3m)",
    "Gjendja": "E mirë",
    "KordinataX": 21.16181,
    "KordinataY": 42.65783,
    "Photo": ""
  },
  {
    "id": 2200258,
    "Lloji": "Gjethëmbajtës",
    "Lartesi": "I lartë (> 3m)",
    "Gjendja": "E mirë",
    "KordinataX": 21.16182,
    "KordinataY": 42.65784,
    "Photo": ""
  },
  {
    "id": 2200259,
    "Lloji": "Gjethëmbajtës",
    "Lartesi": "I mesëm (1 - 3m)",
    "Gjendja": "E mirë",
    "KordinataX": 21.16183,
    "KordinataY": 42.65783,
    "Photo": ""
  },
  {
    "id": 2200260,
    "Lloji": "Gjethëmbajtës",
    "Lartesi": "I ulët (< 1m)",
    "Gjendja": "E mirë",
    "KordinataX": 21.16194,
    "KordinataY": 42.65789,
    "Photo": ""
  },
  {
    "id": 2200261,
    "Lloji": "Gjethëmbajtës",
    "Lartesi": "I lartë (> 3m)",
    "Gjendja": "E mirë",
    "KordinataX": 21.16193,
    "KordinataY": 42.65786,
    "Photo": ""
  },
  {
    "id": 2200262,
    "Lloji": "Gjethëmbajtës",
    "Lartesi": "I lartë (> 3m)",
    "Gjendja": "E mirë",
    "KordinataX": 21.16192,
    "KordinataY": 42.65785,
    "Photo": ""
  },
  {
    "id": 2200263,
    "Lloji": "Gjethëmbajtës",
    "Lartesi": "I mesëm (1 - 3m)",
    "Gjendja": "E mirë",
    "KordinataX": 21.16185,
    "KordinataY": 42.65768,
    "Photo": ""
  },
  {
    "id": 2200264,
    "Lloji": "Gjethëmbajtës",
    "Lartesi": "I lartë (> 3m)",
    "Gjendja": "E mirë",
    "KordinataX": 21.16178,
    "KordinataY": 42.65769,
    "Photo": ""
  },
  {
    "id": 2200265,
    "Lloji": "Gjethërënës",
    "Lartesi": "I lartë (> 3m)",
    "Gjendja": "E mirë",
    "KordinataX": 21.16184,
    "KordinataY": 42.65775,
    "Photo": "DCIM/20190419105747627.jpg"
  },
  {
    "id": 2200270,
    "Lloji": "Gjethërënës",
    "Lartesi": "I lartë (> 3m)",
    "Gjendja": "E mirë",
    "KordinataX": 21.16151,
    "KordinataY": 42.65784,
    "Photo": ""
  },
  {
    "id": 2200271,
    "Lloji": "Gjethërënës",
    "Lartesi": "I lartë (> 3m)",
    "Gjendja": "E mirë",
    "KordinataX": 21.16133,
    "KordinataY": 42.65786,
    "Photo": ""
  },
  {
    "id": 2200272,
    "Lloji": "Gjethërënës",
    "Lartesi": "I lartë (> 3m)",
    "Gjendja": "E mirë",
    "KordinataX": 21.1613,
    "KordinataY": 42.65782,
    "Photo": ""
  },
  {
    "id": 2200273,
    "Lloji": "Gjethërënës",
    "Lartesi": "I lartë (> 3m)",
    "Gjendja": "E mirë",
    "KordinataX": 21.16128,
    "KordinataY": 42.65778,
    "Photo": ""
  },
  {
    "id": 2200274,
    "Lloji": "Gjethërënës",
    "Lartesi": "I lartë (> 3m)",
    "Gjendja": "E mirë",
    "KordinataX": 21.16128,
    "KordinataY": 42.65774,
    "Photo": ""
  },
  {
    "id": 2200275,
    "Lloji": "Gjethërënës",
    "Lartesi": "I lartë (> 3m)",
    "Gjendja": "E mirë",
    "KordinataX": 21.16126,
    "KordinataY": 42.65769,
    "Photo": ""
  },
  {
    "id": 2200276,
    "Lloji": "Gjethërënës",
    "Lartesi": "I lartë (> 3m)",
    "Gjendja": "E mirë",
    "KordinataX": 21.16125,
    "KordinataY": 42.65764,
    "Photo": ""
  },
  {
    "id": 2200277,
    "Lloji": "Gjethërënës",
    "Lartesi": "I lartë (> 3m)",
    "Gjendja": "E mirë",
    "KordinataX": 21.16147,
    "KordinataY": 42.65778,
    "Photo": ""
  },
  {
    "id": 2200278,
    "Lloji": "Gjethërënës",
    "Lartesi": "I lartë (> 3m)",
    "Gjendja": "E mirë",
    "KordinataX": 21.16145,
    "KordinataY": 42.65774,
    "Photo": ""
  },
  {
    "id": 2200279,
    "Lloji": "Gjethërënës",
    "Lartesi": "I lartë (> 3m)",
    "Gjendja": "E mirë",
    "KordinataX": 21.16144,
    "KordinataY": 42.65769,
    "Photo": ""
  },
  {
    "id": 2200280,
    "Lloji": "Gjethërënës",
    "Lartesi": "I lartë (> 3m)",
    "Gjendja": "E mirë",
    "KordinataX": 21.16142,
    "KordinataY": 42.65763,
    "Photo": ""
  },
  {
    "id": 2200281,
    "Lloji": "Gjethërënës",
    "Lartesi": "I lartë (> 3m)",
    "Gjendja": "E mirë",
    "KordinataX": 21.16137,
    "KordinataY": 42.65769,
    "Photo": ""
  },
  {
    "id": 2200282,
    "Lloji": "Gjethërënës",
    "Lartesi": "I lartë (> 3m)",
    "Gjendja": "E mirë",
    "KordinataX": 21.16136,
    "KordinataY": 42.6576,
    "Photo": ""
  },
  {
    "id": 2200283,
    "Lloji": "Gjethërënës",
    "Lartesi": "I lartë (> 3m)",
    "Gjendja": "E mirë",
    "KordinataX": 21.1614,
    "KordinataY": 42.65773,
    "Photo": ""
  },
  {
    "id": 2200284,
    "Lloji": "Gjethërënës",
    "Lartesi": "I lartë (> 3m)",
    "Gjendja": "E mirë",
    "KordinataX": 21.16135,
    "KordinataY": 42.65778,
    "Photo": ""
  },
  {
    "id": 2200285,
    "Lloji": "Gjethërënës",
    "Lartesi": "I lartë (> 3m)",
    "Gjendja": "E mirë",
    "KordinataX": 21.16145,
    "KordinataY": 42.6578,
    "Photo": ""
  },
  {
    "id": 2200286,
    "Lloji": "Gjethërënës",
    "Lartesi": "I lartë (> 3m)",
    "Gjendja": "E mirë",
    "KordinataX": 21.1613,
    "KordinataY": 42.65762,
    "Photo": ""
  },
  {
    "id": 2200287,
    "Lloji": "Gjethërënës",
    "Lartesi": "I lartë (> 3m)",
    "Gjendja": "E mirë",
    "KordinataX": 21.1614,
    "KordinataY": 42.65754,
    "Photo": ""
  },
  {
    "id": 2200288,
    "Lloji": "Gjethërënës",
    "Lartesi": "I lartë (> 3m)",
    "Gjendja": "E mirë",
    "KordinataX": 21.16122,
    "KordinataY": 42.65751,
    "Photo": "DCIM/20190419110406690.jpg"
  },
  {
    "id": 2200289,
    "Lloji": "Gjethërënës",
    "Lartesi": "I lartë (> 3m)",
    "Gjendja": "E mirë",
    "KordinataX": 21.16134,
    "KordinataY": 42.65765,
    "Photo": ""
  },
  {
    "id": 2200290,
    "Lloji": "Gjethërënës",
    "Lartesi": "I lartë (> 3m)",
    "Gjendja": "E mirë",
    "KordinataX": 21.16131,
    "KordinataY": 42.65769,
    "Photo": ""
  },
  {
    "id": 2200291,
    "Lloji": "Gjethërënës",
    "Lartesi": "I lartë (> 3m)",
    "Gjendja": "E mirë",
    "KordinataX": 21.16135,
    "KordinataY": 42.65773,
    "Photo": ""
  },
  {
    "id": 2200292,
    "Lloji": "Gjethërënës",
    "Lartesi": "I lartë (> 3m)",
    "Gjendja": "E mirë",
    "KordinataX": 21.16142,
    "KordinataY": 42.65776,
    "Photo": ""
  },
  {
    "id": 2200293,
    "Lloji": "Gjethëmbajtës",
    "Lartesi": "I lartë (> 3m)",
    "Gjendja": "E mirë",
    "KordinataX": 21.16179,
    "KordinataY": 42.65744,
    "Photo": ""
  },
  {
    "id": 2200294,
    "Lloji": "Gjethëmbajtës",
    "Lartesi": "I lartë (> 3m)",
    "Gjendja": "E mirë",
    "KordinataX": 21.16162,
    "KordinataY": 42.65734,
    "Photo": ""
  },
  {
    "id": 2200295,
    "Lloji": "Gjethëmbajtës",
    "Lartesi": "I lartë (> 3m)",
    "Gjendja": "E mirë",
    "KordinataX": 21.16165,
    "KordinataY": 42.65734,
    "Photo": ""
  },
  {
    "id": 2200296,
    "Lloji": "Gjethëmbajtës",
    "Lartesi": "I lartë (> 3m)",
    "Gjendja": "E mirë",
    "KordinataX": 21.16162,
    "KordinataY": 42.65731,
    "Photo": ""
  },
  {
    "id": 2200297,
    "Lloji": "Gjethëmbajtës",
    "Lartesi": "I lartë (> 3m)",
    "Gjendja": "E mirë",
    "KordinataX": 21.16153,
    "KordinataY": 42.65729,
    "Photo": ""
  },
  {
    "id": 2200298,
    "Lloji": "Gjethëmbajtës",
    "Lartesi": "I lartë (> 3m)",
    "Gjendja": "E mirë",
    "KordinataX": 21.16154,
    "KordinataY": 42.65727,
    "Photo": ""
  },
  {
    "id": 2200299,
    "Lloji": "Gjethëmbajtës",
    "Lartesi": "I lartë (> 3m)",
    "Gjendja": "E mirë",
    "KordinataX": 21.16155,
    "KordinataY": 42.65725,
    "Photo": ""
  },
  {
    "id": 2200300,
    "Lloji": "Gjethëmbajtës",
    "Lartesi": "I lartë (> 3m)",
    "Gjendja": "E mirë",
    "KordinataX": 21.16151,
    "KordinataY": 42.65726,
    "Photo": ""
  },
  {
    "id": 2200301,
    "Lloji": "Gjethëmbajtës",
    "Lartesi": "I lartë (> 3m)",
    "Gjendja": "E mirë",
    "KordinataX": 21.16158,
    "KordinataY": 42.65728,
    "Photo": ""
  },
  {
    "id": 2200302,
    "Lloji": "Gjethëmbajtës",
    "Lartesi": "I mesëm (1 - 3m)",
    "Gjendja": "E mirë",
    "KordinataX": 21.16168,
    "KordinataY": 42.65727,
    "Photo": ""
  },
  {
    "id": 2200303,
    "Lloji": "Gjethërënës",
    "Lartesi": "I mesëm (1 - 3m)",
    "Gjendja": "E mirë",
    "KordinataX": 21.16175,
    "KordinataY": 42.65728,
    "Photo": ""
  },
  {
    "id": 2200304,
    "Lloji": "Gjethëmbajtës",
    "Lartesi": "I lartë (> 3m)",
    "Gjendja": "E mirë",
    "KordinataX": 21.16175,
    "KordinataY": 42.65724,
    "Photo": ""
  },
  {
    "id": 2200305,
    "Lloji": "Gjethëmbajtës",
    "Lartesi": "I lartë (> 3m)",
    "Gjendja": "E mirë",
    "KordinataX": 21.16175,
    "KordinataY": 42.65721,
    "Photo": ""
  },
  {
    "id": 2200306,
    "Lloji": "Gjethëmbajtës",
    "Lartesi": "I mesëm (1 - 3m)",
    "Gjendja": "E mirë",
    "KordinataX": 21.16174,
    "KordinataY": 42.65717,
    "Photo": ""
  },
  {
    "id": 2200307,
    "Lloji": "Gjethërënës",
    "Lartesi": "I lartë (> 3m)",
    "Gjendja": "E mirë",
    "KordinataX": 21.16174,
    "KordinataY": 42.65718,
    "Photo": ""
  },
  {
    "id": 2200308,
    "Lloji": "Gjethërënës",
    "Lartesi": "I lartë (> 3m)",
    "Gjendja": "E mirë",
    "KordinataX": 21.16174,
    "KordinataY": 42.65716,
    "Photo": ""
  },
  {
    "id": 2200309,
    "Lloji": "Gjethërënës",
    "Lartesi": "I lartë (> 3m)",
    "Gjendja": "E mirë",
    "KordinataX": 21.16174,
    "KordinataY": 42.65715,
    "Photo": ""
  },
  {
    "id": 2200311,
    "Lloji": "Gjethërënës",
    "Lartesi": "I lartë (> 3m)",
    "Gjendja": "E mirë",
    "KordinataX": 21.16167,
    "KordinataY": 42.6571,
    "Photo": ""
  },
  {
    "id": 2200312,
    "Lloji": "Gjethërënës",
    "Lartesi": "I lartë (> 3m)",
    "Gjendja": "E mirë",
    "KordinataX": 21.16164,
    "KordinataY": 42.65709,
    "Photo": ""
  },
  {
    "id": 2200313,
    "Lloji": "Gjethërënës",
    "Lartesi": "I lartë (> 3m)",
    "Gjendja": "E mirë",
    "KordinataX": 21.16163,
    "KordinataY": 42.65708,
    "Photo": ""
  },
  {
    "id": 2200314,
    "Lloji": "Gjethërënës",
    "Lartesi": "I lartë (> 3m)",
    "Gjendja": "E mirë",
    "KordinataX": 21.1616,
    "KordinataY": 42.65706,
    "Photo": ""
  },
  {
    "id": 2200315,
    "Lloji": "Gjethëmbajtës",
    "Lartesi": "I ulët (< 1m)",
    "Gjendja": "Jo e mirë",
    "KordinataX": 21.16151,
    "KordinataY": 42.65713,
    "Photo": ""
  },
  {
    "id": 2200316,
    "Lloji": "Gjethëmbajtës",
    "Lartesi": "I ulët (< 1m)",
    "Gjendja": "Jo e mirë",
    "KordinataX": 21.16148,
    "KordinataY": 42.65716,
    "Photo": ""
  },
  {
    "id": 2200317,
    "Lloji": "Gjethëmbajtës",
    "Lartesi": "I ulët (< 1m)",
    "Gjendja": "E mirë",
    "KordinataX": 21.16147,
    "KordinataY": 42.65712,
    "Photo": ""
  },
  {
    "id": 2200318,
    "Lloji": "Gjethërënës",
    "Lartesi": "I mesëm (1 - 3m)",
    "Gjendja": "E mirë",
    "KordinataX": 21.1612,
    "KordinataY": 42.65735,
    "Photo": ""
  },
  {
    "id": 2200319,
    "Lloji": "Gjethërënës",
    "Lartesi": "I mesëm (1 - 3m)",
    "Gjendja": "E mirë",
    "KordinataX": 21.16122,
    "KordinataY": 42.65735,
    "Photo": ""
  },
  {
    "id": 2200320,
    "Lloji": "Gjethërënës",
    "Lartesi": "I mesëm (1 - 3m)",
    "Gjendja": "E mirë",
    "KordinataX": 21.16124,
    "KordinataY": 42.65732,
    "Photo": ""
  },
  {
    "id": 2200321,
    "Lloji": "Gjethërënës",
    "Lartesi": "I mesëm (1 - 3m)",
    "Gjendja": "E mirë",
    "KordinataX": 21.16121,
    "KordinataY": 42.65733,
    "Photo": ""
  },
  {
    "id": 2200322,
    "Lloji": "Gjethërënës",
    "Lartesi": "I mesëm (1 - 3m)",
    "Gjendja": "E mirë",
    "KordinataX": 21.16114,
    "KordinataY": 42.6574,
    "Photo": ""
  },
  {
    "id": 2200323,
    "Lloji": "Gjethërënës",
    "Lartesi": "I lartë (> 3m)",
    "Gjendja": "E mirë",
    "KordinataX": 21.16109,
    "KordinataY": 42.65725,
    "Photo": ""
  },
  {
    "id": 2200324,
    "Lloji": "Gjethërënës",
    "Lartesi": "I lartë (> 3m)",
    "Gjendja": "E mirë",
    "KordinataX": 21.16106,
    "KordinataY": 42.65723,
    "Photo": "DCIM/20190419111407099.jpg"
  },
  {
    "id": 2200325,
    "Lloji": "Gjethërënës",
    "Lartesi": "I lartë (> 3m)",
    "Gjendja": "E mirë",
    "KordinataX": 21.16118,
    "KordinataY": 42.65715,
    "Photo": ""
  },
  {
    "id": 2200326,
    "Lloji": "Gjethërënës",
    "Lartesi": "I lartë (> 3m)",
    "Gjendja": "E mirë",
    "KordinataX": 21.16119,
    "KordinataY": 42.65719,
    "Photo": ""
  },
  {
    "id": 2200327,
    "Lloji": "Gjethërënës",
    "Lartesi": "I lartë (> 3m)",
    "Gjendja": "E mirë",
    "KordinataX": 21.16116,
    "KordinataY": 42.6572,
    "Photo": ""
  },
  {
    "id": 2200328,
    "Lloji": "Gjethërënës",
    "Lartesi": "I lartë (> 3m)",
    "Gjendja": "E mirë",
    "KordinataX": 21.1612,
    "KordinataY": 42.65722,
    "Photo": ""
  },
  {
    "id": 2200329,
    "Lloji": "Gjethërënës",
    "Lartesi": "I lartë (> 3m)",
    "Gjendja": "E mirë",
    "KordinataX": 21.16118,
    "KordinataY": 42.65724,
    "Photo": ""
  },
  {
    "id": 2200330,
    "Lloji": "Gjethërënës",
    "Lartesi": "I lartë (> 3m)",
    "Gjendja": "E mirë",
    "KordinataX": 21.16115,
    "KordinataY": 42.65724,
    "Photo": ""
  },
  {
    "id": 2200331,
    "Lloji": "Gjethërënës",
    "Lartesi": "I lartë (> 3m)",
    "Gjendja": "E mirë",
    "KordinataX": 21.16112,
    "KordinataY": 42.65719,
    "Photo": ""
  },
  {
    "id": 2200332,
    "Lloji": "Gjethërënës",
    "Lartesi": "I lartë (> 3m)",
    "Gjendja": "E mirë",
    "KordinataX": 21.16111,
    "KordinataY": 42.65717,
    "Photo": ""
  },
  {
    "id": 2200333,
    "Lloji": "Gjethëmbajtës",
    "Lartesi": "I mesëm (1 - 3m)",
    "Gjendja": "E mirë",
    "KordinataX": 21.16139,
    "KordinataY": 42.65699,
    "Photo": ""
  },
  {
    "id": 2200334,
    "Lloji": "Gjethëmbajtës",
    "Lartesi": "I mesëm (1 - 3m)",
    "Gjendja": "E mirë",
    "KordinataX": 21.16143,
    "KordinataY": 42.65692,
    "Photo": ""
  },
  {
    "id": 2200335,
    "Lloji": "Gjethëmbajtës",
    "Lartesi": "I mesëm (1 - 3m)",
    "Gjendja": "E mirë",
    "KordinataX": 21.16145,
    "KordinataY": 42.65688,
    "Photo": ""
  },
  {
    "id": 2200336,
    "Lloji": "Gjethëmbajtës",
    "Lartesi": "I mesëm (1 - 3m)",
    "Gjendja": "E mirë",
    "KordinataX": 21.16145,
    "KordinataY": 42.65697,
    "Photo": ""
  },
  {
    "id": 2200337,
    "Lloji": "Gjethëmbajtës",
    "Lartesi": "I mesëm (1 - 3m)",
    "Gjendja": "E mirë",
    "KordinataX": 21.16137,
    "KordinataY": 42.65688,
    "Photo": ""
  },
  {
    "id": 2200338,
    "Lloji": "Gjethëmbajtës",
    "Lartesi": "I mesëm (1 - 3m)",
    "Gjendja": "E mirë",
    "KordinataX": 21.16127,
    "KordinataY": 42.65687,
    "Photo": ""
  },
  {
    "id": 2200339,
    "Lloji": "Gjethëmbajtës",
    "Lartesi": "I mesëm (1 - 3m)",
    "Gjendja": "E mirë",
    "KordinataX": 21.16162,
    "KordinataY": 42.65682,
    "Photo": ""
  },
  {
    "id": 2200340,
    "Lloji": "Gjethërënës",
    "Lartesi": "I lartë (> 3m)",
    "Gjendja": "E mirë",
    "KordinataX": 21.16121,
    "KordinataY": 42.65683,
    "Photo": ""
  },
  {
    "id": 2200341,
    "Lloji": "Gjethërënës",
    "Lartesi": "I lartë (> 3m)",
    "Gjendja": "E mirë",
    "KordinataX": 21.16118,
    "KordinataY": 42.65681,
    "Photo": ""
  },
  {
    "id": 2200342,
    "Lloji": "Gjethërënës",
    "Lartesi": "I lartë (> 3m)",
    "Gjendja": "E mirë",
    "KordinataX": 21.16118,
    "KordinataY": 42.65677,
    "Photo": ""
  },
  {
    "id": 2200343,
    "Lloji": "Gjethërënës",
    "Lartesi": "I lartë (> 3m)",
    "Gjendja": "E mirë",
    "KordinataX": 21.16131,
    "KordinataY": 42.65676,
    "Photo": ""
  },
  {
    "id": 2200344,
    "Lloji": "Gjethërënës",
    "Lartesi": "I lartë (> 3m)",
    "Gjendja": "E mirë",
    "KordinataX": 21.16149,
    "KordinataY": 42.65674,
    "Photo": ""
  },
  {
    "id": 2200345,
    "Lloji": "Gjethërënës",
    "Lartesi": "I lartë (> 3m)",
    "Gjendja": "E mirë",
    "KordinataX": 21.16157,
    "KordinataY": 42.65672,
    "Photo": ""
  },
  {
    "id": 2200346,
    "Lloji": "Gjethërënës",
    "Lartesi": "I lartë (> 3m)",
    "Gjendja": "E mirë",
    "KordinataX": 21.1616,
    "KordinataY": 42.65675,
    "Photo": ""
  },
  {
    "id": 2200347,
    "Lloji": "Gjethërënës",
    "Lartesi": "I ulët (< 1m)",
    "Gjendja": "E mirë",
    "KordinataX": 21.16157,
    "KordinataY": 42.65682,
    "Photo": ""
  },
  {
    "id": 2200348,
    "Lloji": "Gjethërënës",
    "Lartesi": "I lartë (> 3m)",
    "Gjendja": "E mirë",
    "KordinataX": 21.16155,
    "KordinataY": 42.65668,
    "Photo": ""
  },
  {
    "id": 2200349,
    "Lloji": "Gjethërënës",
    "Lartesi": "I lartë (> 3m)",
    "Gjendja": "E mirë",
    "KordinataX": 21.16148,
    "KordinataY": 42.65668,
    "Photo": ""
  },
  {
    "id": 2200350,
    "Lloji": "Gjethërënës",
    "Lartesi": "I lartë (> 3m)",
    "Gjendja": "E mirë",
    "KordinataX": 21.16142,
    "KordinataY": 42.6567,
    "Photo": ""
  },
  {
    "id": 2200351,
    "Lloji": "Gjethërënës",
    "Lartesi": "I lartë (> 3m)",
    "Gjendja": "E mirë",
    "KordinataX": 21.16137,
    "KordinataY": 42.6567,
    "Photo": ""
  },
  {
    "id": 2200352,
    "Lloji": "Gjethërënës",
    "Lartesi": "I lartë (> 3m)",
    "Gjendja": "E mirë",
    "KordinataX": 21.16132,
    "KordinataY": 42.65671,
    "Photo": ""
  },
  {
    "id": 2200353,
    "Lloji": "Gjethëmbajtës",
    "Lartesi": "I lartë (> 3m)",
    "Gjendja": "E mirë",
    "KordinataX": 21.16114,
    "KordinataY": 42.65673,
    "Photo": ""
  },
  {
    "id": 2200354,
    "Lloji": "Gjethëmbajtës",
    "Lartesi": "I lartë (> 3m)",
    "Gjendja": "E mirë",
    "KordinataX": 21.16111,
    "KordinataY": 42.65675,
    "Photo": ""
  },
  {
    "id": 2200364,
    "Lloji": "Gjethëmbajtës",
    "Lartesi": "I lartë (> 3m)",
    "Gjendja": "E mirë",
    "KordinataX": 21.16166,
    "KordinataY": 42.65699,
    "Photo": ""
  },
  {
    "id": 2200365,
    "Lloji": "Gjethëmbajtës",
    "Lartesi": "I lartë (> 3m)",
    "Gjendja": "E mirë",
    "KordinataX": 21.16167,
    "KordinataY": 42.65697,
    "Photo": ""
  },
  {
    "id": 2200386,
    "Lloji": "Gjethërënës",
    "Lartesi": "I lartë (> 3m)",
    "Gjendja": "E mirë",
    "KordinataX": 21.1609,
    "KordinataY": 42.65715,
    "Photo": ""
  },
  {
    "id": 2200387,
    "Lloji": "Gjethërënës",
    "Lartesi": "I lartë (> 3m)",
    "Gjendja": "E mirë",
    "KordinataX": 21.16101,
    "KordinataY": 42.65713,
    "Photo": ""
  },
  {
    "id": 2200388,
    "Lloji": "Gjethërënës",
    "Lartesi": "I lartë (> 3m)",
    "Gjendja": "E mirë",
    "KordinataX": 21.16107,
    "KordinataY": 42.65709,
    "Photo": ""
  },
  {
    "id": 2200389,
    "Lloji": "Gjethërënës",
    "Lartesi": "I lartë (> 3m)",
    "Gjendja": "E mirë",
    "KordinataX": 21.16113,
    "KordinataY": 42.65706,
    "Photo": ""
  },
  {
    "id": 2200390,
    "Lloji": "Gjethërënës",
    "Lartesi": "I lartë (> 3m)",
    "Gjendja": "E mirë",
    "KordinataX": 21.16083,
    "KordinataY": 42.65709,
    "Photo": ""
  },
  {
    "id": 2200391,
    "Lloji": "Gjethërënës",
    "Lartesi": "I lartë (> 3m)",
    "Gjendja": "E mirë",
    "KordinataX": 21.16082,
    "KordinataY": 42.65701,
    "Photo": ""
  },
  {
    "id": 2200392,
    "Lloji": "Gjethërënës",
    "Lartesi": "I lartë (> 3m)",
    "Gjendja": "E mirë",
    "KordinataX": 21.1608,
    "KordinataY": 42.65697,
    "Photo": ""
  },
  {
    "id": 2200393,
    "Lloji": "Gjethërënës",
    "Lartesi": "I lartë (> 3m)",
    "Gjendja": "E mirë",
    "KordinataX": 21.16081,
    "KordinataY": 42.65694,
    "Photo": ""
  },
  {
    "id": 2200394,
    "Lloji": "Gjethërënës",
    "Lartesi": "I lartë (> 3m)",
    "Gjendja": "E mirë",
    "KordinataX": 21.16077,
    "KordinataY": 42.65691,
    "Photo": ""
  },
  {
    "id": 2200395,
    "Lloji": "Gjethërënës",
    "Lartesi": "I lartë (> 3m)",
    "Gjendja": "E mirë",
    "KordinataX": 21.16083,
    "KordinataY": 42.65689,
    "Photo": ""
  },
  {
    "id": 2200396,
    "Lloji": "Gjethërënës",
    "Lartesi": "I lartë (> 3m)",
    "Gjendja": "E mirë",
    "KordinataX": 21.16089,
    "KordinataY": 42.65688,
    "Photo": ""
  },
  {
    "id": 2200397,
    "Lloji": "Gjethërënës",
    "Lartesi": "I lartë (> 3m)",
    "Gjendja": "E mirë",
    "KordinataX": 21.16088,
    "KordinataY": 42.65684,
    "Photo": ""
  },
  {
    "id": 2200398,
    "Lloji": "Gjethërënës",
    "Lartesi": "I lartë (> 3m)",
    "Gjendja": "E mirë",
    "KordinataX": 21.16083,
    "KordinataY": 42.65685,
    "Photo": ""
  },
  {
    "id": 2200399,
    "Lloji": "Gjethërënës",
    "Lartesi": "I lartë (> 3m)",
    "Gjendja": "E mirë",
    "KordinataX": 21.16103,
    "KordinataY": 42.65692,
    "Photo": ""
  },
  {
    "id": 2200400,
    "Lloji": "Gjethërënës",
    "Lartesi": "I lartë (> 3m)",
    "Gjendja": "E mirë",
    "KordinataX": 21.16101,
    "KordinataY": 42.65687,
    "Photo": ""
  },
  {
    "id": 2200401,
    "Lloji": "Gjethërënës",
    "Lartesi": "I lartë (> 3m)",
    "Gjendja": "E mirë",
    "KordinataX": 21.16111,
    "KordinataY": 42.65695,
    "Photo": ""
  },
  {
    "id": 2200402,
    "Lloji": "Gjethërënës",
    "Lartesi": "I lartë (> 3m)",
    "Gjendja": "E mirë",
    "KordinataX": 21.16106,
    "KordinataY": 42.65686,
    "Photo": ""
  },
  {
    "id": 2200403,
    "Lloji": "Gjethërënës",
    "Lartesi": "I lartë (> 3m)",
    "Gjendja": "E mirë",
    "KordinataX": 21.16099,
    "KordinataY": 42.65685,
    "Photo": ""
  },
  {
    "id": 2200404,
    "Lloji": "Gjethërënës",
    "Lartesi": "I lartë (> 3m)",
    "Gjendja": "E mirë",
    "KordinataX": 21.16099,
    "KordinataY": 42.65683,
    "Photo": ""
  },
  {
    "id": 2200405,
    "Lloji": "Gjethërënës",
    "Lartesi": "I lartë (> 3m)",
    "Gjendja": "E mirë",
    "KordinataX": 21.16097,
    "KordinataY": 42.65681,
    "Photo": ""
  },
  {
    "id": 2200406,
    "Lloji": "Gjethërënës",
    "Lartesi": "I lartë (> 3m)",
    "Gjendja": "E mirë",
    "KordinataX": 21.16098,
    "KordinataY": 42.65679,
    "Photo": ""
  },
  {
    "id": 2200407,
    "Lloji": "Gjethërënës",
    "Lartesi": "I lartë (> 3m)",
    "Gjendja": "E mirë",
    "KordinataX": 21.16104,
    "KordinataY": 42.65685,
    "Photo": ""
  },
  {
    "id": 2200408,
    "Lloji": "Gjethërënës",
    "Lartesi": "I lartë (> 3m)",
    "Gjendja": "E mirë",
    "KordinataX": 21.16104,
    "KordinataY": 42.65688,
    "Photo": ""
  },
  {
    "id": 2200409,
    "Lloji": "Gjethërënës",
    "Lartesi": "I lartë (> 3m)",
    "Gjendja": "E mirë",
    "KordinataX": 21.16107,
    "KordinataY": 42.65689,
    "Photo": ""
  },
  {
    "id": 2200410,
    "Lloji": "Gjethërënës",
    "Lartesi": "I lartë (> 3m)",
    "Gjendja": "E mirë",
    "KordinataX": 21.16089,
    "KordinataY": 42.65681,
    "Photo": ""
  },
  {
    "id": 2200411,
    "Lloji": "Gjethërënës",
    "Lartesi": "I lartë (> 3m)",
    "Gjendja": "E mirë",
    "KordinataX": 21.16086,
    "KordinataY": 42.6568,
    "Photo": ""
  },
  {
    "id": 2200412,
    "Lloji": "Gjethërënës",
    "Lartesi": "I lartë (> 3m)",
    "Gjendja": "E mirë",
    "KordinataX": 21.16082,
    "KordinataY": 42.6568,
    "Photo": ""
  },
  {
    "id": 2200413,
    "Lloji": "Gjethërënës",
    "Lartesi": "I lartë (> 3m)",
    "Gjendja": "E mirë",
    "KordinataX": 21.16078,
    "KordinataY": 42.6568,
    "Photo": ""
  },
  {
    "id": 2200414,
    "Lloji": "Gjethërënës",
    "Lartesi": "I lartë (> 3m)",
    "Gjendja": "E mirë",
    "KordinataX": 21.16075,
    "KordinataY": 42.6568,
    "Photo": ""
  },
  {
    "id": 2200415,
    "Lloji": "Gjethërënës",
    "Lartesi": "I lartë (> 3m)",
    "Gjendja": "E mirë",
    "KordinataX": 21.16076,
    "KordinataY": 42.65684,
    "Photo": ""
  },
  {
    "id": 2200416,
    "Lloji": "Gjethërënës",
    "Lartesi": "I lartë (> 3m)",
    "Gjendja": "E mirë",
    "KordinataX": 21.16078,
    "KordinataY": 42.65685,
    "Photo": ""
  },
  {
    "id": 2200417,
    "Lloji": "Gjethërënës",
    "Lartesi": "I lartë (> 3m)",
    "Gjendja": "E mirë",
    "KordinataX": 21.16061,
    "KordinataY": 42.65682,
    "Photo": ""
  },
  {
    "id": 2200418,
    "Lloji": "Gjethërënës",
    "Lartesi": "I lartë (> 3m)",
    "Gjendja": "E mirë",
    "KordinataX": 21.16058,
    "KordinataY": 42.65684,
    "Photo": ""
  },
  {
    "id": 2200419,
    "Lloji": "Gjethërënës",
    "Lartesi": "I lartë (> 3m)",
    "Gjendja": "E mirë",
    "KordinataX": 21.16057,
    "KordinataY": 42.65686,
    "Photo": ""
  },
  {
    "id": 2200420,
    "Lloji": "Gjethërënës",
    "Lartesi": "I lartë (> 3m)",
    "Gjendja": "E mirë",
    "KordinataX": 21.16052,
    "KordinataY": 42.65686,
    "Photo": ""
  },
  {
    "id": 2200421,
    "Lloji": "Gjethërënës",
    "Lartesi": "I lartë (> 3m)",
    "Gjendja": "E mirë",
    "KordinataX": 21.16049,
    "KordinataY": 42.65689,
    "Photo": ""
  },
  {
    "id": 2200422,
    "Lloji": "Gjethërënës",
    "Lartesi": "I lartë (> 3m)",
    "Gjendja": "E mirë",
    "KordinataX": 21.16052,
    "KordinataY": 42.65689,
    "Photo": ""
  },
  {
    "id": 2200423,
    "Lloji": "Gjethërënës",
    "Lartesi": "I lartë (> 3m)",
    "Gjendja": "E mirë",
    "KordinataX": 21.16049,
    "KordinataY": 42.65686,
    "Photo": ""
  },
  {
    "id": 2200424,
    "Lloji": "Gjethërënës",
    "Lartesi": "I lartë (> 3m)",
    "Gjendja": "E mirë",
    "KordinataX": 21.16057,
    "KordinataY": 42.6569,
    "Photo": ""
  },
  {
    "id": 2200425,
    "Lloji": "Gjethërënës",
    "Lartesi": "I lartë (> 3m)",
    "Gjendja": "E mirë",
    "KordinataX": 21.16055,
    "KordinataY": 42.65694,
    "Photo": ""
  },
  {
    "id": 2200426,
    "Lloji": "Gjethërënës",
    "Lartesi": "I lartë (> 3m)",
    "Gjendja": "E mirë",
    "KordinataX": 21.16049,
    "KordinataY": 42.65693,
    "Photo": ""
  },
  {
    "id": 2200427,
    "Lloji": "Gjethërënës",
    "Lartesi": "I lartë (> 3m)",
    "Gjendja": "E mirë",
    "KordinataX": 21.16052,
    "KordinataY": 42.65692,
    "Photo": ""
  },
  {
    "id": 2200428,
    "Lloji": "Gjethërënës",
    "Lartesi": "I lartë (> 3m)",
    "Gjendja": "E mirë",
    "KordinataX": 21.1605,
    "KordinataY": 42.65696,
    "Photo": ""
  },
  {
    "id": 2200429,
    "Lloji": "Gjethërënës",
    "Lartesi": "I lartë (> 3m)",
    "Gjendja": "E mirë",
    "KordinataX": 21.16054,
    "KordinataY": 42.65688,
    "Photo": ""
  },
  {
    "id": 2200430,
    "Lloji": "Gjethërënës",
    "Lartesi": "I lartë (> 3m)",
    "Gjendja": "E mirë",
    "KordinataX": 21.16051,
    "KordinataY": 42.65687,
    "Photo": ""
  },
  {
    "id": 2200431,
    "Lloji": "Gjethërënës",
    "Lartesi": "I lartë (> 3m)",
    "Gjendja": "E mirë",
    "KordinataX": 21.16058,
    "KordinataY": 42.65687,
    "Photo": ""
  },
  {
    "id": 2200432,
    "Lloji": "Gjethërënës",
    "Lartesi": "I lartë (> 3m)",
    "Gjendja": "E mirë",
    "KordinataX": 21.16062,
    "KordinataY": 42.65687,
    "Photo": ""
  },
  {
    "id": 2200433,
    "Lloji": "Gjethërënës",
    "Lartesi": "I lartë (> 3m)",
    "Gjendja": "E mirë",
    "KordinataX": 21.16063,
    "KordinataY": 42.65685,
    "Photo": ""
  },
  {
    "id": 2200433,
    "Lloji": "Gjethërënës",
    "Lartesi": "I lartë (> 3m)",
    "Gjendja": "Jo e mirë",
    "KordinataX": 21.16066,
    "KordinataY": 42.65684,
    "Photo": ""
  },
  {
    "id": 2200434,
    "Lloji": "Gjethërënës",
    "Lartesi": "I lartë (> 3m)",
    "Gjendja": "Jo e mirë",
    "KordinataX": 21.16065,
    "KordinataY": 42.65682,
    "Photo": ""
  },
  {
    "id": 2200435,
    "Lloji": "Gjethërënës",
    "Lartesi": "I lartë (> 3m)",
    "Gjendja": "E mirë",
    "KordinataX": 21.16055,
    "KordinataY": 42.65683,
    "Photo": ""
  },
  {
    "id": 2200436,
    "Lloji": "Gjethërënës",
    "Lartesi": "I lartë (> 3m)",
    "Gjendja": "E mirë",
    "KordinataX": 21.16048,
    "KordinataY": 42.65691,
    "Photo": ""
  },
  {
    "id": 2200437,
    "Lloji": "Gjethërënës",
    "Lartesi": "I lartë (> 3m)",
    "Gjendja": "E mirë",
    "KordinataX": 21.16044,
    "KordinataY": 42.65701,
    "Photo": ""
  },
  {
    "id": 2200438,
    "Lloji": "Gjethërënës",
    "Lartesi": "I lartë (> 3m)",
    "Gjendja": "E mirë",
    "KordinataX": 21.16053,
    "KordinataY": 42.65702,
    "Photo": ""
  },
  {
    "id": 2200439,
    "Lloji": "Gjethërënës",
    "Lartesi": "I lartë (> 3m)",
    "Gjendja": "E mirë",
    "KordinataX": 21.16053,
    "KordinataY": 42.65706,
    "Photo": ""
  },
  {
    "id": 2200440,
    "Lloji": "Gjethërënës",
    "Lartesi": "I lartë (> 3m)",
    "Gjendja": "E mirë",
    "KordinataX": 21.16046,
    "KordinataY": 42.65707,
    "Photo": ""
  },
  {
    "id": 2200441,
    "Lloji": "Gjethërënës",
    "Lartesi": "I lartë (> 3m)",
    "Gjendja": "E mirë",
    "KordinataX": 21.16054,
    "KordinataY": 42.65708,
    "Photo": ""
  },
  {
    "id": 2200442,
    "Lloji": "Gjethërënës",
    "Lartesi": "I lartë (> 3m)",
    "Gjendja": "E mirë",
    "KordinataX": 21.16057,
    "KordinataY": 42.65714,
    "Photo": ""
  },
  {
    "id": 2200443,
    "Lloji": "Gjethërënës",
    "Lartesi": "I lartë (> 3m)",
    "Gjendja": "E mirë",
    "KordinataX": 21.16059,
    "KordinataY": 42.65719,
    "Photo": ""
  },
  {
    "id": 2200444,
    "Lloji": "Gjethërënës",
    "Lartesi": "I lartë (> 3m)",
    "Gjendja": "E mirë",
    "KordinataX": 21.16062,
    "KordinataY": 42.65725,
    "Photo": ""
  },
  {
    "id": 2200445,
    "Lloji": "Gjethërënës",
    "Lartesi": "I lartë (> 3m)",
    "Gjendja": "E mirë",
    "KordinataX": 21.16058,
    "KordinataY": 42.65725,
    "Photo": ""
  },
  {
    "id": 2200446,
    "Lloji": "Gjethërënës",
    "Lartesi": "I lartë (> 3m)",
    "Gjendja": "E mirë",
    "KordinataX": 21.16053,
    "KordinataY": 42.65724,
    "Photo": ""
  },
  {
    "id": 2200447,
    "Lloji": "Gjethërënës",
    "Lartesi": "I lartë (> 3m)",
    "Gjendja": "E mirë",
    "KordinataX": 21.16053,
    "KordinataY": 42.65721,
    "Photo": ""
  },
  {
    "id": 2200448,
    "Lloji": "Gjethërënës",
    "Lartesi": "I lartë (> 3m)",
    "Gjendja": "E mirë",
    "KordinataX": 21.16051,
    "KordinataY": 42.65717,
    "Photo": ""
  },
  {
    "id": 2200449,
    "Lloji": "Gjethërënës",
    "Lartesi": "I lartë (> 3m)",
    "Gjendja": "E mirë",
    "KordinataX": 21.16046,
    "KordinataY": 42.65715,
    "Photo": ""
  },
  {
    "id": 2200450,
    "Lloji": "Gjethërënës",
    "Lartesi": "I lartë (> 3m)",
    "Gjendja": "E mirë",
    "KordinataX": 21.16044,
    "KordinataY": 42.65719,
    "Photo": ""
  },
  {
    "id": 2200451,
    "Lloji": "Gjethërënës",
    "Lartesi": "I lartë (> 3m)",
    "Gjendja": "E mirë",
    "KordinataX": 21.16037,
    "KordinataY": 42.6569,
    "Photo": ""
  },
  {
    "id": 2200452,
    "Lloji": "Gjethërënës",
    "Lartesi": "I lartë (> 3m)",
    "Gjendja": "E mirë",
    "KordinataX": 21.16047,
    "KordinataY": 42.6573,
    "Photo": ""
  },
  {
    "id": 2200453,
    "Lloji": "Gjethërënës",
    "Lartesi": "I lartë (> 3m)",
    "Gjendja": "E mirë",
    "KordinataX": 21.16055,
    "KordinataY": 42.65731,
    "Photo": ""
  },
  {
    "id": 2200454,
    "Lloji": "Gjethërënës",
    "Lartesi": "I lartë (> 3m)",
    "Gjendja": "E mirë",
    "KordinataX": 21.16064,
    "KordinataY": 42.65733,
    "Photo": ""
  },
  {
    "id": 2200455,
    "Lloji": "Gjethërënës",
    "Lartesi": "I lartë (> 3m)",
    "Gjendja": "E mirë",
    "KordinataX": 21.1607,
    "KordinataY": 42.65734,
    "Photo": ""
  },
  {
    "id": 2200456,
    "Lloji": "Gjethërënës",
    "Lartesi": "I lartë (> 3m)",
    "Gjendja": "E mirë",
    "KordinataX": 21.16077,
    "KordinataY": 42.65731,
    "Photo": ""
  },
  {
    "id": 2200457,
    "Lloji": "Gjethërënës",
    "Lartesi": "I lartë (> 3m)",
    "Gjendja": "E mirë",
    "KordinataX": 21.16062,
    "KordinataY": 42.6573,
    "Photo": ""
  },
  {
    "id": 2200458,
    "Lloji": "Gjethërënës",
    "Lartesi": "I lartë (> 3m)",
    "Gjendja": "Jo e mirë",
    "KordinataX": 21.16058,
    "KordinataY": 42.65735,
    "Photo": ""
  },
  {
    "id": 2200459,
    "Lloji": "Gjethërënës",
    "Lartesi": "I lartë (> 3m)",
    "Gjendja": "E mirë",
    "KordinataX": 21.16064,
    "KordinataY": 42.65738,
    "Photo": ""
  },
  {
    "id": 2200460,
    "Lloji": "Gjethërënës",
    "Lartesi": "I lartë (> 3m)",
    "Gjendja": "E mirë",
    "KordinataX": 21.16068,
    "KordinataY": 42.6574,
    "Photo": ""
  },
  {
    "id": 2200461,
    "Lloji": "Gjethërënës",
    "Lartesi": "I lartë (> 3m)",
    "Gjendja": "E mirë",
    "KordinataX": 21.16057,
    "KordinataY": 42.65739,
    "Photo": ""
  },
  {
    "id": 2200462,
    "Lloji": "Gjethërënës",
    "Lartesi": "I lartë (> 3m)",
    "Gjendja": "E mirë",
    "KordinataX": 21.16087,
    "KordinataY": 42.65745,
    "Photo": ""
  },
  {
    "id": 2200463,
    "Lloji": "Gjethërënës",
    "Lartesi": "I lartë (> 3m)",
    "Gjendja": "E mirë",
    "KordinataX": 21.16077,
    "KordinataY": 42.65744,
    "Photo": ""
  },
  {
    "id": 2200464,
    "Lloji": "Gjethërënës",
    "Lartesi": "I lartë (> 3m)",
    "Gjendja": "E mirë",
    "KordinataX": 21.16075,
    "KordinataY": 42.6574,
    "Photo": ""
  },
  {
    "id": 2200465,
    "Lloji": "Gjethërënës",
    "Lartesi": "I lartë (> 3m)",
    "Gjendja": "E mirë",
    "KordinataX": 21.16081,
    "KordinataY": 42.65736,
    "Photo": ""
  },
  {
    "id": 2200466,
    "Lloji": "Gjethërënës",
    "Lartesi": "I lartë (> 3m)",
    "Gjendja": "E mirë",
    "KordinataX": 21.16088,
    "KordinataY": 42.6574,
    "Photo": ""
  },
  {
    "id": 2200467,
    "Lloji": "Gjethërënës",
    "Lartesi": "I lartë (> 3m)",
    "Gjendja": "E mirë",
    "KordinataX": 21.16093,
    "KordinataY": 42.65734,
    "Photo": ""
  },
  {
    "id": 2200468,
    "Lloji": "Gjethërënës",
    "Lartesi": "I lartë (> 3m)",
    "Gjendja": "E mirë",
    "KordinataX": 21.16086,
    "KordinataY": 42.6573,
    "Photo": ""
  },
  {
    "id": 2200469,
    "Lloji": "Gjethërënës",
    "Lartesi": "I lartë (> 3m)",
    "Gjendja": "E mirë",
    "KordinataX": 21.16081,
    "KordinataY": 42.65748,
    "Photo": ""
  },
  {
    "id": 2200470,
    "Lloji": "Gjethërënës",
    "Lartesi": "I lartë (> 3m)",
    "Gjendja": "E mirë",
    "KordinataX": 21.16065,
    "KordinataY": 42.65745,
    "Photo": ""
  },
  {
    "id": 2200471,
    "Lloji": "Gjethërënës",
    "Lartesi": "I lartë (> 3m)",
    "Gjendja": "E mirë",
    "KordinataX": 21.16058,
    "KordinataY": 42.65744,
    "Photo": ""
  },
  {
    "id": 2200472,
    "Lloji": "Gjethërënës",
    "Lartesi": "I lartë (> 3m)",
    "Gjendja": "E mirë",
    "KordinataX": 21.16034,
    "KordinataY": 42.65742,
    "Photo": ""
  },
  {
    "id": 2200473,
    "Lloji": "Gjethërënës",
    "Lartesi": "I lartë (> 3m)",
    "Gjendja": "E mirë",
    "KordinataX": 21.16032,
    "KordinataY": 42.65735,
    "Photo": ""
  },
  {
    "id": 2200474,
    "Lloji": "Gjethërënës",
    "Lartesi": "I lartë (> 3m)",
    "Gjendja": "E mirë",
    "KordinataX": 21.16033,
    "KordinataY": 42.65728,
    "Photo": ""
  },
  {
    "id": 2200475,
    "Lloji": "Gjethërënës",
    "Lartesi": "I lartë (> 3m)",
    "Gjendja": "E mirë",
    "KordinataX": 21.1603,
    "KordinataY": 42.65721,
    "Photo": ""
  },
  {
    "id": 2200476,
    "Lloji": "Gjethërënës",
    "Lartesi": "I lartë (> 3m)",
    "Gjendja": "E mirë",
    "KordinataX": 21.1603,
    "KordinataY": 42.65715,
    "Photo": ""
  },
  {
    "id": 2200477,
    "Lloji": "Gjethërënës",
    "Lartesi": "I lartë (> 3m)",
    "Gjendja": "E mirë",
    "KordinataX": 21.16029,
    "KordinataY": 42.6571,
    "Photo": ""
  },
  {
    "id": 2200478,
    "Lloji": "Gjethërënës",
    "Lartesi": "I lartë (> 3m)",
    "Gjendja": "E mirë",
    "KordinataX": 21.16027,
    "KordinataY": 42.65704,
    "Photo": ""
  },
  {
    "id": 2200479,
    "Lloji": "Gjethërënës",
    "Lartesi": "I lartë (> 3m)",
    "Gjendja": "E mirë",
    "KordinataX": 21.16026,
    "KordinataY": 42.65697,
    "Photo": ""
  },
  {
    "id": 2200480,
    "Lloji": "Gjethërënës",
    "Lartesi": "I lartë (> 3m)",
    "Gjendja": "E mirë",
    "KordinataX": 21.16023,
    "KordinataY": 42.65691,
    "Photo": ""
  },
  {
    "id": 2200481,
    "Lloji": "Gjethërënës",
    "Lartesi": "I lartë (> 3m)",
    "Gjendja": "E mirë",
    "KordinataX": 21.16028,
    "KordinataY": 42.65746,
    "Photo": ""
  },
  {
    "id": 2200482,
    "Lloji": "Gjethërënës",
    "Lartesi": "I lartë (> 3m)",
    "Gjendja": "E mirë",
    "KordinataX": 21.16026,
    "KordinataY": 42.65743,
    "Photo": ""
  },
  {
    "id": 2200483,
    "Lloji": "Gjethërënës",
    "Lartesi": "I lartë (> 3m)",
    "Gjendja": "E mirë",
    "KordinataX": 21.16025,
    "KordinataY": 42.65739,
    "Photo": ""
  },
  {
    "id": 2200484,
    "Lloji": "Gjethërënës",
    "Lartesi": "I lartë (> 3m)",
    "Gjendja": "E mirë",
    "KordinataX": 21.16025,
    "KordinataY": 42.65736,
    "Photo": ""
  },
  {
    "id": 2200485,
    "Lloji": "Gjethërënës",
    "Lartesi": "I lartë (> 3m)",
    "Gjendja": "E mirë",
    "KordinataX": 21.16023,
    "KordinataY": 42.65735,
    "Photo": ""
  },
  {
    "id": 2200486,
    "Lloji": "Gjethërënës",
    "Lartesi": "I lartë (> 3m)",
    "Gjendja": "E mirë",
    "KordinataX": 21.16024,
    "KordinataY": 42.65732,
    "Photo": ""
  },
  {
    "id": 2200487,
    "Lloji": "Gjethërënës",
    "Lartesi": "I lartë (> 3m)",
    "Gjendja": "E mirë",
    "KordinataX": 21.16023,
    "KordinataY": 42.6573,
    "Photo": ""
  },
  {
    "id": 2200488,
    "Lloji": "Gjethërënës",
    "Lartesi": "I lartë (> 3m)",
    "Gjendja": "E mirë",
    "KordinataX": 21.16024,
    "KordinataY": 42.65727,
    "Photo": ""
  },
  {
    "id": 2200489,
    "Lloji": "Gjethërënës",
    "Lartesi": "I lartë (> 3m)",
    "Gjendja": "E mirë",
    "KordinataX": 21.16021,
    "KordinataY": 42.65725,
    "Photo": ""
  },
  {
    "id": 2200490,
    "Lloji": "Gjethërënës",
    "Lartesi": "I lartë (> 3m)",
    "Gjendja": "E mirë",
    "KordinataX": 21.16022,
    "KordinataY": 42.65724,
    "Photo": ""
  },
  {
    "id": 2200491,
    "Lloji": "Gjethërënës",
    "Lartesi": "I lartë (> 3m)",
    "Gjendja": "E mirë",
    "KordinataX": 21.16021,
    "KordinataY": 42.65721,
    "Photo": ""
  },
  {
    "id": 2200492,
    "Lloji": "Gjethërënës",
    "Lartesi": "I lartë (> 3m)",
    "Gjendja": "E mirë",
    "KordinataX": 21.16021,
    "KordinataY": 42.65718,
    "Photo": ""
  },
  {
    "id": 2200493,
    "Lloji": "Gjethërënës",
    "Lartesi": "I lartë (> 3m)",
    "Gjendja": "E mirë",
    "KordinataX": 21.1602,
    "KordinataY": 42.65714,
    "Photo": ""
  },
  {
    "id": 2200494,
    "Lloji": "Gjethërënës",
    "Lartesi": "I lartë (> 3m)",
    "Gjendja": "E mirë",
    "KordinataX": 21.1602,
    "KordinataY": 42.6571,
    "Photo": ""
  },
  {
    "id": 2200495,
    "Lloji": "Gjethërënës",
    "Lartesi": "I lartë (> 3m)",
    "Gjendja": "E mirë",
    "KordinataX": 21.16017,
    "KordinataY": 42.65706,
    "Photo": ""
  },
  {
    "id": 2200496,
    "Lloji": "Gjethërënës",
    "Lartesi": "I lartë (> 3m)",
    "Gjendja": "E mirë",
    "KordinataX": 21.16017,
    "KordinataY": 42.65701,
    "Photo": ""
  },
  {
    "id": 2200497,
    "Lloji": "Gjethërënës",
    "Lartesi": "I lartë (> 3m)",
    "Gjendja": "E mirë",
    "KordinataX": 21.16015,
    "KordinataY": 42.65695,
    "Photo": ""
  },
  {
    "id": 2200499,
    "Lloji": "Gjethërënës",
    "Lartesi": "I lartë (> 3m)",
    "Gjendja": "E mirë",
    "KordinataX": 21.16035,
    "KordinataY": 42.65751,
    "Photo": ""
  },
  {
    "id": 2200500,
    "Lloji": "Gjethëmbajtës",
    "Lartesi": "I lartë (> 3m)",
    "Gjendja": "E mirë",
    "KordinataX": 21.16035,
    "KordinataY": 42.65753,
    "Photo": ""
  },
  {
    "id": 2200501,
    "Lloji": "Gjethëmbajtës",
    "Lartesi": "I lartë (> 3m)",
    "Gjendja": "E mirë",
    "KordinataX": 21.16034,
    "KordinataY": 42.65753,
    "Photo": ""
  },
  {
    "id": 2200502,
    "Lloji": "Gjethëmbajtës",
    "Lartesi": "I lartë (> 3m)",
    "Gjendja": "E mirë",
    "KordinataX": 21.16036,
    "KordinataY": 42.65753,
    "Photo": ""
  },
  {
    "id": 2200506,
    "Lloji": "Gjethëmbajtës",
    "Lartesi": "I lartë (> 3m)",
    "Gjendja": "E mirë",
    "KordinataX": 21.16038,
    "KordinataY": 42.65755,
    "Photo": ""
  },
  {
    "id": 2200507,
    "Lloji": "Gjethëmbajtës",
    "Lartesi": "I lartë (> 3m)",
    "Gjendja": "E mirë",
    "KordinataX": 21.16039,
    "KordinataY": 42.65755,
    "Photo": ""
  },
  {
    "id": 2200508,
    "Lloji": "Gjethëmbajtës",
    "Lartesi": "I lartë (> 3m)",
    "Gjendja": "E mirë",
    "KordinataX": 21.1604,
    "KordinataY": 42.65755,
    "Photo": ""
  },
  {
    "id": 2200509,
    "Lloji": "Gjethëmbajtës",
    "Lartesi": "I lartë (> 3m)",
    "Gjendja": "E mirë",
    "KordinataX": 21.16042,
    "KordinataY": 42.65755,
    "Photo": ""
  },
  {
    "id": 2200510,
    "Lloji": "Gjethëmbajtës",
    "Lartesi": "I lartë (> 3m)",
    "Gjendja": "E mirë",
    "KordinataX": 21.16043,
    "KordinataY": 42.65755,
    "Photo": ""
  },
  {
    "id": 2200511,
    "Lloji": "Gjethëmbajtës",
    "Lartesi": "I lartë (> 3m)",
    "Gjendja": "E mirë",
    "KordinataX": 21.16045,
    "KordinataY": 42.65755,
    "Photo": ""
  },
  {
    "id": 2200511,
    "Lloji": "Gjethërënës",
    "Lartesi": "I lartë (> 3m)",
    "Gjendja": "E mirë",
    "KordinataX": 21.1605,
    "KordinataY": 42.65757,
    "Photo": ""
  },
  {
    "id": 2200512,
    "Lloji": "Gjethërënës",
    "Lartesi": "I lartë (> 3m)",
    "Gjendja": "E mirë",
    "KordinataX": 21.16051,
    "KordinataY": 42.65754,
    "Photo": ""
  },
  {
    "id": 2200513,
    "Lloji": "Gjethërënës",
    "Lartesi": "I lartë (> 3m)",
    "Gjendja": "E mirë",
    "KordinataX": 21.16054,
    "KordinataY": 42.65752,
    "Photo": ""
  },
  {
    "id": 2200514,
    "Lloji": "Gjethëmbajtës",
    "Lartesi": "I lartë (> 3m)",
    "Gjendja": "E mirë",
    "KordinataX": 21.16048,
    "KordinataY": 42.65754,
    "Photo": ""
  },
  {
    "id": 2200521,
    "Lloji": "Gjethërënës",
    "Lartesi": "I lartë (> 3m)",
    "Gjendja": "E mirë",
    "KordinataX": 21.16034,
    "KordinataY": 42.6578,
    "Photo": ""
  },
  {
    "id": 2200522,
    "Lloji": "Gjethërënës",
    "Lartesi": "I lartë (> 3m)",
    "Gjendja": "E mirë",
    "KordinataX": 21.16036,
    "KordinataY": 42.65789,
    "Photo": ""
  },
  {
    "id": 2200523,
    "Lloji": "Gjethërënës",
    "Lartesi": "I lartë (> 3m)",
    "Gjendja": "E mirë",
    "KordinataX": 21.16039,
    "KordinataY": 42.65784,
    "Photo": ""
  },
  {
    "id": 2200524,
    "Lloji": "Gjethërënës",
    "Lartesi": "I ulët (< 1m)",
    "Gjendja": "E mirë",
    "KordinataX": 21.16058,
    "KordinataY": 42.6578,
    "Photo": ""
  },
  {
    "id": 2200525,
    "Lloji": "Gjethëmbajtës",
    "Lartesi": "I ulët (< 1m)",
    "Gjendja": "E mirë",
    "KordinataX": 21.16057,
    "KordinataY": 42.65784,
    "Photo": ""
  },
  {
    "id": 2200526,
    "Lloji": "Gjethëmbajtës",
    "Lartesi": "I lartë (> 3m)",
    "Gjendja": "E mirë",
    "KordinataX": 21.16067,
    "KordinataY": 42.6579,
    "Photo": ""
  },
  {
    "id": 2200527,
    "Lloji": "Gjethëmbajtës",
    "Lartesi": "I lartë (> 3m)",
    "Gjendja": "E mirë",
    "KordinataX": 21.1607,
    "KordinataY": 42.65793,
    "Photo": ""
  },
  {
    "id": 2200528,
    "Lloji": "Gjethëmbajtës",
    "Lartesi": "I lartë (> 3m)",
    "Gjendja": "E mirë",
    "KordinataX": 21.1607,
    "KordinataY": 42.6579,
    "Photo": ""
  },
  {
    "id": 2200529,
    "Lloji": "Gjethëmbajtës",
    "Lartesi": "I lartë (> 3m)",
    "Gjendja": "E mirë",
    "KordinataX": 21.16073,
    "KordinataY": 42.65795,
    "Photo": ""
  },
  {
    "id": 2200530,
    "Lloji": "Gjethëmbajtës",
    "Lartesi": "I lartë (> 3m)",
    "Gjendja": "E mirë",
    "KordinataX": 21.16074,
    "KordinataY": 42.65797,
    "Photo": ""
  },
  {
    "id": 2200531,
    "Lloji": "Gjethëmbajtës",
    "Lartesi": "I lartë (> 3m)",
    "Gjendja": "E mirë",
    "KordinataX": 21.16075,
    "KordinataY": 42.658,
    "Photo": ""
  },
  {
    "id": 2200532,
    "Lloji": "Gjethëmbajtës",
    "Lartesi": "I lartë (> 3m)",
    "Gjendja": "E mirë",
    "KordinataX": 21.16077,
    "KordinataY": 42.65802,
    "Photo": ""
  },
  {
    "id": 2200533,
    "Lloji": "Gjethëmbajtës",
    "Lartesi": "I lartë (> 3m)",
    "Gjendja": "E mirë",
    "KordinataX": 21.16058,
    "KordinataY": 42.6579,
    "Photo": ""
  },
  {
    "id": 2200534,
    "Lloji": "Gjethëmbajtës",
    "Lartesi": "I lartë (> 3m)",
    "Gjendja": "E mirë",
    "KordinataX": 21.16064,
    "KordinataY": 42.65794,
    "Photo": ""
  },
  {
    "id": 2200534,
    "Lloji": "Gjethëmbajtës",
    "Lartesi": "I ulët (< 1m)",
    "Gjendja": "E mirë",
    "KordinataX": 21.16061,
    "KordinataY": 42.65795,
    "Photo": ""
  },
  {
    "id": 2200535,
    "Lloji": "Gjethëmbajtës",
    "Lartesi": "I ulët (< 1m)",
    "Gjendja": "E mirë",
    "KordinataX": 21.16063,
    "KordinataY": 42.65798,
    "Photo": ""
  },
  {
    "id": 2200536,
    "Lloji": "Gjethërënës",
    "Lartesi": "I ulët (< 1m)",
    "Gjendja": "E mirë",
    "KordinataX": 21.16067,
    "KordinataY": 42.65801,
    "Photo": ""
  },
  {
    "id": 2200536,
    "Lloji": "Gjethërënës",
    "Lartesi": "I lartë (> 3m)",
    "Gjendja": "E mirë",
    "KordinataX": 21.16065,
    "KordinataY": 42.65803,
    "Photo": ""
  },
  {
    "id": 2200536,
    "Lloji": "Gjethëmbajtës",
    "Lartesi": "I mesëm (1 - 3m)",
    "Gjendja": "E mirë",
    "KordinataX": 21.16068,
    "KordinataY": 42.65806,
    "Photo": ""
  },
  {
    "id": 2200537,
    "Lloji": "Gjethëmbajtës",
    "Lartesi": "I mesëm (1 - 3m)",
    "Gjendja": "E mirë",
    "KordinataX": 21.16069,
    "KordinataY": 42.65808,
    "Photo": ""
  },
  {
    "id": 2200538,
    "Lloji": "Gjethëmbajtës",
    "Lartesi": "I mesëm (1 - 3m)",
    "Gjendja": "E mirë",
    "KordinataX": 21.1607,
    "KordinataY": 42.65812,
    "Photo": ""
  },
  {
    "id": 2200539,
    "Lloji": "Gjethëmbajtës",
    "Lartesi": "I lartë (> 3m)",
    "Gjendja": "E mirë",
    "KordinataX": 21.16071,
    "KordinataY": 42.65818,
    "Photo": ""
  },
  {
    "id": 2200540,
    "Lloji": "Gjethëmbajtës",
    "Lartesi": "I lartë (> 3m)",
    "Gjendja": "E mirë",
    "KordinataX": 21.16073,
    "KordinataY": 42.6582,
    "Photo": ""
  },
  {
    "id": 2200541,
    "Lloji": "Gjethëmbajtës",
    "Lartesi": "I lartë (> 3m)",
    "Gjendja": "E mirë",
    "KordinataX": 21.16071,
    "KordinataY": 42.65815,
    "Photo": ""
  },
  {
    "id": 2200542,
    "Lloji": "Gjethërënës",
    "Lartesi": "I lartë (> 3m)",
    "Gjendja": "E mirë",
    "KordinataX": 21.1608,
    "KordinataY": 42.65815,
    "Photo": ""
  },
  {
    "id": 2200543,
    "Lloji": "Gjethërënës",
    "Lartesi": "I lartë (> 3m)",
    "Gjendja": "Jo e mirë",
    "KordinataX": 21.16083,
    "KordinataY": 42.65819,
    "Photo": ""
  },
  {
    "id": 2200544,
    "Lloji": "Gjethërënës",
    "Lartesi": "I lartë (> 3m)",
    "Gjendja": "Jo e mirë",
    "KordinataX": 21.16072,
    "KordinataY": 42.65837,
    "Photo": ""
  },
  {
    "id": 2200545,
    "Lloji": "Gjethërënës",
    "Lartesi": "I lartë (> 3m)",
    "Gjendja": "Jo e mirë",
    "KordinataX": 21.16074,
    "KordinataY": 42.65832,
    "Photo": ""
  },
  {
    "id": 2200546,
    "Lloji": "Gjethërënës",
    "Lartesi": "I lartë (> 3m)",
    "Gjendja": "E mirë",
    "KordinataX": 21.16046,
    "KordinataY": 42.6582,
    "Photo": ""
  },
  {
    "id": 2200547,
    "Lloji": "Gjethërënës",
    "Lartesi": "I lartë (> 3m)",
    "Gjendja": "E mirë",
    "KordinataX": 21.16048,
    "KordinataY": 42.65826,
    "Photo": ""
  },
  {
    "id": 2200548,
    "Lloji": "Gjethërënës",
    "Lartesi": "I lartë (> 3m)",
    "Gjendja": "E mirë",
    "KordinataX": 21.16048,
    "KordinataY": 42.65831,
    "Photo": ""
  },
  {
    "id": 2200549,
    "Lloji": "Gjethërënës",
    "Lartesi": "I lartë (> 3m)",
    "Gjendja": "E mirë",
    "KordinataX": 21.1605,
    "KordinataY": 42.65837,
    "Photo": ""
  },
  {
    "id": 2200550,
    "Lloji": "Gjethërënës",
    "Lartesi": "I lartë (> 3m)",
    "Gjendja": "E mirë",
    "KordinataX": 21.16052,
    "KordinataY": 42.65849,
    "Photo": ""
  },
  {
    "id": 2200551,
    "Lloji": "Gjethërënës",
    "Lartesi": "I lartë (> 3m)",
    "Gjendja": "E mirë",
    "KordinataX": 21.16053,
    "KordinataY": 42.65854,
    "Photo": ""
  },
  {
    "id": 2200552,
    "Lloji": "Gjethërënës",
    "Lartesi": "I mesëm (1 - 3m)",
    "Gjendja": "E mirë",
    "KordinataX": 21.16075,
    "KordinataY": 42.65846,
    "Photo": ""
  },
  {
    "id": 2200553,
    "Lloji": "Gjethërënës",
    "Lartesi": "I mesëm (1 - 3m)",
    "Gjendja": "E mirë",
    "KordinataX": 21.1608,
    "KordinataY": 42.65844,
    "Photo": ""
  },
  {
    "id": 2200554,
    "Lloji": "Gjethërënës",
    "Lartesi": "I mesëm (1 - 3m)",
    "Gjendja": "E mirë",
    "KordinataX": 21.16092,
    "KordinataY": 42.65842,
    "Photo": ""
  },
  {
    "id": 2200555,
    "Lloji": "Gjethërënës",
    "Lartesi": "I mesëm (1 - 3m)",
    "Gjendja": "E mirë",
    "KordinataX": 21.16101,
    "KordinataY": 42.65842,
    "Photo": ""
  },
  {
    "id": 2200556,
    "Lloji": "Gjethërënës",
    "Lartesi": "I mesëm (1 - 3m)",
    "Gjendja": "E mirë",
    "KordinataX": 21.16109,
    "KordinataY": 42.6584,
    "Photo": ""
  },
  {
    "id": 2200557,
    "Lloji": "Gjethërënës",
    "Lartesi": "I mesëm (1 - 3m)",
    "Gjendja": "E mirë",
    "KordinataX": 21.16117,
    "KordinataY": 42.6584,
    "Photo": ""
  },
  {
    "id": 2200558,
    "Lloji": "Gjethërënës",
    "Lartesi": "I lartë (> 3m)",
    "Gjendja": "E mirë",
    "KordinataX": 21.16125,
    "KordinataY": 42.65838,
    "Photo": ""
  },
  {
    "id": 2200559,
    "Lloji": "Gjethërënës",
    "Lartesi": "I lartë (> 3m)",
    "Gjendja": "E mirë",
    "KordinataX": 21.16132,
    "KordinataY": 42.65837,
    "Photo": ""
  },
  {
    "id": 2200560,
    "Lloji": "Gjethërënës",
    "Lartesi": "I mesëm (1 - 3m)",
    "Gjendja": "E mirë",
    "KordinataX": 21.16128,
    "KordinataY": 42.65838,
    "Photo": ""
  },
  {
    "id": 2200561,
    "Lloji": "Gjethërënës",
    "Lartesi": "I mesëm (1 - 3m)",
    "Gjendja": "E mirë",
    "KordinataX": 21.16137,
    "KordinataY": 42.65836,
    "Photo": ""
  },
  {
    "id": 2200562,
    "Lloji": "Gjethërënës",
    "Lartesi": "I lartë (> 3m)",
    "Gjendja": "E mirë",
    "KordinataX": 21.16142,
    "KordinataY": 42.65835,
    "Photo": ""
  }
]