[
  {
    "id": 120001,
    "Lloji": "Gjethërënës",
    "Lartesi": "I lartë (> 3m)",
    "Gjendja": "E mirë",
    "KordinataX": 21.15473,
    "KordinataY": 42.65715,
    "Photo": "DCIM/20190401100335775.jpg"
  },
  {
    "id": 120002,
    "Lloji": "Gjethërënës",
    "Lartesi": "I lartë (> 3m)",
    "Gjendja": "E mirë",
    "KordinataX": 21.15481,
    "KordinataY": 42.65717,
    "Photo": "DCIM/20190401100512917.jpg"
  },
  {
    "id": 120003,
    "Lloji": "Gjethërënës",
    "Lartesi": "I lartë (> 3m)",
    "Gjendja": "E mirë",
    "KordinataX": 21.15488,
    "KordinataY": 42.65719,
    "Photo": "DCIM/20190401100600586.jpg"
  },
  {
    "id": 120004,
    "Lloji": "Gjethëmbajtës",
    "Lartesi": "I mesëm (1 - 3m)",
    "Gjendja": "E mirë",
    "KordinataX": 21.15473,
    "KordinataY": 42.65717,
    "Photo": "DCIM/20190401100821338.jpg"
  },
  {
    "id": 120005,
    "Lloji": "Gjethëmbajtës",
    "Lartesi": "I mesëm (1 - 3m)",
    "Gjendja": "E mirë",
    "KordinataX": 21.15487,
    "KordinataY": 42.6572,
    "Photo": ""
  },
  {
    "id": 120006,
    "Lloji": "Gjethëmbajtës",
    "Lartesi": "I mesëm (1 - 3m)",
    "Gjendja": "E mirë",
    "KordinataX": 21.15489,
    "KordinataY": 42.6572,
    "Photo": ""
  },
  {
    "id": 120007,
    "Lloji": "Gjethëmbajtës",
    "Lartesi": "I mesëm (1 - 3m)",
    "Gjendja": "E mirë",
    "KordinataX": 21.1549,
    "KordinataY": 42.6572,
    "Photo": ""
  },
  {
    "id": 120008,
    "Lloji": "Gjethëmbajtës",
    "Lartesi": "I mesëm (1 - 3m)",
    "Gjendja": "E mirë",
    "KordinataX": 21.15491,
    "KordinataY": 42.6572,
    "Photo": ""
  },
  {
    "id": 120009,
    "Lloji": "Gjethëmbajtës",
    "Lartesi": "I mesëm (1 - 3m)",
    "Gjendja": "E mirë",
    "KordinataX": 21.15492,
    "KordinataY": 42.6572,
    "Photo": ""
  },
  {
    "id": 120010,
    "Lloji": "Gjethëmbajtës",
    "Lartesi": "I mesëm (1 - 3m)",
    "Gjendja": "E mirë",
    "KordinataX": 21.15494,
    "KordinataY": 42.65721,
    "Photo": ""
  },
  {
    "id": 120011,
    "Lloji": "Gjethëmbajtës",
    "Lartesi": "I mesëm (1 - 3m)",
    "Gjendja": "E mirë",
    "KordinataX": 21.15488,
    "KordinataY": 42.6572,
    "Photo": ""
  },
  {
    "id": 120012,
    "Lloji": "Gjethëmbajtës",
    "Lartesi": "I mesëm (1 - 3m)",
    "Gjendja": "E mirë",
    "KordinataX": 21.15489,
    "KordinataY": 42.6572,
    "Photo": ""
  },
  {
    "id": 120013,
    "Lloji": "Gjethëmbajtës",
    "Lartesi": "I mesëm (1 - 3m)",
    "Gjendja": "E mirë",
    "KordinataX": 21.15491,
    "KordinataY": 42.6572,
    "Photo": ""
  },
  {
    "id": 120014,
    "Lloji": "Gjethëmbajtës",
    "Lartesi": "I mesëm (1 - 3m)",
    "Gjendja": "E mirë",
    "KordinataX": 21.15492,
    "KordinataY": 42.6572,
    "Photo": ""
  },
  {
    "id": 120015,
    "Lloji": "Gjethërënës",
    "Lartesi": "I lartë (> 3m)",
    "Gjendja": "E mirë",
    "KordinataX": 21.15512,
    "KordinataY": 42.65726,
    "Photo": "DCIM/20190401101616523.jpg"
  },
  {
    "id": 120016,
    "Lloji": "Gjethërënës",
    "Lartesi": "I lartë (> 3m)",
    "Gjendja": "E mirë",
    "KordinataX": 21.15522,
    "KordinataY": 42.65728,
    "Photo": "DCIM/20190401101812820.jpg"
  },
  {
    "id": 120017,
    "Lloji": "Gjethëmbajtës",
    "Lartesi": "I lartë (> 3m)",
    "Gjendja": "E mirë",
    "KordinataX": 21.15501,
    "KordinataY": 42.65725,
    "Photo": "DCIM/20190401101907164.jpg"
  },
  {
    "id": 120018,
    "Lloji": "Gjethëmbajtës",
    "Lartesi": "I lartë (> 3m)",
    "Gjendja": "E mirë",
    "KordinataX": 21.15511,
    "KordinataY": 42.65729,
    "Photo": "DCIM/20190401101939137.jpg"
  },
  {
    "id": 120019,
    "Lloji": "Gjethëmbajtës",
    "Lartesi": "I lartë (> 3m)",
    "Gjendja": "E mirë",
    "KordinataX": 21.15508,
    "KordinataY": 42.65732,
    "Photo": "DCIM/20190401102006492.jpg"
  },
  {
    "id": 120020,
    "Lloji": "Gjethëmbajtës",
    "Lartesi": "I lartë (> 3m)",
    "Gjendja": "E mirë",
    "KordinataX": 21.15509,
    "KordinataY": 42.6573,
    "Photo": ""
  },
  {
    "id": 120022,
    "Lloji": "Gjethërënës",
    "Lartesi": "I lartë (> 3m)",
    "Gjendja": "E mirë",
    "KordinataX": 21.15528,
    "KordinataY": 42.65729,
    "Photo": "DCIM/20190401102211555.jpg"
  },
  {
    "id": 120022,
    "Lloji": "Gjethërënës",
    "Lartesi": "I lartë (> 3m)",
    "Gjendja": "E mirë",
    "KordinataX": 21.15538,
    "KordinataY": 42.65732,
    "Photo": "DCIM/20190401102252167.jpg"
  },
  {
    "id": 120023,
    "Lloji": "Gjethëmbajtës",
    "Lartesi": "I lartë (> 3m)",
    "Gjendja": "E mirë",
    "KordinataX": 21.15527,
    "KordinataY": 42.65732,
    "Photo": "DCIM/20190401102334828.jpg"
  },
  {
    "id": 120024,
    "Lloji": "Gjethëmbajtës",
    "Lartesi": "I lartë (> 3m)",
    "Gjendja": "E mirë",
    "KordinataX": 21.15527,
    "KordinataY": 42.65733,
    "Photo": ""
  },
  {
    "id": 120025,
    "Lloji": "Gjethëmbajtës",
    "Lartesi": "I lartë (> 3m)",
    "Gjendja": "E mirë",
    "KordinataX": 21.15527,
    "KordinataY": 42.65734,
    "Photo": ""
  },
  {
    "id": 120025,
    "Lloji": "Gjethëmbajtës",
    "Lartesi": "I lartë (> 3m)",
    "Gjendja": "E mirë",
    "KordinataX": 21.15527,
    "KordinataY": 42.65734,
    "Photo": ""
  },
  {
    "id": 120026,
    "Lloji": "Gjethëmbajtës",
    "Lartesi": "I lartë (> 3m)",
    "Gjendja": "E mirë",
    "KordinataX": 21.15526,
    "KordinataY": 42.65735,
    "Photo": ""
  },
  {
    "id": 120027,
    "Lloji": "Gjethëmbajtës",
    "Lartesi": "I lartë (> 3m)",
    "Gjendja": "Jo e mirë",
    "KordinataX": 21.15526,
    "KordinataY": 42.65736,
    "Photo": ""
  },
  {
    "id": 120028,
    "Lloji": "Gjethëmbajtës",
    "Lartesi": "I lartë (> 3m)",
    "Gjendja": "Jo e mirë",
    "KordinataX": 21.15526,
    "KordinataY": 42.65736,
    "Photo": ""
  },
  {
    "id": 120029,
    "Lloji": "Gjethëmbajtës",
    "Lartesi": "I lartë (> 3m)",
    "Gjendja": "Jo e mirë",
    "KordinataX": 21.15526,
    "KordinataY": 42.65737,
    "Photo": "DCIM/20190401103005161.jpg"
  },
  {
    "id": 120030,
    "Lloji": "Gjethëmbajtës",
    "Lartesi": "I lartë (> 3m)",
    "Gjendja": "E mirë",
    "KordinataX": 21.1553,
    "KordinataY": 42.65733,
    "Photo": "DCIM/20190401103043492.jpg"
  },
  {
    "id": 120031,
    "Lloji": "Gjethëmbajtës",
    "Lartesi": "I mesëm (1 - 3m)",
    "Gjendja": "E mirë",
    "KordinataX": 21.15532,
    "KordinataY": 42.65733,
    "Photo": "DCIM/20190401103104390.jpg"
  },
  {
    "id": 120032,
    "Lloji": "Gjethëmbajtës",
    "Lartesi": "I mesëm (1 - 3m)",
    "Gjendja": "E mirë",
    "KordinataX": 21.15534,
    "KordinataY": 42.65734,
    "Photo": "DCIM/20190401103133037.jpg"
  },
  {
    "id": 120033,
    "Lloji": "Gjethëmbajtës",
    "Lartesi": "I mesëm (1 - 3m)",
    "Gjendja": "E mirë",
    "KordinataX": 21.15535,
    "KordinataY": 42.65734,
    "Photo": "DCIM/20190401103247502.jpg"
  },
  {
    "id": 120034,
    "Lloji": "Gjethëmbajtës",
    "Lartesi": "I mesëm (1 - 3m)",
    "Gjendja": "E mirë",
    "KordinataX": 21.15536,
    "KordinataY": 42.65735,
    "Photo": "DCIM/20190401103311878.jpg"
  },
  {
    "id": 120035,
    "Lloji": "Gjethërënës",
    "Lartesi": "I lartë (> 3m)",
    "Gjendja": "E mirë",
    "KordinataX": 21.15545,
    "KordinataY": 42.65734,
    "Photo": "DCIM/20190401103402505.jpg"
  },
  {
    "id": 120036,
    "Lloji": "Gjethëmbajtës",
    "Lartesi": "I mesëm (1 - 3m)",
    "Gjendja": "E mirë",
    "KordinataX": 21.15544,
    "KordinataY": 42.65737,
    "Photo": ""
  },
  {
    "id": 120037,
    "Lloji": "Gjethëmbajtës",
    "Lartesi": "I mesëm (1 - 3m)",
    "Gjendja": "E mirë",
    "KordinataX": 21.15544,
    "KordinataY": 42.65738,
    "Photo": "DCIM/20190401103539945.jpg"
  },
  {
    "id": 120038,
    "Lloji": "Gjethëmbajtës",
    "Lartesi": "I mesëm (1 - 3m)",
    "Gjendja": "E mirë",
    "KordinataX": 21.15544,
    "KordinataY": 42.65739,
    "Photo": ""
  },
  {
    "id": 120039,
    "Lloji": "Gjethëmbajtës",
    "Lartesi": "I mesëm (1 - 3m)",
    "Gjendja": "E mirë",
    "KordinataX": 21.15543,
    "KordinataY": 42.6574,
    "Photo": ""
  },
  {
    "id": 120040,
    "Lloji": "Gjethëmbajtës",
    "Lartesi": "I mesëm (1 - 3m)",
    "Gjendja": "E mirë",
    "KordinataX": 21.15543,
    "KordinataY": 42.65741,
    "Photo": ""
  },
  {
    "id": 120041,
    "Lloji": "Gjethëmbajtës",
    "Lartesi": "I mesëm (1 - 3m)",
    "Gjendja": "E mirë",
    "KordinataX": 21.15542,
    "KordinataY": 42.65742,
    "Photo": ""
  },
  {
    "id": 120042,
    "Lloji": "Gjethëmbajtës",
    "Lartesi": "I mesëm (1 - 3m)",
    "Gjendja": "E mirë",
    "KordinataX": 21.15542,
    "KordinataY": 42.65743,
    "Photo": ""
  },
  {
    "id": 120043,
    "Lloji": "Gjethëmbajtës",
    "Lartesi": "I mesëm (1 - 3m)",
    "Gjendja": "E mirë",
    "KordinataX": 21.15542,
    "KordinataY": 42.65744,
    "Photo": ""
  },
  {
    "id": 120044,
    "Lloji": "Gjethëmbajtës",
    "Lartesi": "I mesëm (1 - 3m)",
    "Gjendja": "E mirë",
    "KordinataX": 21.15541,
    "KordinataY": 42.65745,
    "Photo": ""
  },
  {
    "id": 120045,
    "Lloji": "Gjethëmbajtës",
    "Lartesi": "I mesëm (1 - 3m)",
    "Gjendja": "E mirë",
    "KordinataX": 21.1554,
    "KordinataY": 42.65745,
    "Photo": ""
  },
  {
    "id": 120046,
    "Lloji": "Gjethëmbajtës",
    "Lartesi": "I lartë (> 3m)",
    "Gjendja": "E mirë",
    "KordinataX": 21.15547,
    "KordinataY": 42.65738,
    "Photo": "DCIM/20190401103817132.jpg"
  },
  {
    "id": 120047,
    "Lloji": "Gjethërënës",
    "Lartesi": "I lartë (> 3m)",
    "Gjendja": "E mirë",
    "KordinataX": 21.15555,
    "KordinataY": 42.65738,
    "Photo": "DCIM/20190401103854182.jpg"
  },
  {
    "id": 120048,
    "Lloji": "Gjethërënës",
    "Lartesi": "I lartë (> 3m)",
    "Gjendja": "E mirë",
    "KordinataX": 21.15572,
    "KordinataY": 42.65741,
    "Photo": "DCIM/20190401103931830.jpg"
  },
  {
    "id": 120049,
    "Lloji": "Gjethëmbajtës",
    "Lartesi": "I lartë (> 3m)",
    "Gjendja": "E mirë",
    "KordinataX": 21.15577,
    "KordinataY": 42.65751,
    "Photo": "DCIM/20190401104001115.jpg"
  },
  {
    "id": 120050,
    "Lloji": "Gjethërënës",
    "Lartesi": "I lartë (> 3m)",
    "Gjendja": "E mirë",
    "KordinataX": 21.1557,
    "KordinataY": 42.65743,
    "Photo": "DCIM/20190401104030223.jpg"
  },
  {
    "id": 120051,
    "Lloji": "Gjethërënës",
    "Lartesi": "I mesëm (1 - 3m)",
    "Gjendja": "E mirë",
    "KordinataX": 21.15564,
    "KordinataY": 42.65744,
    "Photo": "DCIM/20190401104105246.jpg"
  },
  {
    "id": 120052,
    "Lloji": "Gjethërënës",
    "Lartesi": "I mesëm (1 - 3m)",
    "Gjendja": "E mirë",
    "KordinataX": 21.15571,
    "KordinataY": 42.65746,
    "Photo": "DCIM/20190401104158308.jpg"
  },
  {
    "id": 120053,
    "Lloji": "Gjethërënës",
    "Lartesi": "I mesëm (1 - 3m)",
    "Gjendja": "E mirë",
    "KordinataX": 21.15579,
    "KordinataY": 42.65747,
    "Photo": "DCIM/20190401104233079.jpg"
  },
  {
    "id": 120054,
    "Lloji": "Gjethërënës",
    "Lartesi": "I mesëm (1 - 3m)",
    "Gjendja": "E mirë",
    "KordinataX": 21.15579,
    "KordinataY": 42.65749,
    "Photo": "DCIM/20190401104254467.jpg"
  },
  {
    "id": 120052,
    "Lloji": "Gjethërënës",
    "Lartesi": "I lartë (> 3m)",
    "Gjendja": "E mirë",
    "KordinataX": 21.15596,
    "KordinataY": 42.65749,
    "Photo": "DCIM/20190401104340521.jpg"
  },
  {
    "id": 120056,
    "Lloji": "Gjethëmbajtës",
    "Lartesi": "I mesëm (1 - 3m)",
    "Gjendja": "E mirë",
    "KordinataX": 21.15596,
    "KordinataY": 42.6575,
    "Photo": "DCIM/20190401104738201.jpg"
  },
  {
    "id": 120057,
    "Lloji": "Gjethëmbajtës",
    "Lartesi": "I mesëm (1 - 3m)",
    "Gjendja": "E mirë",
    "KordinataX": 21.15596,
    "KordinataY": 42.65751,
    "Photo": "DCIM/20190401104800015.jpg"
  },
  {
    "id": 120058,
    "Lloji": "Gjethëmbajtës",
    "Lartesi": "I mesëm (1 - 3m)",
    "Gjendja": "E mirë",
    "KordinataX": 21.15597,
    "KordinataY": 42.65751,
    "Photo": "DCIM/20190401104821530.jpg"
  },
  {
    "id": 120059,
    "Lloji": "Gjethëmbajtës",
    "Lartesi": "I mesëm (1 - 3m)",
    "Gjendja": "E mirë",
    "KordinataX": 21.15589,
    "KordinataY": 42.65767,
    "Photo": ""
  },
  {
    "id": 120060,
    "Lloji": "Gjethërënës",
    "Lartesi": "I lartë (> 3m)",
    "Gjendja": "E mirë",
    "KordinataX": 21.15608,
    "KordinataY": 42.65753,
    "Photo": "DCIM/20190401104902935.jpg"
  },
  {
    "id": 120061,
    "Lloji": "Gjethërënës",
    "Lartesi": "I lartë (> 3m)",
    "Gjendja": "E mirë",
    "KordinataX": 21.15613,
    "KordinataY": 42.65754,
    "Photo": "DCIM/20190401104930746.jpg"
  },
  {
    "id": 120062,
    "Lloji": "Gjethërënës",
    "Lartesi": "I mesëm (1 - 3m)",
    "Gjendja": "E mirë",
    "KordinataX": 21.15613,
    "KordinataY": 42.65758,
    "Photo": "DCIM/20190401105001853.jpg"
  },
  {
    "id": 120063,
    "Lloji": "Gjethërënës",
    "Lartesi": "I lartë (> 3m)",
    "Gjendja": "E mirë",
    "KordinataX": 21.1562,
    "KordinataY": 42.65756,
    "Photo": "DCIM/20190401105030814.jpg"
  },
  {
    "id": 120064,
    "Lloji": "Gjethërënës",
    "Lartesi": "I mesëm (1 - 3m)",
    "Gjendja": "E mirë",
    "KordinataX": 21.15615,
    "KordinataY": 42.65758,
    "Photo": "DCIM/20190401105104734.jpg"
  },
  {
    "id": 120065,
    "Lloji": "Gjethërënës",
    "Lartesi": "I mesëm (1 - 3m)",
    "Gjendja": "E mirë",
    "KordinataX": 21.15609,
    "KordinataY": 42.65767,
    "Photo": ""
  },
  {
    "id": 120065,
    "Lloji": "Gjethërënës",
    "Lartesi": "I mesëm (1 - 3m)",
    "Gjendja": "E mirë",
    "KordinataX": 21.15606,
    "KordinataY": 42.65772,
    "Photo": ""
  },
  {
    "id": 120066,
    "Lloji": "Gjethërënës",
    "Lartesi": "I lartë (> 3m)",
    "Gjendja": "E mirë",
    "KordinataX": 21.15628,
    "KordinataY": 42.6576,
    "Photo": "DCIM/20190401105232464.jpg"
  },
  {
    "id": 120067,
    "Lloji": "Gjethërënës",
    "Lartesi": "I lartë (> 3m)",
    "Gjendja": "E mirë",
    "KordinataX": 21.15639,
    "KordinataY": 42.65762,
    "Photo": "DCIM/20190401105301726.jpg"
  },
  {
    "id": 120068,
    "Lloji": "Gjethërënës",
    "Lartesi": "I mesëm (1 - 3m)",
    "Gjendja": "E mirë",
    "KordinataX": 21.1562,
    "KordinataY": 42.65778,
    "Photo": ""
  },
  {
    "id": 120069,
    "Lloji": "Gjethërënës",
    "Lartesi": "I mesëm (1 - 3m)",
    "Gjendja": "E mirë",
    "KordinataX": 21.15651,
    "KordinataY": 42.65764,
    "Photo": "DCIM/20190401105416422.jpg"
  },
  {
    "id": 120070,
    "Lloji": "Gjethërënës",
    "Lartesi": "I mesëm (1 - 3m)",
    "Gjendja": "E mirë",
    "KordinataX": 21.15637,
    "KordinataY": 42.65786,
    "Photo": ""
  },
  {
    "id": 120071,
    "Lloji": "Gjethërënës",
    "Lartesi": "I mesëm (1 - 3m)",
    "Gjendja": "E mirë",
    "KordinataX": 21.15662,
    "KordinataY": 42.65767,
    "Photo": "DCIM/20190401105717824.jpg"
  },
  {
    "id": 120072,
    "Lloji": "Gjethërënës",
    "Lartesi": "I mesëm (1 - 3m)",
    "Gjendja": "E mirë",
    "KordinataX": 21.1567,
    "KordinataY": 42.65768,
    "Photo": "DCIM/20190401105747074.jpg"
  },
  {
    "id": 120073,
    "Lloji": "Gjethërënës",
    "Lartesi": "I mesëm (1 - 3m)",
    "Gjendja": "E mirë",
    "KordinataX": 21.15678,
    "KordinataY": 42.65771,
    "Photo": "DCIM/20190401105809377.jpg"
  },
  {
    "id": 120074,
    "Lloji": "Gjethërënës",
    "Lartesi": "I mesëm (1 - 3m)",
    "Gjendja": "E mirë",
    "KordinataX": 21.15682,
    "KordinataY": 42.65781,
    "Photo": "DCIM/20190401110108640.jpg"
  },
  {
    "id": 120075,
    "Lloji": "Gjethërënës",
    "Lartesi": "I lartë (> 3m)",
    "Gjendja": "E mirë",
    "KordinataX": 21.15682,
    "KordinataY": 42.65811,
    "Photo": "DCIM/20190401110333463.jpg"
  },
  {
    "id": 120079,
    "Lloji": "Gjethërënës",
    "Lartesi": "I mesëm (1 - 3m)",
    "Gjendja": "E mirë",
    "KordinataX": 21.15686,
    "KordinataY": 42.65819,
    "Photo": "DCIM/20190401110726169.jpg"
  },
  {
    "id": 120080,
    "Lloji": "Gjethërënës",
    "Lartesi": "I mesëm (1 - 3m)",
    "Gjendja": "E mirë",
    "KordinataX": 21.15688,
    "KordinataY": 42.65823,
    "Photo": "DCIM/20190401110745325.jpg"
  },
  {
    "id": 120081,
    "Lloji": "Gjethërënës",
    "Lartesi": "I mesëm (1 - 3m)",
    "Gjendja": "E mirë",
    "KordinataX": 21.15689,
    "KordinataY": 42.65825,
    "Photo": "DCIM/20190401110814040.jpg"
  },
  {
    "id": 120082,
    "Lloji": "Gjethërënës",
    "Lartesi": "I mesëm (1 - 3m)",
    "Gjendja": "E mirë",
    "KordinataX": 21.1569,
    "KordinataY": 42.65828,
    "Photo": "DCIM/20190401110836839.jpg"
  },
  {
    "id": 120083,
    "Lloji": "Gjethërënës",
    "Lartesi": "I mesëm (1 - 3m)",
    "Gjendja": "E mirë",
    "KordinataX": 21.1569,
    "KordinataY": 42.6583,
    "Photo": "DCIM/20190401110902321.jpg"
  },
  {
    "id": 120084,
    "Lloji": "Gjethërënës",
    "Lartesi": "I mesëm (1 - 3m)",
    "Gjendja": "E mirë",
    "KordinataX": 21.15688,
    "KordinataY": 42.65832,
    "Photo": "DCIM/20190401110932443.jpg"
  },
  {
    "id": 120085,
    "Lloji": "Gjethërënës",
    "Lartesi": "I mesëm (1 - 3m)",
    "Gjendja": "E mirë",
    "KordinataX": 21.15683,
    "KordinataY": 42.65831,
    "Photo": "DCIM/20190401111005916.jpg"
  },
  {
    "id": 120086,
    "Lloji": "Gjethërënës",
    "Lartesi": "I mesëm (1 - 3m)",
    "Gjendja": "E mirë",
    "KordinataX": 21.1568,
    "KordinataY": 42.6583,
    "Photo": "DCIM/20190401111025675.jpg"
  },
  {
    "id": 120087,
    "Lloji": "Gjethërënës",
    "Lartesi": "I mesëm (1 - 3m)",
    "Gjendja": "E mirë",
    "KordinataX": 21.15677,
    "KordinataY": 42.65829,
    "Photo": "DCIM/20190401111050544.jpg"
  },
  {
    "id": 120088,
    "Lloji": "Gjethërënës",
    "Lartesi": "I mesëm (1 - 3m)",
    "Gjendja": "E mirë",
    "KordinataX": 21.15672,
    "KordinataY": 42.65828,
    "Photo": "DCIM/20190401111113047.jpg"
  },
  {
    "id": 120089,
    "Lloji": "Gjethërënës",
    "Lartesi": "I mesëm (1 - 3m)",
    "Gjendja": "E mirë",
    "KordinataX": 21.15667,
    "KordinataY": 42.65827,
    "Photo": "DCIM/20190401111142113.jpg"
  },
  {
    "id": 120090,
    "Lloji": "Gjethërënës",
    "Lartesi": "I mesëm (1 - 3m)",
    "Gjendja": "E mirë",
    "KordinataX": 21.15662,
    "KordinataY": 42.65827,
    "Photo": "DCIM/20190401111205160.jpg"
  },
  {
    "id": 120091,
    "Lloji": "Gjethërënës",
    "Lartesi": "I mesëm (1 - 3m)",
    "Gjendja": "E mirë",
    "KordinataX": 21.15656,
    "KordinataY": 42.65825,
    "Photo": "DCIM/20190401111245655.jpg"
  },
  {
    "id": 120092,
    "Lloji": "Gjethërënës",
    "Lartesi": "I mesëm (1 - 3m)",
    "Gjendja": "E mirë",
    "KordinataX": 21.15639,
    "KordinataY": 42.65819,
    "Photo": "DCIM/20190401111340543.jpg"
  },
  {
    "id": 120093,
    "Lloji": "Gjethërënës",
    "Lartesi": "I mesëm (1 - 3m)",
    "Gjendja": "E mirë",
    "KordinataX": 21.15615,
    "KordinataY": 42.65807,
    "Photo": "DCIM/20190401111418651.jpg"
  },
  {
    "id": 120095,
    "Lloji": "Gjethërënës",
    "Lartesi": "I mesëm (1 - 3m)",
    "Gjendja": "E mirë",
    "KordinataX": 21.15602,
    "KordinataY": 42.65807,
    "Photo": "DCIM/20190401111511853.jpg"
  },
  {
    "id": 120095,
    "Lloji": "Gjethërënës",
    "Lartesi": "I mesëm (1 - 3m)",
    "Gjendja": "E mirë",
    "KordinataX": 21.15596,
    "KordinataY": 42.65806,
    "Photo": "DCIM/20190401111641269.jpg"
  },
  {
    "id": 120096,
    "Lloji": "Gjethërënës",
    "Lartesi": "I mesëm (1 - 3m)",
    "Gjendja": "E mirë",
    "KordinataX": 21.156,
    "KordinataY": 42.65806,
    "Photo": "DCIM/20190401111658985.jpg"
  },
  {
    "id": 120097,
    "Lloji": "Gjethërënës",
    "Lartesi": "I mesëm (1 - 3m)",
    "Gjendja": "E mirë",
    "KordinataX": 21.15603,
    "KordinataY": 42.65806,
    "Photo": "DCIM/20190401111738059.jpg"
  },
  {
    "id": 120098,
    "Lloji": "Gjethërënës",
    "Lartesi": "I mesëm (1 - 3m)",
    "Gjendja": "E mirë",
    "KordinataX": 21.15591,
    "KordinataY": 42.65804,
    "Photo": "DCIM/20190401111809966.jpg"
  },
  {
    "id": 120099,
    "Lloji": "Gjethërënës",
    "Lartesi": "I mesëm (1 - 3m)",
    "Gjendja": "E mirë",
    "KordinataX": 21.15594,
    "KordinataY": 42.65804,
    "Photo": "../LAGJET/1.PEJTONI/PEJTONI_QFIELD_IMPORT/DCIM/20190401111830977.jpg"
  },
  {
    "id": 120100,
    "Lloji": "Gjethëmbajtës",
    "Lartesi": "I lartë (> 3m)",
    "Gjendja": "E mirë",
    "KordinataX": 21.15483,
    "KordinataY": 42.65774,
    "Photo": "../LAGJET/1.PEJTONI/PEJTONI_QFIELD_IMPORT/DCIM/20190401112136911.jpg"
  },
  {
    "id": 120101,
    "Lloji": "Gjethërënës",
    "Lartesi": "I lartë (> 3m)",
    "Gjendja": "E mirë",
    "KordinataX": 21.15475,
    "KordinataY": 42.65773,
    "Photo": "../LAGJET/1.PEJTONI/PEJTONI_QFIELD_IMPORT/DCIM/20190401112209847.jpg"
  },
  {
    "id": 120102,
    "Lloji": "Gjethërënës",
    "Lartesi": "I mesëm (1 - 3m)",
    "Gjendja": "E mirë",
    "KordinataX": 21.15471,
    "KordinataY": 42.65763,
    "Photo": ""
  },
  {
    "id": 120103,
    "Lloji": "Gjethërënës",
    "Lartesi": "I lartë (> 3m)",
    "Gjendja": "E mirë",
    "KordinataX": 21.15449,
    "KordinataY": 42.65765,
    "Photo": "../LAGJET/1.PEJTONI/PEJTONI_QFIELD_IMPORT/DCIM/20190401112340205.jpg"
  },
  {
    "id": 120105,
    "Lloji": "Gjethëmbajtës",
    "Lartesi": "I lartë (> 3m)",
    "Gjendja": "E mirë",
    "KordinataX": 21.15447,
    "KordinataY": 42.65779,
    "Photo": "../LAGJET/1.PEJTONI/PEJTONI_QFIELD_IMPORT/DCIM/20190401112717761.jpg"
  },
  {
    "id": 120106,
    "Lloji": "Gjethërënës",
    "Lartesi": "I mesëm (1 - 3m)",
    "Gjendja": "E mirë",
    "KordinataX": 21.15452,
    "KordinataY": 42.65781,
    "Photo": "../LAGJET/1.PEJTONI/PEJTONI_QFIELD_IMPORT/DCIM/20190401112745266.jpg"
  },
  {
    "id": 120107,
    "Lloji": "Gjethërënës",
    "Lartesi": "I mesëm (1 - 3m)",
    "Gjendja": "E mirë",
    "KordinataX": 21.1543,
    "KordinataY": 42.65777,
    "Photo": "../LAGJET/1.PEJTONI/PEJTONI_QFIELD_IMPORT/DCIM/20190401112810078.jpg"
  },
  {
    "id": 120108,
    "Lloji": "Gjethërënës",
    "Lartesi": "I mesëm (1 - 3m)",
    "Gjendja": "E mirë",
    "KordinataX": 21.15428,
    "KordinataY": 42.6578,
    "Photo": "../LAGJET/1.PEJTONI/PEJTONI_QFIELD_IMPORT/DCIM/20190401112836257.jpg"
  },
  {
    "id": 1020109,
    "Lloji": "Gjethërënës",
    "Lartesi": "I lartë (> 3m)",
    "Gjendja": "E mirë",
    "KordinataX": 21.15466,
    "KordinataY": 42.65784,
    "Photo": "C:\\Users\\HP\\Desktop\\AUDITIMI\\LAGJET\\PEJTONI\\PEJTONI_QFIELD_IMPORT\\DCIM\\20190401112928567.jpg"
  },
  {
    "id": 1020110,
    "Lloji": "Gjethëmbajtës",
    "Lartesi": "I lartë (> 3m)",
    "Gjendja": "E mirë",
    "KordinataX": 21.1547,
    "KordinataY": 42.65785,
    "Photo": "C:\\Users\\HP\\Desktop\\AUDITIMI\\LAGJET\\PEJTONI\\PEJTONI_QFIELD_IMPORT\\DCIM\\20190401112955966.jpg"
  },
  {
    "id": 1020111,
    "Lloji": "Gjethëmbajtës",
    "Lartesi": "I lartë (> 3m)",
    "Gjendja": "E mirë",
    "KordinataX": 21.15472,
    "KordinataY": 42.65787,
    "Photo": "C:\\Users\\HP\\Desktop\\AUDITIMI\\LAGJET\\PEJTONI\\PEJTONI_QFIELD_IMPORT\\DCIM\\20190401112955966.jpg"
  },
  {
    "id": 1020112,
    "Lloji": "Gjethërënës",
    "Lartesi": "I lartë (> 3m)",
    "Gjendja": "E mirë",
    "KordinataX": 21.15475,
    "KordinataY": 42.65786,
    "Photo": "C:\\Users\\HP\\Desktop\\AUDITIMI\\LAGJET\\PEJTONI\\PEJTONI_QFIELD_IMPORT\\DCIM\\20190401112955966.jpg"
  },
  {
    "id": 1020113,
    "Lloji": "Gjethërënës",
    "Lartesi": "I lartë (> 3m)",
    "Gjendja": "E mirë",
    "KordinataX": 21.15478,
    "KordinataY": 42.65787,
    "Photo": "C:\\Users\\HP\\Desktop\\AUDITIMI\\LAGJET\\PEJTONI\\PEJTONI_QFIELD_IMPORT\\DCIM\\20190401112955966.jpg"
  },
  {
    "id": 1020115,
    "Lloji": "Gjethërënës",
    "Lartesi": "I lartë (> 3m)",
    "Gjendja": "E mirë",
    "KordinataX": 21.15495,
    "KordinataY": 42.65791,
    "Photo": "C:\\Users\\HP\\Desktop\\AUDITIMI\\LAGJET\\PEJTONI\\PEJTONI_QFIELD_IMPORT\\DCIM\\20190401113315943.jpg"
  },
  {
    "id": 120116,
    "Lloji": "Gjethërënës",
    "Lartesi": "I ulët (< 1m)",
    "Gjendja": "E mirë",
    "KordinataX": 21.15502,
    "KordinataY": 42.65791,
    "Photo": "../LAGJET/1.PEJTONI/PEJTONI_QFIELD_IMPORT/DCIM/20190401113352266.jpg"
  },
  {
    "id": 120118,
    "Lloji": "Gjethëmbajtës",
    "Lartesi": "I mesëm (1 - 3m)",
    "Gjendja": "E mirë",
    "KordinataX": 21.15522,
    "KordinataY": 42.65797,
    "Photo": "../LAGJET/1.PEJTONI/PEJTONI_QFIELD_IMPORT/DCIM/20190401113459117.jpg"
  },
  {
    "id": 120119,
    "Lloji": "Gjethëmbajtës",
    "Lartesi": "I mesëm (1 - 3m)",
    "Gjendja": "E mirë",
    "KordinataX": 21.15525,
    "KordinataY": 42.65797,
    "Photo": "../LAGJET/1.PEJTONI/PEJTONI_QFIELD_IMPORT/DCIM/20190401113549858.jpg"
  },
  {
    "id": 120120,
    "Lloji": "Gjethëmbajtës",
    "Lartesi": "I mesëm (1 - 3m)",
    "Gjendja": "E mirë",
    "KordinataX": 21.15526,
    "KordinataY": 42.65798,
    "Photo": ""
  },
  {
    "id": 120121,
    "Lloji": "Gjethëmbajtës",
    "Lartesi": "I mesëm (1 - 3m)",
    "Gjendja": "E mirë",
    "KordinataX": 21.15528,
    "KordinataY": 42.65799,
    "Photo": ""
  },
  {
    "id": 120122,
    "Lloji": "Gjethëmbajtës",
    "Lartesi": "I mesëm (1 - 3m)",
    "Gjendja": "E mirë",
    "KordinataX": 21.1553,
    "KordinataY": 42.65799,
    "Photo": ""
  },
  {
    "id": 120123,
    "Lloji": "Gjethëmbajtës",
    "Lartesi": "I mesëm (1 - 3m)",
    "Gjendja": "E mirë",
    "KordinataX": 21.15532,
    "KordinataY": 42.65799,
    "Photo": ""
  },
  {
    "id": 120124,
    "Lloji": "Gjethëmbajtës",
    "Lartesi": "I mesëm (1 - 3m)",
    "Gjendja": "E mirë",
    "KordinataX": 21.15534,
    "KordinataY": 42.658,
    "Photo": ""
  },
  {
    "id": 120125,
    "Lloji": "Gjethëmbajtës",
    "Lartesi": "I mesëm (1 - 3m)",
    "Gjendja": "E mirë",
    "KordinataX": 21.15536,
    "KordinataY": 42.658,
    "Photo": ""
  },
  {
    "id": 120126,
    "Lloji": "Gjethëmbajtës",
    "Lartesi": "I mesëm (1 - 3m)",
    "Gjendja": "E mirë",
    "KordinataX": 21.15539,
    "KordinataY": 42.65801,
    "Photo": ""
  },
  {
    "id": 120128,
    "Lloji": "Gjethëmbajtës",
    "Lartesi": "I mesëm (1 - 3m)",
    "Gjendja": "E mirë",
    "KordinataX": 21.15554,
    "KordinataY": 42.65806,
    "Photo": "../LAGJET/1.PEJTONI/PEJTONI_QFIELD_IMPORT/DCIM/20190401114001764.jpg"
  },
  {
    "id": 120129,
    "Lloji": "Gjethëmbajtës",
    "Lartesi": "I mesëm (1 - 3m)",
    "Gjendja": "E mirë",
    "KordinataX": 21.15554,
    "KordinataY": 42.65807,
    "Photo": "../LAGJET/1.PEJTONI/PEJTONI_QFIELD_IMPORT/DCIM/20190401114022476.jpg"
  },
  {
    "id": 120130,
    "Lloji": "Gjethërënës",
    "Lartesi": "I mesëm (1 - 3m)",
    "Gjendja": "E mirë",
    "KordinataX": 21.15563,
    "KordinataY": 42.65809,
    "Photo": "../LAGJET/1.PEJTONI/PEJTONI_QFIELD_IMPORT/DCIM/20190401114056922.jpg"
  },
  {
    "id": 120133,
    "Lloji": "Gjethërënës",
    "Lartesi": "I lartë (> 3m)",
    "Gjendja": "E mirë",
    "KordinataX": 21.15661,
    "KordinataY": 42.65833,
    "Photo": "../LAGJET/1.PEJTONI/PEJTONI_QFIELD_IMPORT/DCIM/20190401114505223.jpg"
  },
  {
    "id": 120134,
    "Lloji": "Gjethëmbajtës",
    "Lartesi": "I lartë (> 3m)",
    "Gjendja": "E mirë",
    "KordinataX": 21.15678,
    "KordinataY": 42.6584,
    "Photo": "../LAGJET/1.PEJTONI/PEJTONI_QFIELD_IMPORT/DCIM/20190401114537020.jpg"
  },
  {
    "id": 120136,
    "Lloji": "Gjethërënës",
    "Lartesi": "I lartë (> 3m)",
    "Gjendja": "E mirë",
    "KordinataX": 21.15688,
    "KordinataY": 42.65843,
    "Photo": "../LAGJET/1.PEJTONI/PEJTONI_QFIELD_IMPORT/DCIM/20190401114720549.jpg"
  },
  {
    "id": 120137,
    "Lloji": "Gjethërënës",
    "Lartesi": "I lartë (> 3m)",
    "Gjendja": "E mirë",
    "KordinataX": 21.15693,
    "KordinataY": 42.65844,
    "Photo": "../LAGJET/1.PEJTONI/PEJTONI_QFIELD_IMPORT/DCIM/20190401114739316.jpg"
  },
  {
    "id": 120138,
    "Lloji": "Gjethëmbajtës",
    "Lartesi": "I lartë (> 3m)",
    "Gjendja": "E mirë",
    "KordinataX": 21.15695,
    "KordinataY": 42.65847,
    "Photo": "../LAGJET/1.PEJTONI/PEJTONI_QFIELD_IMPORT/DCIM/20190401114819363.jpg"
  },
  {
    "id": 120139,
    "Lloji": "Gjethëmbajtës",
    "Lartesi": "I lartë (> 3m)",
    "Gjendja": "E mirë",
    "KordinataX": 21.15688,
    "KordinataY": 42.65847,
    "Photo": "../LAGJET/1.PEJTONI/PEJTONI_QFIELD_IMPORT/DCIM/20190401114848986.jpg"
  },
  {
    "id": 120140,
    "Lloji": "Gjethëmbajtës",
    "Lartesi": "I lartë (> 3m)",
    "Gjendja": "E mirë",
    "KordinataX": 21.15685,
    "KordinataY": 42.65848,
    "Photo": "../LAGJET/1.PEJTONI/PEJTONI_QFIELD_IMPORT/DCIM/20190401114914596.jpg"
  },
  {
    "id": 120141,
    "Lloji": "Gjethëmbajtës",
    "Lartesi": "I lartë (> 3m)",
    "Gjendja": "E mirë",
    "KordinataX": 21.15684,
    "KordinataY": 42.65846,
    "Photo": "../LAGJET/1.PEJTONI/PEJTONI_QFIELD_IMPORT/DCIM/20190401114937143.jpg"
  },
  {
    "id": 120142,
    "Lloji": "Gjethëmbajtës",
    "Lartesi": "I lartë (> 3m)",
    "Gjendja": "E mirë",
    "KordinataX": 21.15684,
    "KordinataY": 42.65853,
    "Photo": "../LAGJET/1.PEJTONI/PEJTONI_QFIELD_IMPORT/DCIM/20190401115001499.jpg"
  },
  {
    "id": 120143,
    "Lloji": "Gjethëmbajtës",
    "Lartesi": "I lartë (> 3m)",
    "Gjendja": "E mirë",
    "KordinataX": 21.15696,
    "KordinataY": 42.65855,
    "Photo": "../LAGJET/1.PEJTONI/PEJTONI_QFIELD_IMPORT/DCIM/20190401115021658.jpg"
  },
  {
    "id": 120144,
    "Lloji": "Gjethëmbajtës",
    "Lartesi": "I lartë (> 3m)",
    "Gjendja": "E mirë",
    "KordinataX": 21.15701,
    "KordinataY": 42.65856,
    "Photo": "../LAGJET/1.PEJTONI/PEJTONI_QFIELD_IMPORT/DCIM/20190401115048001.jpg"
  },
  {
    "id": 120145,
    "Lloji": "Gjethëmbajtës",
    "Lartesi": "I lartë (> 3m)",
    "Gjendja": "E mirë",
    "KordinataX": 21.15692,
    "KordinataY": 42.65852,
    "Photo": "../LAGJET/1.PEJTONI/PEJTONI_QFIELD_IMPORT/DCIM/20190401115113034.jpg"
  },
  {
    "id": 120146,
    "Lloji": "Gjethërënës",
    "Lartesi": "I lartë (> 3m)",
    "Gjendja": "E mirë",
    "KordinataX": 21.15709,
    "KordinataY": 42.65859,
    "Photo": "../LAGJET/1.PEJTONI/PEJTONI_QFIELD_IMPORT/DCIM/20190401115147681.jpg"
  },
  {
    "id": 120147,
    "Lloji": "Gjethëmbajtës",
    "Lartesi": "I lartë (> 3m)",
    "Gjendja": "E mirë",
    "KordinataX": 21.15708,
    "KordinataY": 42.65869,
    "Photo": "../LAGJET/1.PEJTONI/PEJTONI_QFIELD_IMPORT/DCIM/20190401115217965.jpg"
  },
  {
    "id": 120148,
    "Lloji": "Gjethëmbajtës",
    "Lartesi": "I lartë (> 3m)",
    "Gjendja": "E mirë",
    "KordinataX": 21.15709,
    "KordinataY": 42.65873,
    "Photo": "../LAGJET/1.PEJTONI/PEJTONI_QFIELD_IMPORT/DCIM/20190401115240308.jpg"
  },
  {
    "id": 120149,
    "Lloji": "Gjethëmbajtës",
    "Lartesi": "I mesëm (1 - 3m)",
    "Gjendja": "E mirë",
    "KordinataX": 21.15713,
    "KordinataY": 42.65874,
    "Photo": "../LAGJET/1.PEJTONI/PEJTONI_QFIELD_IMPORT/DCIM/20190401115316108.jpg"
  },
  {
    "id": 120150,
    "Lloji": "Gjethëmbajtës",
    "Lartesi": "I mesëm (1 - 3m)",
    "Gjendja": "E mirë",
    "KordinataX": 21.15717,
    "KordinataY": 42.65883,
    "Photo": "../LAGJET/1.PEJTONI/PEJTONI_QFIELD_IMPORT/DCIM/20190401115351191.jpg"
  },
  {
    "id": 120151,
    "Lloji": "Gjethëmbajtës",
    "Lartesi": "I lartë (> 3m)",
    "Gjendja": "E mirë",
    "KordinataX": 21.15709,
    "KordinataY": 42.65878,
    "Photo": "../LAGJET/1.PEJTONI/PEJTONI_QFIELD_IMPORT/DCIM/20190401115414947.jpg"
  },
  {
    "id": 120152,
    "Lloji": "Gjethëmbajtës",
    "Lartesi": "I lartë (> 3m)",
    "Gjendja": "E mirë",
    "KordinataX": 21.15719,
    "KordinataY": 42.65887,
    "Photo": "../LAGJET/1.PEJTONI/PEJTONI_QFIELD_IMPORT/DCIM/20190401115443182.jpg"
  },
  {
    "id": 120153,
    "Lloji": "Gjethëmbajtës",
    "Lartesi": "I lartë (> 3m)",
    "Gjendja": "E mirë",
    "KordinataX": 21.15712,
    "KordinataY": 42.65893,
    "Photo": "../LAGJET/1.PEJTONI/PEJTONI_QFIELD_IMPORT/DCIM/20190401115555020.jpg"
  },
  {
    "id": 120154,
    "Lloji": "Gjethëmbajtës",
    "Lartesi": "I mesëm (1 - 3m)",
    "Gjendja": "E mirë",
    "KordinataX": 21.15715,
    "KordinataY": 42.65889,
    "Photo": "../LAGJET/1.PEJTONI/PEJTONI_QFIELD_IMPORT/DCIM/20190401115618375.jpg"
  },
  {
    "id": 120155,
    "Lloji": "Gjethëmbajtës",
    "Lartesi": "I mesëm (1 - 3m)",
    "Gjendja": "E mirë",
    "KordinataX": 21.15713,
    "KordinataY": 42.6589,
    "Photo": "../LAGJET/1.PEJTONI/PEJTONI_QFIELD_IMPORT/DCIM/20190401115640911.jpg"
  },
  {
    "id": 120156,
    "Lloji": "Gjethëmbajtës",
    "Lartesi": "I mesëm (1 - 3m)",
    "Gjendja": "E mirë",
    "KordinataX": 21.15713,
    "KordinataY": 42.65891,
    "Photo": "../LAGJET/1.PEJTONI/PEJTONI_QFIELD_IMPORT/DCIM/20190401115700930.jpg"
  },
  {
    "id": 120157,
    "Lloji": "Gjethëmbajtës",
    "Lartesi": "I mesëm (1 - 3m)",
    "Gjendja": "E mirë",
    "KordinataX": 21.15712,
    "KordinataY": 42.65892,
    "Photo": "../LAGJET/1.PEJTONI/PEJTONI_QFIELD_IMPORT/DCIM/20190401115724293.jpg"
  },
  {
    "id": 120158,
    "Lloji": "Gjethëmbajtës",
    "Lartesi": "I mesëm (1 - 3m)",
    "Gjendja": "E mirë",
    "KordinataX": 21.15718,
    "KordinataY": 42.65889,
    "Photo": "../LAGJET/1.PEJTONI/PEJTONI_QFIELD_IMPORT/DCIM/20190401115845479.jpg"
  },
  {
    "id": 120159,
    "Lloji": "Gjethëmbajtës",
    "Lartesi": "I mesëm (1 - 3m)",
    "Gjendja": "E mirë",
    "KordinataX": 21.1572,
    "KordinataY": 42.6589,
    "Photo": "../LAGJET/1.PEJTONI/PEJTONI_QFIELD_IMPORT/DCIM/20190401115916139.jpg"
  },
  {
    "id": 120160,
    "Lloji": "Gjethëmbajtës",
    "Lartesi": "I lartë (> 3m)",
    "Gjendja": "E mirë",
    "KordinataX": 21.15721,
    "KordinataY": 42.65894,
    "Photo": "../LAGJET/1.PEJTONI/PEJTONI_QFIELD_IMPORT/DCIM/20190401115935945.jpg"
  },
  {
    "id": 120161,
    "Lloji": "Gjethëmbajtës",
    "Lartesi": "I mesëm (1 - 3m)",
    "Gjendja": "E mirë",
    "KordinataX": 21.15717,
    "KordinataY": 42.65895,
    "Photo": "../LAGJET/1.PEJTONI/PEJTONI_QFIELD_IMPORT/DCIM/20190401120006173.jpg"
  },
  {
    "id": 120161,
    "Lloji": "Gjethërënës",
    "Lartesi": "I mesëm (1 - 3m)",
    "Gjendja": "E mirë",
    "KordinataX": 21.15721,
    "KordinataY": 42.65895,
    "Photo": "../LAGJET/1.PEJTONI/PEJTONI_QFIELD_IMPORT/DCIM/20190401120035206.jpg"
  },
  {
    "id": 120162,
    "Lloji": "Gjethëmbajtës",
    "Lartesi": "I mesëm (1 - 3m)",
    "Gjendja": "E mirë",
    "KordinataX": 21.15707,
    "KordinataY": 42.65892,
    "Photo": "../LAGJET/1.PEJTONI/PEJTONI_QFIELD_IMPORT/DCIM/20190401120215258.jpg"
  },
  {
    "id": "",
    "Lloji": "",
    "Lartesi": "",
    "Gjendja": "",
    "KordinataX": 21.15704,
    "KordinataY": 42.65891,
    "Photo": ""
  },
  {
    "id": 120163,
    "Lloji": "Gjethërënës",
    "Lartesi": "I lartë (> 3m)",
    "Gjendja": "E mirë",
    "KordinataX": 21.15688,
    "KordinataY": 42.65904,
    "Photo": ""
  },
  {
    "id": 120168,
    "Lloji": "Gjethëmbajtës",
    "Lartesi": "I mesëm (1 - 3m)",
    "Gjendja": "E mirë",
    "KordinataX": 21.15702,
    "KordinataY": 42.6589,
    "Photo": ""
  },
  {
    "id": 120169,
    "Lloji": "Gjethëmbajtës",
    "Lartesi": "I mesëm (1 - 3m)",
    "Gjendja": "E mirë",
    "KordinataX": 21.15699,
    "KordinataY": 42.65889,
    "Photo": ""
  },
  {
    "id": 120170,
    "Lloji": "Gjethëmbajtës",
    "Lartesi": "I mesëm (1 - 3m)",
    "Gjendja": "E mirë",
    "KordinataX": 21.15696,
    "KordinataY": 42.65888,
    "Photo": ""
  },
  {
    "id": 120172,
    "Lloji": "Gjethëmbajtës",
    "Lartesi": "I mesëm (1 - 3m)",
    "Gjendja": "E mirë",
    "KordinataX": 21.15693,
    "KordinataY": 42.65888,
    "Photo": ""
  },
  {
    "id": 120172,
    "Lloji": "Gjethërënës",
    "Lartesi": "I mesëm (1 - 3m)",
    "Gjendja": "E mirë",
    "KordinataX": 21.15643,
    "KordinataY": 42.65878,
    "Photo": ""
  },
  {
    "id": 120173,
    "Lloji": "Gjethërënës",
    "Lartesi": "I mesëm (1 - 3m)",
    "Gjendja": "E mirë",
    "KordinataX": 21.15639,
    "KordinataY": 42.65877,
    "Photo": ""
  },
  {
    "id": 120174,
    "Lloji": "Gjethërënës",
    "Lartesi": "I mesëm (1 - 3m)",
    "Gjendja": "E mirë",
    "KordinataX": 21.15633,
    "KordinataY": 42.65874,
    "Photo": "../LAGJET/1.PEJTONI/PEJTONI_QFIELD_IMPORT/DCIM/20190401121151097.jpg"
  },
  {
    "id": 120174,
    "Lloji": "Gjethërënës",
    "Lartesi": "I mesëm (1 - 3m)",
    "Gjendja": "E mirë",
    "KordinataX": 21.15624,
    "KordinataY": 42.6587,
    "Photo": ""
  },
  {
    "id": 120172,
    "Lloji": "Gjethërënës",
    "Lartesi": "I lartë (> 3m)",
    "Gjendja": "E mirë",
    "KordinataX": 21.15617,
    "KordinataY": 42.65868,
    "Photo": ""
  },
  {
    "id": 120176,
    "Lloji": "Gjethërënës",
    "Lartesi": "I lartë (> 3m)",
    "Gjendja": "E mirë",
    "KordinataX": 21.15612,
    "KordinataY": 42.65866,
    "Photo": "../LAGJET/1.PEJTONI/PEJTONI_QFIELD_IMPORT/DCIM/20190401121424183.jpg"
  },
  {
    "id": 120177,
    "Lloji": "Gjethërënës",
    "Lartesi": "I mesëm (1 - 3m)",
    "Gjendja": "E mirë",
    "KordinataX": 21.15608,
    "KordinataY": 42.65864,
    "Photo": ""
  },
  {
    "id": 120178,
    "Lloji": "Gjethërënës",
    "Lartesi": "I lartë (> 3m)",
    "Gjendja": "E mirë",
    "KordinataX": 21.15602,
    "KordinataY": 42.65862,
    "Photo": ""
  },
  {
    "id": 120180,
    "Lloji": "Gjethëmbajtës",
    "Lartesi": "I mesëm (1 - 3m)",
    "Gjendja": "E mirë",
    "KordinataX": 21.15598,
    "KordinataY": 42.6586,
    "Photo": ""
  },
  {
    "id": 120181,
    "Lloji": "Gjethëmbajtës",
    "Lartesi": "I mesëm (1 - 3m)",
    "Gjendja": "E mirë",
    "KordinataX": 21.15595,
    "KordinataY": 42.65859,
    "Photo": ""
  },
  {
    "id": 120182,
    "Lloji": "Gjethëmbajtës",
    "Lartesi": "I mesëm (1 - 3m)",
    "Gjendja": "E mirë",
    "KordinataX": 21.15598,
    "KordinataY": 42.65855,
    "Photo": ""
  },
  {
    "id": 120182,
    "Lloji": "Gjethërënës",
    "Lartesi": "I mesëm (1 - 3m)",
    "Gjendja": "E mirë",
    "KordinataX": 21.1559,
    "KordinataY": 42.65857,
    "Photo": "../LAGJET/1.PEJTONI/PEJTONI_QFIELD_IMPORT/DCIM/20190401121651607.jpg"
  },
  {
    "id": 120183,
    "Lloji": "Gjethërënës",
    "Lartesi": "I mesëm (1 - 3m)",
    "Gjendja": "E mirë",
    "KordinataX": 21.15588,
    "KordinataY": 42.65856,
    "Photo": ""
  },
  {
    "id": 120189,
    "Lloji": "Gjethërënës",
    "Lartesi": "I lartë (> 3m)",
    "Gjendja": "E mirë",
    "KordinataX": 21.15439,
    "KordinataY": 42.65801,
    "Photo": ""
  },
  {
    "id": 120190,
    "Lloji": "Gjethërënës",
    "Lartesi": "I mesëm (1 - 3m)",
    "Gjendja": "E mirë",
    "KordinataX": 21.15454,
    "KordinataY": 42.65809,
    "Photo": ""
  },
  {
    "id": 120190,
    "Lloji": "Gjethërënës",
    "Lartesi": "I mesëm (1 - 3m)",
    "Gjendja": "E mirë",
    "KordinataX": 21.15419,
    "KordinataY": 42.65793,
    "Photo": "../LAGJET/1.PEJTONI/PEJTONI_QFIELD_IMPORT/DCIM/20190401122648379.jpg"
  },
  {
    "id": 120191,
    "Lloji": "Gjethëmbajtës",
    "Lartesi": "I mesëm (1 - 3m)",
    "Gjendja": "E mirë",
    "KordinataX": 21.15424,
    "KordinataY": 42.65789,
    "Photo": "../LAGJET/1.PEJTONI/PEJTONI_QFIELD_IMPORT/DCIM/20190401122755032.jpg"
  },
  {
    "id": 120192,
    "Lloji": "Gjethëmbajtës",
    "Lartesi": "I mesëm (1 - 3m)",
    "Gjendja": "E mirë",
    "KordinataX": 21.1543,
    "KordinataY": 42.65799,
    "Photo": "../LAGJET/1.PEJTONI/PEJTONI_QFIELD_IMPORT/DCIM/20190401122818661.jpg"
  },
  {
    "id": 120193,
    "Lloji": "Gjethërënës",
    "Lartesi": "I mesëm (1 - 3m)",
    "Gjendja": "E mirë",
    "KordinataX": 21.15434,
    "KordinataY": 42.65799,
    "Photo": "../LAGJET/1.PEJTONI/PEJTONI_QFIELD_IMPORT/DCIM/20190401122841770.jpg"
  },
  {
    "id": 120194,
    "Lloji": "Gjethërënës",
    "Lartesi": "I mesëm (1 - 3m)",
    "Gjendja": "E mirë",
    "KordinataX": 21.15422,
    "KordinataY": 42.65796,
    "Photo": "../LAGJET/1.PEJTONI/PEJTONI_QFIELD_IMPORT/DCIM/20190401122908586.jpg"
  },
  {
    "id": 120195,
    "Lloji": "Gjethëmbajtës",
    "Lartesi": "I mesëm (1 - 3m)",
    "Gjendja": "E mirë",
    "KordinataX": 21.15418,
    "KordinataY": 42.65792,
    "Photo": "../LAGJET/1.PEJTONI/PEJTONI_QFIELD_IMPORT/DCIM/20190401122932398.jpg"
  },
  {
    "id": 120196,
    "Lloji": "Gjethërënës",
    "Lartesi": "I mesëm (1 - 3m)",
    "Gjendja": "E mirë",
    "KordinataX": 21.15421,
    "KordinataY": 42.65786,
    "Photo": "../LAGJET/1.PEJTONI/PEJTONI_QFIELD_IMPORT/DCIM/20190401123015223.jpg"
  },
  {
    "id": 110002,
    "Lloji": "Gjethërënës",
    "Lartesi": "I lartë (> 3m)",
    "Gjendja": "E mirë",
    "KordinataX": 21.15674,
    "KordinataY": 42.65763,
    "Photo": "C:\\Users\\HP\\Desktop\\AUDITIMI\\LAGJET\\PEJTONI\\PEJTONI_QFIELD_IMPORT\\DCIM\\20190402100433438.jpg"
  },
  {
    "id": 110003,
    "Lloji": "Gjethërënës",
    "Lartesi": "I lartë (> 3m)",
    "Gjendja": "E mirë",
    "KordinataX": 21.15665,
    "KordinataY": 42.65762,
    "Photo": "C:\\Users\\HP\\Desktop\\AUDITIMI\\LAGJET\\PEJTONI\\PEJTONI_QFIELD_IMPORT\\DCIM\\20190402100433438.jpg"
  },
  {
    "id": 110004,
    "Lloji": "Gjethërënës",
    "Lartesi": "I lartë (> 3m)",
    "Gjendja": "E mirë",
    "KordinataX": 21.15655,
    "KordinataY": 42.65758,
    "Photo": "C:\\Users\\HP\\Desktop\\AUDITIMI\\LAGJET\\PEJTONI\\PEJTONI_QFIELD_IMPORT\\DCIM\\20190402100826603.jpg"
  },
  {
    "id": 110005,
    "Lloji": "Gjethëmbajtës",
    "Lartesi": "I mesëm (1 - 3m)",
    "Gjendja": "E mirë",
    "KordinataX": 21.15635,
    "KordinataY": 42.65748,
    "Photo": ""
  },
  {
    "id": 110007,
    "Lloji": "Gjethërënës",
    "Lartesi": "I lartë (> 3m)",
    "Gjendja": "Jo e mirë",
    "KordinataX": 21.15626,
    "KordinataY": 42.6575,
    "Photo": "C:\\Users\\HP\\Desktop\\AUDITIMI\\LAGJET\\PEJTONI\\PEJTONI_QFIELD_IMPORT\\DCIM\\20190402101938020.jpg"
  },
  {
    "id": 110008,
    "Lloji": "Gjethëmbajtës",
    "Lartesi": "I lartë (> 3m)",
    "Gjendja": "E mirë",
    "KordinataX": 21.15627,
    "KordinataY": 42.65745,
    "Photo": ""
  },
  {
    "id": 110009,
    "Lloji": "Gjethërënës",
    "Lartesi": "I lartë (> 3m)",
    "Gjendja": "E mirë",
    "KordinataX": 21.15615,
    "KordinataY": 42.65748,
    "Photo": ""
  },
  {
    "id": 110010,
    "Lloji": "Gjethërënës",
    "Lartesi": "I lartë (> 3m)",
    "Gjendja": "E mirë",
    "KordinataX": 21.156,
    "KordinataY": 42.65744,
    "Photo": ""
  },
  {
    "id": 110011,
    "Lloji": "Gjethërënës",
    "Lartesi": "I lartë (> 3m)",
    "Gjendja": "Jo e mirë",
    "KordinataX": 21.15591,
    "KordinataY": 42.65742,
    "Photo": "C:\\Users\\HP\\Desktop\\AUDITIMI\\LAGJET\\PEJTONI\\PEJTONI_QFIELD_IMPORT\\DCIM\\20190402101938020.jpg"
  },
  {
    "id": 110012,
    "Lloji": "Gjethërënës",
    "Lartesi": "I lartë (> 3m)",
    "Gjendja": "E mirë",
    "KordinataX": 21.15589,
    "KordinataY": 42.65739,
    "Photo": ""
  },
  {
    "id": 110014,
    "Lloji": "Gjethërënës",
    "Lartesi": "I lartë (> 3m)",
    "Gjendja": "E mirë",
    "KordinataX": 21.15547,
    "KordinataY": 42.65728,
    "Photo": ""
  },
  {
    "id": 110016,
    "Lloji": "Gjethërënës",
    "Lartesi": "I lartë (> 3m)",
    "Gjendja": "Jo e mirë",
    "KordinataX": 21.15534,
    "KordinataY": 42.65724,
    "Photo": ""
  },
  {
    "id": 110018,
    "Lloji": "Gjethërënës",
    "Lartesi": "I lartë (> 3m)",
    "Gjendja": "E mirë",
    "KordinataX": 21.15495,
    "KordinataY": 42.65714,
    "Photo": "C:\\Users\\HP\\Desktop\\AUDITIMI\\LAGJET\\PEJTONI\\PEJTONI_QFIELD_IMPORT\\DCIM\\20190402103428416.jpg"
  },
  {
    "id": 110019,
    "Lloji": "Gjethërënës",
    "Lartesi": "I lartë (> 3m)",
    "Gjendja": "E mirë",
    "KordinataX": 21.15496,
    "KordinataY": 42.65711,
    "Photo": ""
  },
  {
    "id": 110020,
    "Lloji": "Gjethërënës",
    "Lartesi": "I lartë (> 3m)",
    "Gjendja": "E mirë",
    "KordinataX": 21.15485,
    "KordinataY": 42.65708,
    "Photo": ""
  },
  {
    "id": 110024,
    "Lloji": "Gjethërënës",
    "Lartesi": "I lartë (> 3m)",
    "Gjendja": "E mirë",
    "KordinataX": 21.15478,
    "KordinataY": 42.6571,
    "Photo": ""
  },
  {
    "id": 110029,
    "Lloji": "Gjethërënës",
    "Lartesi": "I mesëm (1 - 3m)",
    "Gjendja": "Jo e mirë",
    "KordinataX": 21.155,
    "KordinataY": 42.65655,
    "Photo": ""
  },
  {
    "id": 110030,
    "Lloji": "Gjethërënës",
    "Lartesi": "I mesëm (1 - 3m)",
    "Gjendja": "Jo e mirë",
    "KordinataX": 21.15502,
    "KordinataY": 42.65652,
    "Photo": "C:\\Users\\HP\\Desktop\\AUDITIMI\\LAGJET\\PEJTONI\\PEJTONI_QFIELD_IMPORT\\DCIM\\20190402105217043.jpg"
  },
  {
    "id": 110031,
    "Lloji": "Gjethërënës",
    "Lartesi": "I mesëm (1 - 3m)",
    "Gjendja": "E mirë",
    "KordinataX": 21.15503,
    "KordinataY": 42.6565,
    "Photo": ""
  },
  {
    "id": 110032,
    "Lloji": "Gjethërënës",
    "Lartesi": "I mesëm (1 - 3m)",
    "Gjendja": "E mirë",
    "KordinataX": 21.15507,
    "KordinataY": 42.65644,
    "Photo": ""
  },
  {
    "id": 110036,
    "Lloji": "Gjethërënës",
    "Lartesi": "I mesëm (1 - 3m)",
    "Gjendja": "E mirë",
    "KordinataX": 21.1553,
    "KordinataY": 42.65614,
    "Photo": ""
  },
  {
    "id": 110037,
    "Lloji": "Gjethërënës",
    "Lartesi": "I mesëm (1 - 3m)",
    "Gjendja": "E mirë",
    "KordinataX": 21.15531,
    "KordinataY": 42.65613,
    "Photo": ""
  },
  {
    "id": 110038,
    "Lloji": "Gjethërënës",
    "Lartesi": "I ulët (< 1m)",
    "Gjendja": "E mirë",
    "KordinataX": 21.15531,
    "KordinataY": 42.65612,
    "Photo": ""
  },
  {
    "id": 110039,
    "Lloji": "Gjethërënës",
    "Lartesi": "I mesëm (1 - 3m)",
    "Gjendja": "E mirë",
    "KordinataX": 21.15532,
    "KordinataY": 42.65611,
    "Photo": ""
  },
  {
    "id": 110040,
    "Lloji": "Gjethërënës",
    "Lartesi": "I mesëm (1 - 3m)",
    "Gjendja": "E mirë",
    "KordinataX": 21.15533,
    "KordinataY": 42.6561,
    "Photo": ""
  },
  {
    "id": 110041,
    "Lloji": "Gjethëmbajtës",
    "Lartesi": "I mesëm (1 - 3m)",
    "Gjendja": "E mirë",
    "KordinataX": 21.15537,
    "KordinataY": 42.65602,
    "Photo": "C:\\Users\\HP\\Desktop\\AUDITIMI\\LAGJET\\PEJTONI\\PEJTONI_QFIELD_IMPORT\\DCIM\\20190402110039880.jpg"
  },
  {
    "id": 110042,
    "Lloji": "Gjethërënës",
    "Lartesi": "I ulët (< 1m)",
    "Gjendja": "E mirë",
    "KordinataX": 21.15538,
    "KordinataY": 42.65601,
    "Photo": ""
  },
  {
    "id": 110043,
    "Lloji": "Gjethërënës",
    "Lartesi": "I lartë (> 3m)",
    "Gjendja": "E mirë",
    "KordinataX": 21.15544,
    "KordinataY": 42.65594,
    "Photo": "C:\\Users\\HP\\Desktop\\AUDITIMI\\LAGJET\\PEJTONI\\PEJTONI_QFIELD_IMPORT\\DCIM\\20190402110309990.jpg"
  },
  {
    "id": 110044,
    "Lloji": "Gjethërënës",
    "Lartesi": "I mesëm (1 - 3m)",
    "Gjendja": "E mirë",
    "KordinataX": 21.15546,
    "KordinataY": 42.65586,
    "Photo": ""
  },
  {
    "id": 110045,
    "Lloji": "Gjethërënës",
    "Lartesi": "I mesëm (1 - 3m)",
    "Gjendja": "E mirë",
    "KordinataX": 21.15553,
    "KordinataY": 42.65578,
    "Photo": ""
  },
  {
    "id": 110047,
    "Lloji": "Gjethërënës",
    "Lartesi": "I ulët (< 1m)",
    "Gjendja": "Jo e mirë",
    "KordinataX": 21.15575,
    "KordinataY": 42.6555,
    "Photo": ""
  },
  {
    "id": 110048,
    "Lloji": "Gjethërënës",
    "Lartesi": "I ulët (< 1m)",
    "Gjendja": "Jo e mirë",
    "KordinataX": 21.15577,
    "KordinataY": 42.65545,
    "Photo": "../LAGJET/1.PEJTONI/PEJTONI_QFIELD_IMPORT/DCIM/20190402110906109.jpg"
  },
  {
    "id": 110051,
    "Lloji": "Gjethërënës",
    "Lartesi": "I ulët (< 1m)",
    "Gjendja": "E mirë",
    "KordinataX": 21.15602,
    "KordinataY": 42.65529,
    "Photo": "../LAGJET/1.PEJTONI/PEJTONI_QFIELD_IMPORT/DCIM/20190402111327175.jpg"
  },
  {
    "id": 110052,
    "Lloji": "Gjethëmbajtës",
    "Lartesi": "I ulët (< 1m)",
    "Gjendja": "E mirë",
    "KordinataX": 21.15612,
    "KordinataY": 42.65533,
    "Photo": ""
  },
  {
    "id": 110053,
    "Lloji": "Gjethëmbajtës",
    "Lartesi": "I ulët (< 1m)",
    "Gjendja": "E mirë",
    "KordinataX": 21.15614,
    "KordinataY": 42.65534,
    "Photo": ""
  },
  {
    "id": 110054,
    "Lloji": "Gjethëmbajtës",
    "Lartesi": "I ulët (< 1m)",
    "Gjendja": "E mirë",
    "KordinataX": 21.15617,
    "KordinataY": 42.65534,
    "Photo": ""
  },
  {
    "id": 110055,
    "Lloji": "Gjethërënës",
    "Lartesi": "I lartë (> 3m)",
    "Gjendja": "E mirë",
    "KordinataX": 21.15626,
    "KordinataY": 42.65537,
    "Photo": "../LAGJET/1.PEJTONI/PEJTONI_QFIELD_IMPORT/DCIM/20190402111539365.jpg"
  },
  {
    "id": 110056,
    "Lloji": "Gjethërënës",
    "Lartesi": "I ulët (< 1m)",
    "Gjendja": "E mirë",
    "KordinataX": 21.15628,
    "KordinataY": 42.65537,
    "Photo": ""
  },
  {
    "id": 110057,
    "Lloji": "Gjethërënës",
    "Lartesi": "I lartë (> 3m)",
    "Gjendja": "E mirë",
    "KordinataX": 21.15635,
    "KordinataY": 42.65539,
    "Photo": ""
  },
  {
    "id": 110058,
    "Lloji": "Gjethërënës",
    "Lartesi": "I lartë (> 3m)",
    "Gjendja": "E mirë",
    "KordinataX": 21.15643,
    "KordinataY": 42.65542,
    "Photo": ""
  },
  {
    "id": 110059,
    "Lloji": "Gjethërënës",
    "Lartesi": "I ulët (< 1m)",
    "Gjendja": "E mirë",
    "KordinataX": 21.15632,
    "KordinataY": 42.65538,
    "Photo": ""
  },
  {
    "id": 110060,
    "Lloji": "Gjethërënës",
    "Lartesi": "I ulët (< 1m)",
    "Gjendja": "E mirë",
    "KordinataX": 21.15645,
    "KordinataY": 42.65542,
    "Photo": ""
  },
  {
    "id": 110061,
    "Lloji": "Gjethërënës",
    "Lartesi": "I ulët (< 1m)",
    "Gjendja": "E mirë",
    "KordinataX": 21.15674,
    "KordinataY": 42.65549,
    "Photo": ""
  },
  {
    "id": 110062,
    "Lloji": "Gjethërënës",
    "Lartesi": "I ulët (< 1m)",
    "Gjendja": "E mirë",
    "KordinataX": 21.15678,
    "KordinataY": 42.6555,
    "Photo": ""
  },
  {
    "id": 110063,
    "Lloji": "Gjethërënës",
    "Lartesi": "I ulët (< 1m)",
    "Gjendja": "E mirë",
    "KordinataX": 21.1568,
    "KordinataY": 42.6555,
    "Photo": ""
  },
  {
    "id": 110064,
    "Lloji": "Gjethëmbajtës",
    "Lartesi": "I ulët (< 1m)",
    "Gjendja": "E mirë",
    "KordinataX": 21.15685,
    "KordinataY": 42.65551,
    "Photo": ""
  },
  {
    "id": 110065,
    "Lloji": "Gjethëmbajtës",
    "Lartesi": "I ulët (< 1m)",
    "Gjendja": "E mirë",
    "KordinataX": 21.15686,
    "KordinataY": 42.65551,
    "Photo": ""
  },
  {
    "id": 110066,
    "Lloji": "Gjethëmbajtës",
    "Lartesi": "I ulët (< 1m)",
    "Gjendja": "E mirë",
    "KordinataX": 21.15689,
    "KordinataY": 42.65551,
    "Photo": ""
  },
  {
    "id": 110067,
    "Lloji": "Gjethërënës",
    "Lartesi": "I mesëm (1 - 3m)",
    "Gjendja": "E mirë",
    "KordinataX": 21.15698,
    "KordinataY": 42.65553,
    "Photo": ""
  },
  {
    "id": 110068,
    "Lloji": "Gjethëmbajtës",
    "Lartesi": "I mesëm (1 - 3m)",
    "Gjendja": "E mirë",
    "KordinataX": 21.15701,
    "KordinataY": 42.65553,
    "Photo": ""
  },
  {
    "id": 110070,
    "Lloji": "Gjethërënës",
    "Lartesi": "I lartë (> 3m)",
    "Gjendja": "E mirë",
    "KordinataX": 21.1576,
    "KordinataY": 42.65573,
    "Photo": "../LAGJET/1.PEJTONI/PEJTONI_QFIELD_IMPORT/DCIM/20190402112544684.jpg"
  },
  {
    "id": 110071,
    "Lloji": "Gjethërënës",
    "Lartesi": "I lartë (> 3m)",
    "Gjendja": "E mirë",
    "KordinataX": 21.15762,
    "KordinataY": 42.65576,
    "Photo": ""
  },
  {
    "id": 110072,
    "Lloji": "Gjethërënës",
    "Lartesi": "I lartë (> 3m)",
    "Gjendja": "E mirë",
    "KordinataX": 21.15767,
    "KordinataY": 42.65577,
    "Photo": ""
  },
  {
    "id": 110073,
    "Lloji": "Gjethërënës",
    "Lartesi": "I lartë (> 3m)",
    "Gjendja": "E mirë",
    "KordinataX": 21.15772,
    "KordinataY": 42.65578,
    "Photo": ""
  },
  {
    "id": 110074,
    "Lloji": "Gjethërënës",
    "Lartesi": "I lartë (> 3m)",
    "Gjendja": "E mirë",
    "KordinataX": 21.15777,
    "KordinataY": 42.65591,
    "Photo": ""
  },
  {
    "id": 110077,
    "Lloji": "Gjethërënës",
    "Lartesi": "I mesëm (1 - 3m)",
    "Gjendja": "E mirë",
    "KordinataX": 21.15749,
    "KordinataY": 42.65602,
    "Photo": ""
  },
  {
    "id": 110080,
    "Lloji": "Gjethërënës",
    "Lartesi": "I lartë (> 3m)",
    "Gjendja": "E mirë",
    "KordinataX": 21.15718,
    "KordinataY": 42.656,
    "Photo": ""
  },
  {
    "id": 110081,
    "Lloji": "Gjethërënës",
    "Lartesi": "I lartë (> 3m)",
    "Gjendja": "E mirë",
    "KordinataX": 21.15711,
    "KordinataY": 42.65596,
    "Photo": ""
  },
  {
    "id": 110083,
    "Lloji": "Gjethëmbajtës",
    "Lartesi": "I ulët (< 1m)",
    "Gjendja": "E mirë",
    "KordinataX": 21.15755,
    "KordinataY": 42.65619,
    "Photo": ""
  },
  {
    "id": 110083,
    "Lloji": "Gjethërënës",
    "Lartesi": "I lartë (> 3m)",
    "Gjendja": "E mirë",
    "KordinataX": 21.15743,
    "KordinataY": 42.65643,
    "Photo": "../LAGJET/1.PEJTONI/PEJTONI_QFIELD_IMPORT/DCIM/20190402114437927.jpg"
  },
  {
    "id": 110085,
    "Lloji": "Gjethërënës",
    "Lartesi": "I lartë (> 3m)",
    "Gjendja": "E mirë",
    "KordinataX": 21.15741,
    "KordinataY": 42.65649,
    "Photo": "../LAGJET/1.PEJTONI/PEJTONI_QFIELD_IMPORT/DCIM/20190402114737593.jpg"
  },
  {
    "id": 110086,
    "Lloji": "Gjethërënës",
    "Lartesi": "I lartë (> 3m)",
    "Gjendja": "E mirë",
    "KordinataX": 21.15731,
    "KordinataY": 42.6564,
    "Photo": "../LAGJET/1.PEJTONI/PEJTONI_QFIELD_IMPORT/DCIM/20190402114816534.jpg"
  },
  {
    "id": 110088,
    "Lloji": "Gjethëmbajtës",
    "Lartesi": "I mesëm (1 - 3m)",
    "Gjendja": "E mirë",
    "KordinataX": 21.15715,
    "KordinataY": 42.65634,
    "Photo": ""
  },
  {
    "id": 110089,
    "Lloji": "Gjethëmbajtës",
    "Lartesi": "I mesëm (1 - 3m)",
    "Gjendja": "E mirë",
    "KordinataX": 21.15714,
    "KordinataY": 42.65633,
    "Photo": ""
  },
  {
    "id": 110090,
    "Lloji": "Gjethëmbajtës",
    "Lartesi": "I mesëm (1 - 3m)",
    "Gjendja": "E mirë",
    "KordinataX": 21.15713,
    "KordinataY": 42.65633,
    "Photo": ""
  },
  {
    "id": 110091,
    "Lloji": "Gjethëmbajtës",
    "Lartesi": "I mesëm (1 - 3m)",
    "Gjendja": "E mirë",
    "KordinataX": 21.15712,
    "KordinataY": 42.65633,
    "Photo": ""
  },
  {
    "id": 110092,
    "Lloji": "Gjethëmbajtës",
    "Lartesi": "I mesëm (1 - 3m)",
    "Gjendja": "E mirë",
    "KordinataX": 21.15712,
    "KordinataY": 42.65633,
    "Photo": ""
  },
  {
    "id": 110093,
    "Lloji": "Gjethëmbajtës",
    "Lartesi": "I mesëm (1 - 3m)",
    "Gjendja": "E mirë",
    "KordinataX": 21.15711,
    "KordinataY": 42.65633,
    "Photo": ""
  },
  {
    "id": 110094,
    "Lloji": "Gjethëmbajtës",
    "Lartesi": "I mesëm (1 - 3m)",
    "Gjendja": "E mirë",
    "KordinataX": 21.1571,
    "KordinataY": 42.65633,
    "Photo": ""
  },
  {
    "id": 110095,
    "Lloji": "Gjethëmbajtës",
    "Lartesi": "I mesëm (1 - 3m)",
    "Gjendja": "E mirë",
    "KordinataX": 21.15709,
    "KordinataY": 42.65632,
    "Photo": ""
  },
  {
    "id": 110096,
    "Lloji": "Gjethëmbajtës",
    "Lartesi": "I mesëm (1 - 3m)",
    "Gjendja": "E mirë",
    "KordinataX": 21.15709,
    "KordinataY": 42.65632,
    "Photo": ""
  },
  {
    "id": 1197,
    "Lloji": "Gjethëmbajtës",
    "Lartesi": "I mesëm (1 - 3m)",
    "Gjendja": "E mirë",
    "KordinataX": 21.15708,
    "KordinataY": 42.65632,
    "Photo": ""
  },
  {
    "id": 110098,
    "Lloji": "Gjethërënës",
    "Lartesi": "I lartë (> 3m)",
    "Gjendja": "E mirë",
    "KordinataX": 21.15704,
    "KordinataY": 42.65639,
    "Photo": ""
  },
  {
    "id": "",
    "Lloji": "",
    "Lartesi": "",
    "Gjendja": "",
    "KordinataX": 21.15704,
    "KordinataY": 42.65639,
    "Photo": ""
  },
  {
    "id": 110099,
    "Lloji": "Gjethëmbajtës",
    "Lartesi": "I mesëm (1 - 3m)",
    "Gjendja": "E mirë",
    "KordinataX": 21.15702,
    "KordinataY": 42.6563,
    "Photo": ""
  },
  {
    "id": 110100,
    "Lloji": "Gjethëmbajtës",
    "Lartesi": "I ulët (< 1m)",
    "Gjendja": "E mirë",
    "KordinataX": 21.15703,
    "KordinataY": 42.6563,
    "Photo": ""
  },
  {
    "id": 110101,
    "Lloji": "Gjethëmbajtës",
    "Lartesi": "I ulët (< 1m)",
    "Gjendja": "E mirë",
    "KordinataX": 21.15704,
    "KordinataY": 42.6563,
    "Photo": ""
  },
  {
    "id": 110102,
    "Lloji": "Gjethëmbajtës",
    "Lartesi": "I mesëm (1 - 3m)",
    "Gjendja": "E mirë",
    "KordinataX": 21.15702,
    "KordinataY": 42.6563,
    "Photo": ""
  },
  {
    "id": 110103,
    "Lloji": "Gjethëmbajtës",
    "Lartesi": "I mesëm (1 - 3m)",
    "Gjendja": "E mirë",
    "KordinataX": 21.15701,
    "KordinataY": 42.6563,
    "Photo": ""
  },
  {
    "id": 110104,
    "Lloji": "Gjethëmbajtës",
    "Lartesi": "I mesëm (1 - 3m)",
    "Gjendja": "E mirë",
    "KordinataX": 21.157,
    "KordinataY": 42.65629,
    "Photo": ""
  },
  {
    "id": 110104,
    "Lloji": "Gjethëmbajtës",
    "Lartesi": "I mesëm (1 - 3m)",
    "Gjendja": "E mirë",
    "KordinataX": 21.157,
    "KordinataY": 42.65629,
    "Photo": ""
  },
  {
    "id": 110105,
    "Lloji": "Gjethërënës",
    "Lartesi": "I lartë (> 3m)",
    "Gjendja": "E mirë",
    "KordinataX": 21.15698,
    "KordinataY": 42.65637,
    "Photo": ""
  },
  {
    "id": 11107,
    "Lloji": "Gjethëmbajtës",
    "Lartesi": "I ulët (< 1m)",
    "Gjendja": "E mirë",
    "KordinataX": 21.15676,
    "KordinataY": 42.6563,
    "Photo": ""
  },
  {
    "id": 110108,
    "Lloji": "Gjethëmbajtës",
    "Lartesi": "I ulët (< 1m)",
    "Gjendja": "E mirë",
    "KordinataX": 21.15673,
    "KordinataY": 42.65629,
    "Photo": ""
  },
  {
    "id": 110109,
    "Lloji": "Gjethërënës",
    "Lartesi": "I lartë (> 3m)",
    "Gjendja": "E mirë",
    "KordinataX": 21.15674,
    "KordinataY": 42.65633,
    "Photo": ""
  },
  {
    "id": 110110,
    "Lloji": "Gjethëmbajtës",
    "Lartesi": "I lartë (> 3m)",
    "Gjendja": "E mirë",
    "KordinataX": 21.15673,
    "KordinataY": 42.65632,
    "Photo": ""
  },
  {
    "id": 110111,
    "Lloji": "Gjethërënës",
    "Lartesi": "I mesëm (1 - 3m)",
    "Gjendja": "E mirë",
    "KordinataX": 21.15675,
    "KordinataY": 42.65633,
    "Photo": ""
  },
  {
    "id": 110112,
    "Lloji": "Gjethëmbajtës",
    "Lartesi": "I mesëm (1 - 3m)",
    "Gjendja": "E mirë",
    "KordinataX": 21.15673,
    "KordinataY": 42.65632,
    "Photo": ""
  },
  {
    "id": 110113,
    "Lloji": "Gjethërënës",
    "Lartesi": "I mesëm (1 - 3m)",
    "Gjendja": "E mirë",
    "KordinataX": 21.15672,
    "KordinataY": 42.65632,
    "Photo": ""
  },
  {
    "id": 110114,
    "Lloji": "Gjethërënës",
    "Lartesi": "I mesëm (1 - 3m)",
    "Gjendja": "E mirë",
    "KordinataX": 21.15672,
    "KordinataY": 42.65632,
    "Photo": ""
  },
  {
    "id": 110115,
    "Lloji": "Gjethëmbajtës",
    "Lartesi": "I mesëm (1 - 3m)",
    "Gjendja": "E mirë",
    "KordinataX": 21.15671,
    "KordinataY": 42.65632,
    "Photo": ""
  },
  {
    "id": 110116,
    "Lloji": "Gjethërënës",
    "Lartesi": "I lartë (> 3m)",
    "Gjendja": "E mirë",
    "KordinataX": 21.15661,
    "KordinataY": 42.65631,
    "Photo": ""
  },
  {
    "id": 110117,
    "Lloji": "Gjethëmbajtës",
    "Lartesi": "I ulët (< 1m)",
    "Gjendja": "E mirë",
    "KordinataX": 21.15662,
    "KordinataY": 42.6563,
    "Photo": ""
  },
  {
    "id": 110118,
    "Lloji": "Gjethërënës",
    "Lartesi": "I lartë (> 3m)",
    "Gjendja": "E mirë",
    "KordinataX": 21.15665,
    "KordinataY": 42.6563,
    "Photo": ""
  },
  {
    "id": 110122,
    "Lloji": "Gjethërënës",
    "Lartesi": "I lartë (> 3m)",
    "Gjendja": "Jo e mirë",
    "KordinataX": 21.15616,
    "KordinataY": 42.65614,
    "Photo": ""
  },
  {
    "id": 110123,
    "Lloji": "Gjethëmbajtës",
    "Lartesi": "I lartë (> 3m)",
    "Gjendja": "E mirë",
    "KordinataX": 21.15613,
    "KordinataY": 42.65615,
    "Photo": ""
  },
  {
    "id": 110124,
    "Lloji": "Gjethëmbajtës",
    "Lartesi": "I lartë (> 3m)",
    "Gjendja": "E mirë",
    "KordinataX": 21.15612,
    "KordinataY": 42.65614,
    "Photo": ""
  },
  {
    "id": 110126,
    "Lloji": "Gjethërënës",
    "Lartesi": "I mesëm (1 - 3m)",
    "Gjendja": "E mirë",
    "KordinataX": 21.15603,
    "KordinataY": 42.65618,
    "Photo": ""
  },
  {
    "id": 110127,
    "Lloji": "Gjethërënës",
    "Lartesi": "I lartë (> 3m)",
    "Gjendja": "E mirë",
    "KordinataX": 21.15602,
    "KordinataY": 42.6562,
    "Photo": ""
  },
  {
    "id": 110128,
    "Lloji": "Gjethëmbajtës",
    "Lartesi": "I lartë (> 3m)",
    "Gjendja": "E mirë",
    "KordinataX": 21.15601,
    "KordinataY": 42.65625,
    "Photo": ""
  },
  {
    "id": 110129,
    "Lloji": "Gjethërënës",
    "Lartesi": "I lartë (> 3m)",
    "Gjendja": "E mirë",
    "KordinataX": 21.156,
    "KordinataY": 42.65609,
    "Photo": ""
  },
  {
    "id": 110130,
    "Lloji": "Gjethërënës",
    "Lartesi": "I lartë (> 3m)",
    "Gjendja": "E mirë",
    "KordinataX": 21.15593,
    "KordinataY": 42.65607,
    "Photo": ""
  },
  {
    "id": 110131,
    "Lloji": "Gjethërënës",
    "Lartesi": "I lartë (> 3m)",
    "Gjendja": "E mirë",
    "KordinataX": 21.15581,
    "KordinataY": 42.65604,
    "Photo": ""
  },
  {
    "id": 110132,
    "Lloji": "Gjethëmbajtës",
    "Lartesi": "I lartë (> 3m)",
    "Gjendja": "E mirë",
    "KordinataX": 21.15595,
    "KordinataY": 42.65599,
    "Photo": ""
  },
  {
    "id": 110133,
    "Lloji": "Gjethëmbajtës",
    "Lartesi": "I mesëm (1 - 3m)",
    "Gjendja": "E mirë",
    "KordinataX": 21.15619,
    "KordinataY": 42.65599,
    "Photo": ""
  },
  {
    "id": 110134,
    "Lloji": "Gjethëmbajtës",
    "Lartesi": "I mesëm (1 - 3m)",
    "Gjendja": "E mirë",
    "KordinataX": 21.1562,
    "KordinataY": 42.65602,
    "Photo": ""
  },
  {
    "id": 110135,
    "Lloji": "Gjethëmbajtës",
    "Lartesi": "I mesëm (1 - 3m)",
    "Gjendja": "E mirë",
    "KordinataX": 21.15618,
    "KordinataY": 42.65604,
    "Photo": ""
  },
  {
    "id": 110136,
    "Lloji": "Gjethëmbajtës",
    "Lartesi": "I mesëm (1 - 3m)",
    "Gjendja": "E mirë",
    "KordinataX": 21.15622,
    "KordinataY": 42.65598,
    "Photo": ""
  },
  {
    "id": 110137,
    "Lloji": "Gjethëmbajtës",
    "Lartesi": "I mesëm (1 - 3m)",
    "Gjendja": "E mirë",
    "KordinataX": 21.15623,
    "KordinataY": 42.65594,
    "Photo": ""
  },
  {
    "id": 110138,
    "Lloji": "Gjethërënës",
    "Lartesi": "I lartë (> 3m)",
    "Gjendja": "E mirë",
    "KordinataX": 21.15625,
    "KordinataY": 42.65591,
    "Photo": ""
  },
  {
    "id": 110139,
    "Lloji": "Gjethërënës",
    "Lartesi": "I lartë (> 3m)",
    "Gjendja": "E mirë",
    "KordinataX": 21.15626,
    "KordinataY": 42.65588,
    "Photo": ""
  },
  {
    "id": 110140,
    "Lloji": "Gjethërënës",
    "Lartesi": "I lartë (> 3m)",
    "Gjendja": "E mirë",
    "KordinataX": 21.15627,
    "KordinataY": 42.65586,
    "Photo": ""
  },
  {
    "id": 110143,
    "Lloji": "Gjethërënës",
    "Lartesi": "I lartë (> 3m)",
    "Gjendja": "E mirë",
    "KordinataX": 21.15624,
    "KordinataY": 42.65628,
    "Photo": ""
  },
  {
    "id": 110144,
    "Lloji": "Gjethërënës",
    "Lartesi": "I lartë (> 3m)",
    "Gjendja": "E mirë",
    "KordinataX": 21.15621,
    "KordinataY": 42.65635,
    "Photo": ""
  },
  {
    "id": 110145,
    "Lloji": "Gjethërënës",
    "Lartesi": "I lartë (> 3m)",
    "Gjendja": "E mirë",
    "KordinataX": 21.15598,
    "KordinataY": 42.65633,
    "Photo": ""
  },
  {
    "id": 110146,
    "Lloji": "Gjethërënës",
    "Lartesi": "I mesëm (1 - 3m)",
    "Gjendja": "E mirë",
    "KordinataX": 21.15595,
    "KordinataY": 42.65633,
    "Photo": ""
  },
  {
    "id": 110147,
    "Lloji": "Gjethëmbajtës",
    "Lartesi": "I lartë (> 3m)",
    "Gjendja": "E mirë",
    "KordinataX": 21.15612,
    "KordinataY": 42.65636,
    "Photo": ""
  },
  {
    "id": 110148,
    "Lloji": "Gjethërënës",
    "Lartesi": "I lartë (> 3m)",
    "Gjendja": "E mirë",
    "KordinataX": 21.15617,
    "KordinataY": 42.65638,
    "Photo": ""
  },
  {
    "id": 110150,
    "Lloji": "Gjethërënës",
    "Lartesi": "I lartë (> 3m)",
    "Gjendja": "E mirë",
    "KordinataX": 21.15626,
    "KordinataY": 42.65647,
    "Photo": ""
  },
  {
    "id": 110152,
    "Lloji": "Gjethërënës",
    "Lartesi": "I mesëm (1 - 3m)",
    "Gjendja": "E mirë",
    "KordinataX": 21.15593,
    "KordinataY": 42.65635,
    "Photo": ""
  },
  {
    "id": 110153,
    "Lloji": "Gjethërënës",
    "Lartesi": "I mesëm (1 - 3m)",
    "Gjendja": "Jo e mirë",
    "KordinataX": 21.15621,
    "KordinataY": 42.65653,
    "Photo": ""
  },
  {
    "id": 110154,
    "Lloji": "Gjethërënës",
    "Lartesi": "I mesëm (1 - 3m)",
    "Gjendja": "Jo e mirë",
    "KordinataX": 21.15619,
    "KordinataY": 42.65657,
    "Photo": "../LAGJET/1.PEJTONI/PEJTONI_QFIELD_IMPORT/DCIM/20190402122554241.jpg"
  },
  {
    "id": 110155,
    "Lloji": "Gjethërënës",
    "Lartesi": "I lartë (> 3m)",
    "Gjendja": "E mirë",
    "KordinataX": 21.15623,
    "KordinataY": 42.65661,
    "Photo": ""
  },
  {
    "id": 110156,
    "Lloji": "Gjethërënës",
    "Lartesi": "I mesëm (1 - 3m)",
    "Gjendja": "E mirë",
    "KordinataX": 21.15624,
    "KordinataY": 42.65661,
    "Photo": ""
  },
  {
    "id": 110157,
    "Lloji": "Gjethërënës",
    "Lartesi": "I mesëm (1 - 3m)",
    "Gjendja": "E mirë",
    "KordinataX": 21.15625,
    "KordinataY": 42.65658,
    "Photo": ""
  },
  {
    "id": 110158,
    "Lloji": "Gjethërënës",
    "Lartesi": "I mesëm (1 - 3m)",
    "Gjendja": "E mirë",
    "KordinataX": 21.15626,
    "KordinataY": 42.65653,
    "Photo": ""
  },
  {
    "id": 110159,
    "Lloji": "Gjethërënës",
    "Lartesi": "I lartë (> 3m)",
    "Gjendja": "E mirë",
    "KordinataX": 21.15605,
    "KordinataY": 42.65659,
    "Photo": ""
  },
  {
    "id": 110160,
    "Lloji": "Gjethërënës",
    "Lartesi": "I lartë (> 3m)",
    "Gjendja": "E mirë",
    "KordinataX": 21.15603,
    "KordinataY": 42.65662,
    "Photo": ""
  },
  {
    "id": 110161,
    "Lloji": "Gjethërënës",
    "Lartesi": "I lartë (> 3m)",
    "Gjendja": "E mirë",
    "KordinataX": 21.15603,
    "KordinataY": 42.65665,
    "Photo": ""
  },
  {
    "id": 110163,
    "Lloji": "Gjethërënës",
    "Lartesi": "I lartë (> 3m)",
    "Gjendja": "E mirë",
    "KordinataX": 21.15614,
    "KordinataY": 42.65667,
    "Photo": ""
  },
  {
    "id": 110165,
    "Lloji": "Gjethërënës",
    "Lartesi": "I ulët (< 1m)",
    "Gjendja": "E mirë",
    "KordinataX": 21.15601,
    "KordinataY": 42.65668,
    "Photo": ""
  },
  {
    "id": 110166,
    "Lloji": "Gjethërënës",
    "Lartesi": "I lartë (> 3m)",
    "Gjendja": "E mirë",
    "KordinataX": 21.15599,
    "KordinataY": 42.65677,
    "Photo": ""
  },
  {
    "id": 110167,
    "Lloji": "Gjethërënës",
    "Lartesi": "I lartë (> 3m)",
    "Gjendja": "E mirë",
    "KordinataX": 21.15607,
    "KordinataY": 42.65687,
    "Photo": ""
  },
  {
    "id": 110168,
    "Lloji": "Gjethërënës",
    "Lartesi": "I lartë (> 3m)",
    "Gjendja": "E mirë",
    "KordinataX": 21.15633,
    "KordinataY": 42.65695,
    "Photo": ""
  },
  {
    "id": 110169,
    "Lloji": "Gjethërënës",
    "Lartesi": "I lartë (> 3m)",
    "Gjendja": "E mirë",
    "KordinataX": 21.15636,
    "KordinataY": 42.65696,
    "Photo": ""
  },
  {
    "id": 110170,
    "Lloji": "Gjethërënës",
    "Lartesi": "I lartë (> 3m)",
    "Gjendja": "E mirë",
    "KordinataX": 21.1564,
    "KordinataY": 42.65697,
    "Photo": ""
  },
  {
    "id": 110171,
    "Lloji": "Gjethërënës",
    "Lartesi": "I lartë (> 3m)",
    "Gjendja": "E mirë",
    "KordinataX": 21.15637,
    "KordinataY": 42.65704,
    "Photo": ""
  },
  {
    "id": 110172,
    "Lloji": "Gjethërënës",
    "Lartesi": "I lartë (> 3m)",
    "Gjendja": "E mirë",
    "KordinataX": 21.15648,
    "KordinataY": 42.65706,
    "Photo": ""
  },
  {
    "id": 110173,
    "Lloji": "Gjethëmbajtës",
    "Lartesi": "I lartë (> 3m)",
    "Gjendja": "E mirë",
    "KordinataX": 21.15609,
    "KordinataY": 42.65693,
    "Photo": ""
  },
  {
    "id": 110174,
    "Lloji": "Gjethëmbajtës",
    "Lartesi": "I lartë (> 3m)",
    "Gjendja": "E mirë",
    "KordinataX": 21.15606,
    "KordinataY": 42.65697,
    "Photo": ""
  },
  {
    "id": 110175,
    "Lloji": "Gjethërënës",
    "Lartesi": "I lartë (> 3m)",
    "Gjendja": "E mirë",
    "KordinataX": 21.1559,
    "KordinataY": 42.65696,
    "Photo": ""
  },
  {
    "id": 110176,
    "Lloji": "Gjethërënës",
    "Lartesi": "I mesëm (1 - 3m)",
    "Gjendja": "E mirë",
    "KordinataX": 21.15587,
    "KordinataY": 42.65698,
    "Photo": ""
  },
  {
    "id": 110177,
    "Lloji": "Gjethërënës",
    "Lartesi": "I mesëm (1 - 3m)",
    "Gjendja": "Jo e mirë",
    "KordinataX": 21.15586,
    "KordinataY": 42.65694,
    "Photo": ""
  },
  {
    "id": 110179,
    "Lloji": "Gjethëmbajtës",
    "Lartesi": "I lartë (> 3m)",
    "Gjendja": "E mirë",
    "KordinataX": 21.15586,
    "KordinataY": 42.65701,
    "Photo": ""
  },
  {
    "id": 110180,
    "Lloji": "Gjethëmbajtës",
    "Lartesi": "I lartë (> 3m)",
    "Gjendja": "E mirë",
    "KordinataX": 21.15584,
    "KordinataY": 42.65704,
    "Photo": ""
  },
  {
    "id": 110181,
    "Lloji": "Gjethëmbajtës",
    "Lartesi": "I lartë (> 3m)",
    "Gjendja": "E mirë",
    "KordinataX": 21.15584,
    "KordinataY": 42.65707,
    "Photo": ""
  },
  {
    "id": 110182,
    "Lloji": "Gjethërënës",
    "Lartesi": "I lartë (> 3m)",
    "Gjendja": "E mirë",
    "KordinataX": 21.15584,
    "KordinataY": 42.65709,
    "Photo": ""
  },
  {
    "id": 110183,
    "Lloji": "Gjethëmbajtës",
    "Lartesi": "I ulët (< 1m)",
    "Gjendja": "E mirë",
    "KordinataX": 21.15566,
    "KordinataY": 42.65708,
    "Photo": ""
  },
  {
    "id": 110184,
    "Lloji": "Gjethëmbajtës",
    "Lartesi": "I ulët (< 1m)",
    "Gjendja": "E mirë",
    "KordinataX": 21.1557,
    "KordinataY": 42.65709,
    "Photo": ""
  },
  {
    "id": "",
    "Lloji": "Gjethëmbajtës",
    "Lartesi": "I ulët (< 1m)",
    "Gjendja": "E mirë",
    "KordinataX": 21.15575,
    "KordinataY": 42.6571,
    "Photo": ""
  },
  {
    "id": 110187,
    "Lloji": "Gjethërënës",
    "Lartesi": "I lartë (> 3m)",
    "Gjendja": "E mirë",
    "KordinataX": 21.15577,
    "KordinataY": 42.65716,
    "Photo": ""
  },
  {
    "id": 110188,
    "Lloji": "Gjethëmbajtës",
    "Lartesi": "I mesëm (1 - 3m)",
    "Gjendja": "E mirë",
    "KordinataX": 21.15579,
    "KordinataY": 42.65717,
    "Photo": ""
  },
  {
    "id": 110189,
    "Lloji": "Gjethëmbajtës",
    "Lartesi": "I mesëm (1 - 3m)",
    "Gjendja": "E mirë",
    "KordinataX": 21.15578,
    "KordinataY": 42.6572,
    "Photo": ""
  },
  {
    "id": 110190,
    "Lloji": "Gjethëmbajtës",
    "Lartesi": "I mesëm (1 - 3m)",
    "Gjendja": "E mirë",
    "KordinataX": 21.15577,
    "KordinataY": 42.65722,
    "Photo": ""
  },
  {
    "id": 110191,
    "Lloji": "Gjethërënës",
    "Lartesi": "I lartë (> 3m)",
    "Gjendja": "E mirë",
    "KordinataX": 21.15575,
    "KordinataY": 42.65722,
    "Photo": ""
  },
  {
    "id": 110192,
    "Lloji": "Gjethëmbajtës",
    "Lartesi": "I lartë (> 3m)",
    "Gjendja": "E mirë",
    "KordinataX": 21.15575,
    "KordinataY": 42.65724,
    "Photo": ""
  },
  {
    "id": 110193,
    "Lloji": "Gjethëmbajtës",
    "Lartesi": "I lartë (> 3m)",
    "Gjendja": "E mirë",
    "KordinataX": 21.15573,
    "KordinataY": 42.65729,
    "Photo": ""
  },
  {
    "id": 110194,
    "Lloji": "Gjethëmbajtës",
    "Lartesi": "I mesëm (1 - 3m)",
    "Gjendja": "E mirë",
    "KordinataX": 21.15573,
    "KordinataY": 42.65728,
    "Photo": ""
  },
  {
    "id": 110195,
    "Lloji": "Gjethëmbajtës",
    "Lartesi": "I mesëm (1 - 3m)",
    "Gjendja": "E mirë",
    "KordinataX": 21.15575,
    "KordinataY": 42.65727,
    "Photo": ""
  },
  {
    "id": 110196,
    "Lloji": "Gjethëmbajtës",
    "Lartesi": "I ulët (< 1m)",
    "Gjendja": "E mirë",
    "KordinataX": 21.15572,
    "KordinataY": 42.6573,
    "Photo": ""
  },
  {
    "id": 110197,
    "Lloji": "Gjethëmbajtës",
    "Lartesi": "I lartë (> 3m)",
    "Gjendja": "E mirë",
    "KordinataX": 21.15593,
    "KordinataY": 42.65722,
    "Photo": ""
  },
  {
    "id": 110198,
    "Lloji": "Gjethëmbajtës",
    "Lartesi": "I lartë (> 3m)",
    "Gjendja": "E mirë",
    "KordinataX": 21.15592,
    "KordinataY": 42.65723,
    "Photo": ""
  },
  {
    "id": 110199,
    "Lloji": "Gjethëmbajtës",
    "Lartesi": "I lartë (> 3m)",
    "Gjendja": "E mirë",
    "KordinataX": 21.15593,
    "KordinataY": 42.6572,
    "Photo": ""
  },
  {
    "id": 110200,
    "Lloji": "Gjethëmbajtës",
    "Lartesi": "I mesëm (1 - 3m)",
    "Gjendja": "E mirë",
    "KordinataX": 21.15591,
    "KordinataY": 42.65726,
    "Photo": ""
  },
  {
    "id": 110201,
    "Lloji": "Gjethërënës",
    "Lartesi": "I ulët (< 1m)",
    "Gjendja": "E mirë",
    "KordinataX": 21.1559,
    "KordinataY": 42.65727,
    "Photo": ""
  },
  {
    "id": 110202,
    "Lloji": "Gjethëmbajtës",
    "Lartesi": "I lartë (> 3m)",
    "Gjendja": "E mirë",
    "KordinataX": 21.15589,
    "KordinataY": 42.65729,
    "Photo": ""
  },
  {
    "id": 110203,
    "Lloji": "Gjethëmbajtës",
    "Lartesi": "I lartë (> 3m)",
    "Gjendja": "E mirë",
    "KordinataX": 21.15586,
    "KordinataY": 42.65734,
    "Photo": ""
  },
  {
    "id": 110204,
    "Lloji": "Gjethërënës",
    "Lartesi": "I lartë (> 3m)",
    "Gjendja": "E mirë",
    "KordinataX": 21.15586,
    "KordinataY": 42.65735,
    "Photo": ""
  },
  {
    "id": 110205,
    "Lloji": "Gjethërënës",
    "Lartesi": "I lartë (> 3m)",
    "Gjendja": "E mirë",
    "KordinataX": 21.15696,
    "KordinataY": 42.65752,
    "Photo": ""
  },
  {
    "id": 110206,
    "Lloji": "Gjethërënës",
    "Lartesi": "I lartë (> 3m)",
    "Gjendja": "E mirë",
    "KordinataX": 21.15684,
    "KordinataY": 42.65747,
    "Photo": ""
  },
  {
    "id": 110207,
    "Lloji": "Gjethëmbajtës",
    "Lartesi": "I lartë (> 3m)",
    "Gjendja": "E mirë",
    "KordinataX": 21.15682,
    "KordinataY": 42.65743,
    "Photo": ""
  },
  {
    "id": 110208,
    "Lloji": "Gjethëmbajtës",
    "Lartesi": "I lartë (> 3m)",
    "Gjendja": "E mirë",
    "KordinataX": 21.15683,
    "KordinataY": 42.65741,
    "Photo": ""
  },
  {
    "id": 110209,
    "Lloji": "Gjethëmbajtës",
    "Lartesi": "I lartë (> 3m)",
    "Gjendja": "E mirë",
    "KordinataX": 21.15683,
    "KordinataY": 42.65738,
    "Photo": ""
  },
  {
    "id": 110210,
    "Lloji": "Gjethërënës",
    "Lartesi": "I lartë (> 3m)",
    "Gjendja": "E mirë",
    "KordinataX": 21.1569,
    "KordinataY": 42.6574,
    "Photo": ""
  },
  {
    "id": 110211,
    "Lloji": "Gjethëmbajtës",
    "Lartesi": "I lartë (> 3m)",
    "Gjendja": "E mirë",
    "KordinataX": 21.15695,
    "KordinataY": 42.65742,
    "Photo": ""
  },
  {
    "id": 110212,
    "Lloji": "Gjethëmbajtës",
    "Lartesi": "I lartë (> 3m)",
    "Gjendja": "E mirë",
    "KordinataX": 21.15694,
    "KordinataY": 42.65745,
    "Photo": ""
  },
  {
    "id": 110213,
    "Lloji": "Gjethërënës",
    "Lartesi": "I lartë (> 3m)",
    "Gjendja": "E mirë",
    "KordinataX": 21.15673,
    "KordinataY": 42.65738,
    "Photo": ""
  },
  {
    "id": 110214,
    "Lloji": "Gjethërënës",
    "Lartesi": "I lartë (> 3m)",
    "Gjendja": "E mirë",
    "KordinataX": 21.15702,
    "KordinataY": 42.65726,
    "Photo": ""
  },
  {
    "id": 110216,
    "Lloji": "Gjethëmbajtës",
    "Lartesi": "I ulët (< 1m)",
    "Gjendja": "E mirë",
    "KordinataX": 21.157,
    "KordinataY": 42.65724,
    "Photo": ""
  },
  {
    "id": 110217,
    "Lloji": "Gjethëmbajtës",
    "Lartesi": "I ulët (< 1m)",
    "Gjendja": "E mirë",
    "KordinataX": 21.15701,
    "KordinataY": 42.65724,
    "Photo": ""
  },
  {
    "id": 110218,
    "Lloji": "Gjethëmbajtës",
    "Lartesi": "I ulët (< 1m)",
    "Gjendja": "E mirë",
    "KordinataX": 21.15702,
    "KordinataY": 42.65724,
    "Photo": ""
  },
  {
    "id": 110219,
    "Lloji": "Gjethëmbajtës",
    "Lartesi": "I ulët (< 1m)",
    "Gjendja": "E mirë",
    "KordinataX": 21.15704,
    "KordinataY": 42.65725,
    "Photo": ""
  },
  {
    "id": 110220,
    "Lloji": "Gjethëmbajtës",
    "Lartesi": "I ulët (< 1m)",
    "Gjendja": "E mirë",
    "KordinataX": 21.15706,
    "KordinataY": 42.65725,
    "Photo": ""
  },
  {
    "id": 110221,
    "Lloji": "Gjethëmbajtës",
    "Lartesi": "I lartë (> 3m)",
    "Gjendja": "E mirë",
    "KordinataX": 21.15711,
    "KordinataY": 42.65704,
    "Photo": ""
  },
  {
    "id": 110222,
    "Lloji": "Gjethëmbajtës",
    "Lartesi": "I lartë (> 3m)",
    "Gjendja": "E mirë",
    "KordinataX": 21.1571,
    "KordinataY": 42.65706,
    "Photo": ""
  },
  {
    "id": 110226,
    "Lloji": "Gjethërënës",
    "Lartesi": "I lartë (> 3m)",
    "Gjendja": "E mirë",
    "KordinataX": 21.15556,
    "KordinataY": 42.65625,
    "Photo": ""
  },
  {
    "id": 110227,
    "Lloji": "Gjethëmbajtës",
    "Lartesi": "I mesëm (1 - 3m)",
    "Gjendja": "E mirë",
    "KordinataX": 21.15531,
    "KordinataY": 42.65638,
    "Photo": ""
  },
  {
    "id": 110228,
    "Lloji": "Gjethërënës",
    "Lartesi": "I lartë (> 3m)",
    "Gjendja": "E mirë",
    "KordinataX": 21.15541,
    "KordinataY": 42.65642,
    "Photo": ""
  },
  {
    "id": 110229,
    "Lloji": "Gjethërënës",
    "Lartesi": "I lartë (> 3m)",
    "Gjendja": "E mirë",
    "KordinataX": 21.15566,
    "KordinataY": 42.65659,
    "Photo": ""
  },
  {
    "id": 110230,
    "Lloji": "Gjethëmbajtës",
    "Lartesi": "I mesëm (1 - 3m)",
    "Gjendja": "E mirë",
    "KordinataX": 21.15567,
    "KordinataY": 42.65679,
    "Photo": ""
  },
  {
    "id": 110231,
    "Lloji": "Gjethëmbajtës",
    "Lartesi": "I mesëm (1 - 3m)",
    "Gjendja": "E mirë",
    "KordinataX": 21.15566,
    "KordinataY": 42.65677,
    "Photo": ""
  },
  {
    "id": 110232,
    "Lloji": "Gjethërënës",
    "Lartesi": "I lartë (> 3m)",
    "Gjendja": "E mirë",
    "KordinataX": 21.1555,
    "KordinataY": 42.65683,
    "Photo": ""
  },
  {
    "id": 110233,
    "Lloji": "Gjethërënës",
    "Lartesi": "I lartë (> 3m)",
    "Gjendja": "E mirë",
    "KordinataX": 21.15691,
    "KordinataY": 42.65664,
    "Photo": ""
  },
  {
    "id": 110234,
    "Lloji": "Gjethërënës",
    "Lartesi": "I lartë (> 3m)",
    "Gjendja": "E mirë",
    "KordinataX": 21.15675,
    "KordinataY": 42.65607,
    "Photo": ""
  },
  {
    "id": 11235,
    "Lloji": "Gjethëmbajtës",
    "Lartesi": "I lartë (> 3m)",
    "Gjendja": "E mirë",
    "KordinataX": 21.15599,
    "KordinataY": 42.65569,
    "Photo": ""
  }
]