[
  {
    "id": 3100106,
    "Lloji": "Gjethëmbajtës",
    "Lartesi": "I ulët (< 1m)",
    "Gjendja": "E mirë",
    "KordinataX": 21.16084,
    "KordinataY": 42.66401,
    "Photo": ""
  },
  {
    "id": 3100107,
    "Lloji": "Gjethëmbajtës",
    "Lartesi": "I ulët (< 1m)",
    "Gjendja": "E mirë",
    "KordinataX": 21.16086,
    "KordinataY": 42.664,
    "Photo": ""
  },
  {
    "id": 3100108,
    "Lloji": "Gjethëmbajtës",
    "Lartesi": "I ulët (< 1m)",
    "Gjendja": "E mirë",
    "KordinataX": 21.16084,
    "KordinataY": 42.66399,
    "Photo": ""
  },
  {
    "id": 3100109,
    "Lloji": "Gjethëmbajtës",
    "Lartesi": "I ulët (< 1m)",
    "Gjendja": "E mirë",
    "KordinataX": 21.16086,
    "KordinataY": 42.66398,
    "Photo": ""
  },
  {
    "id": 3100110,
    "Lloji": "Gjethëmbajtës",
    "Lartesi": "I ulët (< 1m)",
    "Gjendja": "E mirë",
    "KordinataX": 21.16083,
    "KordinataY": 42.66397,
    "Photo": ""
  },
  {
    "id": 3100111,
    "Lloji": "Gjethëmbajtës",
    "Lartesi": "I ulët (< 1m)",
    "Gjendja": "E mirë",
    "KordinataX": 21.16086,
    "KordinataY": 42.66396,
    "Photo": ""
  },
  {
    "id": 3100112,
    "Lloji": "Gjethërënës",
    "Lartesi": "I lartë (> 3m)",
    "Gjendja": "E mirë",
    "KordinataX": 21.16084,
    "KordinataY": 42.66395,
    "Photo": ""
  },
  {
    "id": 3100113,
    "Lloji": "Gjethërënës",
    "Lartesi": "I lartë (> 3m)",
    "Gjendja": "E mirë",
    "KordinataX": 21.16081,
    "KordinataY": 42.66389,
    "Photo": ""
  },
  {
    "id": 3100119,
    "Lloji": "Gjethërënës",
    "Lartesi": "I mesëm (1 - 3m)",
    "Gjendja": "E mirë",
    "KordinataX": 21.16119,
    "KordinataY": 42.66404,
    "Photo": ""
  },
  {
    "id": 3100120,
    "Lloji": "Gjethërënës",
    "Lartesi": "I mesëm (1 - 3m)",
    "Gjendja": "E mirë",
    "KordinataX": 21.16125,
    "KordinataY": 42.66409,
    "Photo": ""
  },
  {
    "id": 3100121,
    "Lloji": "Gjethërënës",
    "Lartesi": "I mesëm (1 - 3m)",
    "Gjendja": "E mirë",
    "KordinataX": 21.16129,
    "KordinataY": 42.66415,
    "Photo": ""
  },
  {
    "id": 3100122,
    "Lloji": "Gjethërënës",
    "Lartesi": "I mesëm (1 - 3m)",
    "Gjendja": "E mirë",
    "KordinataX": 21.16123,
    "KordinataY": 42.66413,
    "Photo": ""
  },
  {
    "id": 3100123,
    "Lloji": "Gjethërënës",
    "Lartesi": "I mesëm (1 - 3m)",
    "Gjendja": "E mirë",
    "KordinataX": 21.16118,
    "KordinataY": 42.66407,
    "Photo": ""
  },
  {
    "id": 3100124,
    "Lloji": "Gjethërënës",
    "Lartesi": "I mesëm (1 - 3m)",
    "Gjendja": "E mirë",
    "KordinataX": 21.16114,
    "KordinataY": 42.66398,
    "Photo": ""
  },
  {
    "id": 3100130,
    "Lloji": "Gjethëmbajtës",
    "Lartesi": "I lartë (> 3m)",
    "Gjendja": "E mirë",
    "KordinataX": 21.16136,
    "KordinataY": 42.66353,
    "Photo": ""
  },
  {
    "id": 3100131,
    "Lloji": "Gjethërënës",
    "Lartesi": "I lartë (> 3m)",
    "Gjendja": "E mirë",
    "KordinataX": 21.16149,
    "KordinataY": 42.66348,
    "Photo": ""
  },
  {
    "id": 3100132,
    "Lloji": "Gjethërënës",
    "Lartesi": "I lartë (> 3m)",
    "Gjendja": "E mirë",
    "KordinataX": 21.16154,
    "KordinataY": 42.66345,
    "Photo": ""
  },
  {
    "id": 3100133,
    "Lloji": "Gjethërënës",
    "Lartesi": "I lartë (> 3m)",
    "Gjendja": "E mirë",
    "KordinataX": 21.16135,
    "KordinataY": 42.66381,
    "Photo": ""
  },
  {
    "id": 3100134,
    "Lloji": "Gjethëmbajtës",
    "Lartesi": "I lartë (> 3m)",
    "Gjendja": "E mirë",
    "KordinataX": 21.16136,
    "KordinataY": 42.66378,
    "Photo": ""
  },
  {
    "id": 3100135,
    "Lloji": "Gjethëmbajtës",
    "Lartesi": "I lartë (> 3m)",
    "Gjendja": "E mirë",
    "KordinataX": 21.16143,
    "KordinataY": 42.66379,
    "Photo": ""
  },
  {
    "id": 3100136,
    "Lloji": "Gjethëmbajtës",
    "Lartesi": "I lartë (> 3m)",
    "Gjendja": "E mirë",
    "KordinataX": 21.16132,
    "KordinataY": 42.66372,
    "Photo": ""
  },
  {
    "id": 3100138,
    "Lloji": "Gjethëmbajtës",
    "Lartesi": "I lartë (> 3m)",
    "Gjendja": "Jo e mirë",
    "KordinataX": 21.16127,
    "KordinataY": 42.66371,
    "Photo": ""
  },
  {
    "id": 3100137,
    "Lloji": "Gjethëmbajtës",
    "Lartesi": "I lartë (> 3m)",
    "Gjendja": "Jo e mirë",
    "KordinataX": 21.16134,
    "KordinataY": 42.66368,
    "Photo": ""
  },
  {
    "id": 3100139,
    "Lloji": "Gjethërënës",
    "Lartesi": "I lartë (> 3m)",
    "Gjendja": "E mirë",
    "KordinataX": 21.16141,
    "KordinataY": 42.66366,
    "Photo": ""
  },
  {
    "id": 3100140,
    "Lloji": "Gjethëmbajtës",
    "Lartesi": "I lartë (> 3m)",
    "Gjendja": "E mirë",
    "KordinataX": 21.16145,
    "KordinataY": 42.66364,
    "Photo": ""
  },
  {
    "id": 3100141,
    "Lloji": "Gjethëmbajtës",
    "Lartesi": "I lartë (> 3m)",
    "Gjendja": "E mirë",
    "KordinataX": 21.16151,
    "KordinataY": 42.66364,
    "Photo": ""
  },
  {
    "id": 3100142,
    "Lloji": "Gjethëmbajtës",
    "Lartesi": "I lartë (> 3m)",
    "Gjendja": "Jo e mirë",
    "KordinataX": 21.16151,
    "KordinataY": 42.66362,
    "Photo": ""
  },
  {
    "id": 3100143,
    "Lloji": "Gjethërënës",
    "Lartesi": "I lartë (> 3m)",
    "Gjendja": "E mirë",
    "KordinataX": 21.16154,
    "KordinataY": 42.66359,
    "Photo": ""
  },
  {
    "id": 3100144,
    "Lloji": "Gjethërënës",
    "Lartesi": "I lartë (> 3m)",
    "Gjendja": "E mirë",
    "KordinataX": 21.16155,
    "KordinataY": 42.6636,
    "Photo": ""
  },
  {
    "id": 3100145,
    "Lloji": "Gjethërënës",
    "Lartesi": "I lartë (> 3m)",
    "Gjendja": "E mirë",
    "KordinataX": 21.16159,
    "KordinataY": 42.66371,
    "Photo": ""
  },
  {
    "id": 3100146,
    "Lloji": "Gjethëmbajtës",
    "Lartesi": "I lartë (> 3m)",
    "Gjendja": "E mirë",
    "KordinataX": 21.16189,
    "KordinataY": 42.66355,
    "Photo": ""
  },
  {
    "id": 3100147,
    "Lloji": "Gjethëmbajtës",
    "Lartesi": "I lartë (> 3m)",
    "Gjendja": "E mirë",
    "KordinataX": 21.16187,
    "KordinataY": 42.66353,
    "Photo": ""
  },
  {
    "id": 3100148,
    "Lloji": "Gjethërënës",
    "Lartesi": "I lartë (> 3m)",
    "Gjendja": "E mirë",
    "KordinataX": 21.16184,
    "KordinataY": 42.66347,
    "Photo": ""
  },
  {
    "id": 3100149,
    "Lloji": "Gjethërënës",
    "Lartesi": "I lartë (> 3m)",
    "Gjendja": "E mirë",
    "KordinataX": 21.16181,
    "KordinataY": 42.66345,
    "Photo": ""
  },
  {
    "id": 3100150,
    "Lloji": "Gjethërënës",
    "Lartesi": "I lartë (> 3m)",
    "Gjendja": "E mirë",
    "KordinataX": 21.16183,
    "KordinataY": 42.66344,
    "Photo": ""
  },
  {
    "id": 3100151,
    "Lloji": "Gjethërënës",
    "Lartesi": "I lartë (> 3m)",
    "Gjendja": "E mirë",
    "KordinataX": 21.16185,
    "KordinataY": 42.66344,
    "Photo": ""
  },
  {
    "id": 3100152,
    "Lloji": "Gjethërënës",
    "Lartesi": "I lartë (> 3m)",
    "Gjendja": "E mirë",
    "KordinataX": 21.16188,
    "KordinataY": 42.66342,
    "Photo": ""
  },
  {
    "id": 3100153,
    "Lloji": "Gjethërënës",
    "Lartesi": "I lartë (> 3m)",
    "Gjendja": "E mirë",
    "KordinataX": 21.1619,
    "KordinataY": 42.66341,
    "Photo": ""
  },
  {
    "id": 3100154,
    "Lloji": "Gjethërënës",
    "Lartesi": "I lartë (> 3m)",
    "Gjendja": "E mirë",
    "KordinataX": 21.16193,
    "KordinataY": 42.6634,
    "Photo": ""
  },
  {
    "id": 3100155,
    "Lloji": "Gjethërënës",
    "Lartesi": "I lartë (> 3m)",
    "Gjendja": "E mirë",
    "KordinataX": 21.16198,
    "KordinataY": 42.66339,
    "Photo": ""
  },
  {
    "id": 3100156,
    "Lloji": "Gjethëmbajtës",
    "Lartesi": "I lartë (> 3m)",
    "Gjendja": "E mirë",
    "KordinataX": 21.16196,
    "KordinataY": 42.66341,
    "Photo": ""
  },
  {
    "id": 3100157,
    "Lloji": "Gjethërënës",
    "Lartesi": "I lartë (> 3m)",
    "Gjendja": "E mirë",
    "KordinataX": 21.16209,
    "KordinataY": 42.66339,
    "Photo": ""
  },
  {
    "id": 3100158,
    "Lloji": "Gjethërënës",
    "Lartesi": "I lartë (> 3m)",
    "Gjendja": "E mirë",
    "KordinataX": 21.16211,
    "KordinataY": 42.66335,
    "Photo": ""
  },
  {
    "id": 3100159,
    "Lloji": "Gjethërënës",
    "Lartesi": "I lartë (> 3m)",
    "Gjendja": "E mirë",
    "KordinataX": 21.16212,
    "KordinataY": 42.66337,
    "Photo": ""
  },
  {
    "id": 3100160,
    "Lloji": "Gjethërënës",
    "Lartesi": "I lartë (> 3m)",
    "Gjendja": "E mirë",
    "KordinataX": 21.16218,
    "KordinataY": 42.66341,
    "Photo": ""
  },
  {
    "id": 3100161,
    "Lloji": "Gjethërënës",
    "Lartesi": "I lartë (> 3m)",
    "Gjendja": "E mirë",
    "KordinataX": 21.16221,
    "KordinataY": 42.66343,
    "Photo": ""
  },
  {
    "id": 3100162,
    "Lloji": "Gjethërënës",
    "Lartesi": "I lartë (> 3m)",
    "Gjendja": "E mirë",
    "KordinataX": 21.16228,
    "KordinataY": 42.6635,
    "Photo": ""
  },
  {
    "id": 3100163,
    "Lloji": "Gjethërënës",
    "Lartesi": "I lartë (> 3m)",
    "Gjendja": "E mirë",
    "KordinataX": 21.16243,
    "KordinataY": 42.66336,
    "Photo": ""
  },
  {
    "id": 3100164,
    "Lloji": "Gjethërënës",
    "Lartesi": "I lartë (> 3m)",
    "Gjendja": "Jo e mirë",
    "KordinataX": 21.16252,
    "KordinataY": 42.66319,
    "Photo": ""
  },
  {
    "id": 3100165,
    "Lloji": "Gjethërënës",
    "Lartesi": "I lartë (> 3m)",
    "Gjendja": "Jo e mirë",
    "KordinataX": 21.16259,
    "KordinataY": 42.66318,
    "Photo": ""
  },
  {
    "id": 3100166,
    "Lloji": "Gjethërënës",
    "Lartesi": "I lartë (> 3m)",
    "Gjendja": "E mirë",
    "KordinataX": 21.16257,
    "KordinataY": 42.66312,
    "Photo": ""
  },
  {
    "id": 3100167,
    "Lloji": "Gjethërënës",
    "Lartesi": "I lartë (> 3m)",
    "Gjendja": "E mirë",
    "KordinataX": 21.16261,
    "KordinataY": 42.66316,
    "Photo": ""
  },
  {
    "id": 3100168,
    "Lloji": "Gjethërënës",
    "Lartesi": "I lartë (> 3m)",
    "Gjendja": "E mirë",
    "KordinataX": 21.16278,
    "KordinataY": 42.66312,
    "Photo": ""
  },
  {
    "id": 3100169,
    "Lloji": "Gjethërënës",
    "Lartesi": "I lartë (> 3m)",
    "Gjendja": "E mirë",
    "KordinataX": 21.16277,
    "KordinataY": 42.66308,
    "Photo": ""
  },
  {
    "id": 3100170,
    "Lloji": "Gjethërënës",
    "Lartesi": "I lartë (> 3m)",
    "Gjendja": "E mirë",
    "KordinataX": 21.16293,
    "KordinataY": 42.66317,
    "Photo": ""
  },
  {
    "id": 3100171,
    "Lloji": "Gjethërënës",
    "Lartesi": "I lartë (> 3m)",
    "Gjendja": "E mirë",
    "KordinataX": 21.163,
    "KordinataY": 42.66313,
    "Photo": ""
  },
  {
    "id": 3100172,
    "Lloji": "Gjethërënës",
    "Lartesi": "I lartë (> 3m)",
    "Gjendja": "E mirë",
    "KordinataX": 21.16301,
    "KordinataY": 42.6631,
    "Photo": ""
  },
  {
    "id": 3100173,
    "Lloji": "Gjethërënës",
    "Lartesi": "I lartë (> 3m)",
    "Gjendja": "E mirë",
    "KordinataX": 21.1631,
    "KordinataY": 42.6631,
    "Photo": ""
  },
  {
    "id": 3100174,
    "Lloji": "Gjethërënës",
    "Lartesi": "I lartë (> 3m)",
    "Gjendja": "E mirë",
    "KordinataX": 21.16316,
    "KordinataY": 42.66314,
    "Photo": ""
  },
  {
    "id": 3100175,
    "Lloji": "Gjethërënës",
    "Lartesi": "I lartë (> 3m)",
    "Gjendja": "E mirë",
    "KordinataX": 21.16313,
    "KordinataY": 42.66318,
    "Photo": ""
  },
  {
    "id": 3100176,
    "Lloji": "Gjethërënës",
    "Lartesi": "I lartë (> 3m)",
    "Gjendja": "E mirë",
    "KordinataX": 21.16306,
    "KordinataY": 42.66322,
    "Photo": ""
  },
  {
    "id": 3100177,
    "Lloji": "Gjethërënës",
    "Lartesi": "I lartë (> 3m)",
    "Gjendja": "E mirë",
    "KordinataX": 21.16298,
    "KordinataY": 42.66324,
    "Photo": ""
  },
  {
    "id": 3100178,
    "Lloji": "Gjethëmbajtës",
    "Lartesi": "I lartë (> 3m)",
    "Gjendja": "E mirë",
    "KordinataX": 21.16299,
    "KordinataY": 42.66314,
    "Photo": ""
  },
  {
    "id": 3100179,
    "Lloji": "Gjethëmbajtës",
    "Lartesi": "I lartë (> 3m)",
    "Gjendja": "E mirë",
    "KordinataX": 21.16297,
    "KordinataY": 42.66315,
    "Photo": ""
  },
  {
    "id": 3100180,
    "Lloji": "Gjethëmbajtës",
    "Lartesi": "I lartë (> 3m)",
    "Gjendja": "E mirë",
    "KordinataX": 21.16295,
    "KordinataY": 42.66316,
    "Photo": ""
  },
  {
    "id": 3100181,
    "Lloji": "Gjethëmbajtës",
    "Lartesi": "I lartë (> 3m)",
    "Gjendja": "E mirë",
    "KordinataX": 21.16292,
    "KordinataY": 42.66318,
    "Photo": ""
  },
  {
    "id": 3100182,
    "Lloji": "Gjethëmbajtës",
    "Lartesi": "I lartë (> 3m)",
    "Gjendja": "E mirë",
    "KordinataX": 21.1629,
    "KordinataY": 42.66319,
    "Photo": ""
  },
  {
    "id": 3100183,
    "Lloji": "Gjethëmbajtës",
    "Lartesi": "I lartë (> 3m)",
    "Gjendja": "E mirë",
    "KordinataX": 21.16289,
    "KordinataY": 42.66319,
    "Photo": ""
  },
  {
    "id": 3100184,
    "Lloji": "Gjethëmbajtës",
    "Lartesi": "I lartë (> 3m)",
    "Gjendja": "E mirë",
    "KordinataX": 21.16287,
    "KordinataY": 42.66319,
    "Photo": ""
  },
  {
    "id": 3100185,
    "Lloji": "Gjethëmbajtës",
    "Lartesi": "I lartë (> 3m)",
    "Gjendja": "E mirë",
    "KordinataX": 21.16285,
    "KordinataY": 42.66319,
    "Photo": ""
  },
  {
    "id": 3100186,
    "Lloji": "Gjethëmbajtës",
    "Lartesi": "I lartë (> 3m)",
    "Gjendja": "E mirë",
    "KordinataX": 21.16284,
    "KordinataY": 42.66319,
    "Photo": ""
  },
  {
    "id": 3100187,
    "Lloji": "Gjethëmbajtës",
    "Lartesi": "I lartë (> 3m)",
    "Gjendja": "E mirë",
    "KordinataX": 21.16283,
    "KordinataY": 42.66319,
    "Photo": ""
  },
  {
    "id": 3100188,
    "Lloji": "Gjethëmbajtës",
    "Lartesi": "I lartë (> 3m)",
    "Gjendja": "E mirë",
    "KordinataX": 21.16282,
    "KordinataY": 42.66318,
    "Photo": ""
  },
  {
    "id": 3100207,
    "Lloji": "Gjethërënës",
    "Lartesi": "I lartë (> 3m)",
    "Gjendja": "E mirë",
    "KordinataX": 21.16303,
    "KordinataY": 42.66281,
    "Photo": ""
  },
  {
    "id": 3100208,
    "Lloji": "Gjethërënës",
    "Lartesi": "I lartë (> 3m)",
    "Gjendja": "E mirë",
    "KordinataX": 21.1631,
    "KordinataY": 42.6628,
    "Photo": ""
  },
  {
    "id": 3100209,
    "Lloji": "Gjethërënës",
    "Lartesi": "I lartë (> 3m)",
    "Gjendja": "E mirë",
    "KordinataX": 21.16316,
    "KordinataY": 42.66278,
    "Photo": ""
  },
  {
    "id": 3100210,
    "Lloji": "Gjethërënës",
    "Lartesi": "I lartë (> 3m)",
    "Gjendja": "E mirë",
    "KordinataX": 21.16234,
    "KordinataY": 42.66252,
    "Photo": ""
  },
  {
    "id": 3100211,
    "Lloji": "Gjethërënës",
    "Lartesi": "I lartë (> 3m)",
    "Gjendja": "E mirë",
    "KordinataX": 21.16231,
    "KordinataY": 42.66254,
    "Photo": ""
  },
  {
    "id": 3100212,
    "Lloji": "Gjethërënës",
    "Lartesi": "I lartë (> 3m)",
    "Gjendja": "E mirë",
    "KordinataX": 21.16233,
    "KordinataY": 42.66253,
    "Photo": ""
  },
  {
    "id": 3100213,
    "Lloji": "Gjethërënës",
    "Lartesi": "I lartë (> 3m)",
    "Gjendja": "E mirë",
    "KordinataX": 21.16229,
    "KordinataY": 42.66254,
    "Photo": ""
  },
  {
    "id": 3100214,
    "Lloji": "Gjethërënës",
    "Lartesi": "I lartë (> 3m)",
    "Gjendja": "E mirë",
    "KordinataX": 21.16229,
    "KordinataY": 42.66252,
    "Photo": ""
  },
  {
    "id": 3100215,
    "Lloji": "Gjethërënës",
    "Lartesi": "I lartë (> 3m)",
    "Gjendja": "E mirë",
    "KordinataX": 21.16232,
    "KordinataY": 42.6625,
    "Photo": ""
  },
  {
    "id": 3100216,
    "Lloji": "Gjethërënës",
    "Lartesi": "I lartë (> 3m)",
    "Gjendja": "E mirë",
    "KordinataX": 21.16229,
    "KordinataY": 42.66248,
    "Photo": ""
  },
  {
    "id": 3100217,
    "Lloji": "Gjethërënës",
    "Lartesi": "I lartë (> 3m)",
    "Gjendja": "E mirë",
    "KordinataX": 21.16228,
    "KordinataY": 42.66246,
    "Photo": ""
  },
  {
    "id": 3100218,
    "Lloji": "Gjethërënës",
    "Lartesi": "I lartë (> 3m)",
    "Gjendja": "E mirë",
    "KordinataX": 21.16226,
    "KordinataY": 42.66243,
    "Photo": ""
  },
  {
    "id": 3100219,
    "Lloji": "Gjethërënës",
    "Lartesi": "I lartë (> 3m)",
    "Gjendja": "E mirë",
    "KordinataX": 21.16224,
    "KordinataY": 42.66241,
    "Photo": ""
  },
  {
    "id": 3100220,
    "Lloji": "Gjethërënës",
    "Lartesi": "I lartë (> 3m)",
    "Gjendja": "E mirë",
    "KordinataX": 21.16222,
    "KordinataY": 42.66239,
    "Photo": ""
  },
  {
    "id": 3100221,
    "Lloji": "Gjethërënës",
    "Lartesi": "I lartë (> 3m)",
    "Gjendja": "E mirë",
    "KordinataX": 21.1622,
    "KordinataY": 42.66237,
    "Photo": ""
  },
  {
    "id": 3100222,
    "Lloji": "Gjethërënës",
    "Lartesi": "I lartë (> 3m)",
    "Gjendja": "E mirë",
    "KordinataX": 21.16219,
    "KordinataY": 42.66235,
    "Photo": ""
  },
  {
    "id": 3100223,
    "Lloji": "Gjethërënës",
    "Lartesi": "I lartë (> 3m)",
    "Gjendja": "E mirë",
    "KordinataX": 21.16217,
    "KordinataY": 42.66233,
    "Photo": ""
  },
  {
    "id": 310228,
    "Lloji": "Gjethërënës",
    "Lartesi": "I lartë (> 3m)",
    "Gjendja": "E mirë",
    "KordinataX": 21.16223,
    "KordinataY": 42.6626,
    "Photo": ""
  },
  {
    "id": 310229,
    "Lloji": "Gjethërënës",
    "Lartesi": "I lartë (> 3m)",
    "Gjendja": "E mirë",
    "KordinataX": 21.16219,
    "KordinataY": 42.66264,
    "Photo": ""
  },
  {
    "id": 310230,
    "Lloji": "Gjethërënës",
    "Lartesi": "I lartë (> 3m)",
    "Gjendja": "E mirë",
    "KordinataX": 21.16215,
    "KordinataY": 42.66267,
    "Photo": ""
  },
  {
    "id": 310231,
    "Lloji": "Gjethërënës",
    "Lartesi": "I lartë (> 3m)",
    "Gjendja": "E mirë",
    "KordinataX": 21.16211,
    "KordinataY": 42.66269,
    "Photo": ""
  },
  {
    "id": 310232,
    "Lloji": "Gjethërënës",
    "Lartesi": "I lartë (> 3m)",
    "Gjendja": "E mirë",
    "KordinataX": 21.16208,
    "KordinataY": 42.6627,
    "Photo": ""
  },
  {
    "id": 310233,
    "Lloji": "Gjethërënës",
    "Lartesi": "I lartë (> 3m)",
    "Gjendja": "E mirë",
    "KordinataX": 21.16205,
    "KordinataY": 42.66272,
    "Photo": ""
  },
  {
    "id": 310234,
    "Lloji": "Gjethërënës",
    "Lartesi": "I lartë (> 3m)",
    "Gjendja": "E mirë",
    "KordinataX": 21.16201,
    "KordinataY": 42.66274,
    "Photo": ""
  },
  {
    "id": 310235,
    "Lloji": "Gjethërënës",
    "Lartesi": "I lartë (> 3m)",
    "Gjendja": "E mirë",
    "KordinataX": 21.16195,
    "KordinataY": 42.66276,
    "Photo": ""
  },
  {
    "id": 310240,
    "Lloji": "Gjethërënës",
    "Lartesi": "I lartë (> 3m)",
    "Gjendja": "E mirë",
    "KordinataX": 21.16239,
    "KordinataY": 42.66276,
    "Photo": ""
  },
  {
    "id": 310241,
    "Lloji": "Gjethërënës",
    "Lartesi": "I lartë (> 3m)",
    "Gjendja": "E mirë",
    "KordinataX": 21.16241,
    "KordinataY": 42.66279,
    "Photo": ""
  },
  {
    "id": 310242,
    "Lloji": "Gjethërënës",
    "Lartesi": "I lartë (> 3m)",
    "Gjendja": "E mirë",
    "KordinataX": 21.16243,
    "KordinataY": 42.66282,
    "Photo": ""
  },
  {
    "id": 310243,
    "Lloji": "Gjethëmbajtës",
    "Lartesi": "I ulët (< 1m)",
    "Gjendja": "E mirë",
    "KordinataX": 21.16236,
    "KordinataY": 42.66273,
    "Photo": ""
  },
  {
    "id": 310244,
    "Lloji": "Gjethëmbajtës",
    "Lartesi": "I ulët (< 1m)",
    "Gjendja": "E mirë",
    "KordinataX": 21.16235,
    "KordinataY": 42.66272,
    "Photo": ""
  },
  {
    "id": 310245,
    "Lloji": "Gjethëmbajtës",
    "Lartesi": "I ulët (< 1m)",
    "Gjendja": "E mirë",
    "KordinataX": 21.16234,
    "KordinataY": 42.66271,
    "Photo": ""
  },
  {
    "id": 310246,
    "Lloji": "Gjethëmbajtës",
    "Lartesi": "I ulët (< 1m)",
    "Gjendja": "E mirë",
    "KordinataX": 21.16232,
    "KordinataY": 42.6627,
    "Photo": ""
  },
  {
    "id": 310247,
    "Lloji": "Gjethëmbajtës",
    "Lartesi": "I ulët (< 1m)",
    "Gjendja": "E mirë",
    "KordinataX": 21.16231,
    "KordinataY": 42.66269,
    "Photo": ""
  },
  {
    "id": 310248,
    "Lloji": "Gjethëmbajtës",
    "Lartesi": "I ulët (< 1m)",
    "Gjendja": "E mirë",
    "KordinataX": 21.16231,
    "KordinataY": 42.66268,
    "Photo": ""
  },
  {
    "id": 310249,
    "Lloji": "Gjethëmbajtës",
    "Lartesi": "I ulët (< 1m)",
    "Gjendja": "E mirë",
    "KordinataX": 21.1623,
    "KordinataY": 42.66267,
    "Photo": ""
  },
  {
    "id": 310250,
    "Lloji": "Gjethërënës",
    "Lartesi": "I lartë (> 3m)",
    "Gjendja": "E mirë",
    "KordinataX": 21.1623,
    "KordinataY": 42.66275,
    "Photo": ""
  },
  {
    "id": 310251,
    "Lloji": "Gjethërënës",
    "Lartesi": "I lartë (> 3m)",
    "Gjendja": "E mirë",
    "KordinataX": 21.16232,
    "KordinataY": 42.66273,
    "Photo": ""
  },
  {
    "id": 310252,
    "Lloji": "Gjethërënës",
    "Lartesi": "I lartë (> 3m)",
    "Gjendja": "E mirë",
    "KordinataX": 21.16228,
    "KordinataY": 42.66273,
    "Photo": ""
  },
  {
    "id": 310253,
    "Lloji": "Gjethërënës",
    "Lartesi": "I lartë (> 3m)",
    "Gjendja": "E mirë",
    "KordinataX": 21.16227,
    "KordinataY": 42.66271,
    "Photo": ""
  },
  {
    "id": 310254,
    "Lloji": "Gjethërënës",
    "Lartesi": "I lartë (> 3m)",
    "Gjendja": "E mirë",
    "KordinataX": 21.16228,
    "KordinataY": 42.6627,
    "Photo": ""
  },
  {
    "id": 310255,
    "Lloji": "Gjethërënës",
    "Lartesi": "I lartë (> 3m)",
    "Gjendja": "E mirë",
    "KordinataX": 21.1623,
    "KordinataY": 42.6627,
    "Photo": ""
  },
  {
    "id": 310256,
    "Lloji": "Gjethërënës",
    "Lartesi": "I lartë (> 3m)",
    "Gjendja": "E mirë",
    "KordinataX": 21.1623,
    "KordinataY": 42.66272,
    "Photo": ""
  },
  {
    "id": 310257,
    "Lloji": "Gjethërënës",
    "Lartesi": "I lartë (> 3m)",
    "Gjendja": "E mirë",
    "KordinataX": 21.16231,
    "KordinataY": 42.66274,
    "Photo": ""
  },
  {
    "id": 310258,
    "Lloji": "Gjethërënës",
    "Lartesi": "I lartë (> 3m)",
    "Gjendja": "E mirë",
    "KordinataX": 21.16244,
    "KordinataY": 42.66285,
    "Photo": ""
  },
  {
    "id": 310259,
    "Lloji": "Gjethërënës",
    "Lartesi": "I lartë (> 3m)",
    "Gjendja": "E mirë",
    "KordinataX": 21.16246,
    "KordinataY": 42.66289,
    "Photo": ""
  },
  {
    "id": 310260,
    "Lloji": "Gjethërënës",
    "Lartesi": "I lartë (> 3m)",
    "Gjendja": "E mirë",
    "KordinataX": 21.16243,
    "KordinataY": 42.66288,
    "Photo": ""
  },
  {
    "id": 310261,
    "Lloji": "Gjethërënës",
    "Lartesi": "I lartë (> 3m)",
    "Gjendja": "E mirë",
    "KordinataX": 21.16241,
    "KordinataY": 42.66285,
    "Photo": ""
  },
  {
    "id": 310262,
    "Lloji": "Gjethëmbajtës",
    "Lartesi": "I lartë (> 3m)",
    "Gjendja": "E mirë",
    "KordinataX": 21.16209,
    "KordinataY": 42.66285,
    "Photo": "DCIM/20190422115840924.jpg"
  },
  {
    "id": 310263,
    "Lloji": "Gjethërënës",
    "Lartesi": "I lartë (> 3m)",
    "Gjendja": "E mirë",
    "KordinataX": 21.16207,
    "KordinataY": 42.66285,
    "Photo": ""
  },
  {
    "id": 310264,
    "Lloji": "Gjethërënës",
    "Lartesi": "I lartë (> 3m)",
    "Gjendja": "E mirë",
    "KordinataX": 21.16201,
    "KordinataY": 42.66292,
    "Photo": ""
  },
  {
    "id": 310265,
    "Lloji": "Gjethërënës",
    "Lartesi": "I lartë (> 3m)",
    "Gjendja": "E mirë",
    "KordinataX": 21.16194,
    "KordinataY": 42.66291,
    "Photo": ""
  },
  {
    "id": 310266,
    "Lloji": "Gjethërënës",
    "Lartesi": "I lartë (> 3m)",
    "Gjendja": "E mirë",
    "KordinataX": 21.16213,
    "KordinataY": 42.6629,
    "Photo": ""
  },
  {
    "id": 310267,
    "Lloji": "Gjethërënës",
    "Lartesi": "I lartë (> 3m)",
    "Gjendja": "E mirë",
    "KordinataX": 21.16161,
    "KordinataY": 42.66302,
    "Photo": ""
  },
  {
    "id": 310268,
    "Lloji": "Gjethërënës",
    "Lartesi": "I lartë (> 3m)",
    "Gjendja": "E mirë",
    "KordinataX": 21.16164,
    "KordinataY": 42.66305,
    "Photo": ""
  },
  {
    "id": 310269,
    "Lloji": "Gjethëmbajtës",
    "Lartesi": "I ulët (< 1m)",
    "Gjendja": "E mirë",
    "KordinataX": 21.16149,
    "KordinataY": 42.66315,
    "Photo": ""
  },
  {
    "id": 310270,
    "Lloji": "Gjethëmbajtës",
    "Lartesi": "I ulët (< 1m)",
    "Gjendja": "E mirë",
    "KordinataX": 21.16148,
    "KordinataY": 42.66313,
    "Photo": ""
  },
  {
    "id": 310271,
    "Lloji": "Gjethëmbajtës",
    "Lartesi": "I ulët (< 1m)",
    "Gjendja": "E mirë",
    "KordinataX": 21.16147,
    "KordinataY": 42.66312,
    "Photo": ""
  },
  {
    "id": 310272,
    "Lloji": "Gjethëmbajtës",
    "Lartesi": "I ulët (< 1m)",
    "Gjendja": "E mirë",
    "KordinataX": 21.16146,
    "KordinataY": 42.66311,
    "Photo": ""
  },
  {
    "id": 310273,
    "Lloji": "Gjethëmbajtës",
    "Lartesi": "I ulët (< 1m)",
    "Gjendja": "E mirë",
    "KordinataX": 21.16146,
    "KordinataY": 42.66309,
    "Photo": "DCIM/20190422120045476.jpg"
  },
  {
    "id": 310276,
    "Lloji": "Gjethëmbajtës",
    "Lartesi": "I lartë (> 3m)",
    "Gjendja": "E mirë",
    "KordinataX": 21.16155,
    "KordinataY": 42.66322,
    "Photo": ""
  },
  {
    "id": 310277,
    "Lloji": "Gjethëmbajtës",
    "Lartesi": "I lartë (> 3m)",
    "Gjendja": "E mirë",
    "KordinataX": 21.16157,
    "KordinataY": 42.66326,
    "Photo": ""
  },
  {
    "id": 310279,
    "Lloji": "Gjethërënës",
    "Lartesi": "I lartë (> 3m)",
    "Gjendja": "E mirë",
    "KordinataX": 21.16134,
    "KordinataY": 42.66285,
    "Photo": ""
  },
  {
    "id": 310280,
    "Lloji": "Gjethërënës",
    "Lartesi": "I lartë (> 3m)",
    "Gjendja": "E mirë",
    "KordinataX": 21.16117,
    "KordinataY": 42.66264,
    "Photo": ""
  },
  {
    "id": 310281,
    "Lloji": "Gjethërënës",
    "Lartesi": "I lartë (> 3m)",
    "Gjendja": "E mirë",
    "KordinataX": 21.16112,
    "KordinataY": 42.66266,
    "Photo": ""
  },
  {
    "id": 310282,
    "Lloji": "Gjethërënës",
    "Lartesi": "I lartë (> 3m)",
    "Gjendja": "E mirë",
    "KordinataX": 21.16141,
    "KordinataY": 42.66253,
    "Photo": ""
  },
  {
    "id": 310283,
    "Lloji": "Gjethërënës",
    "Lartesi": "I lartë (> 3m)",
    "Gjendja": "E mirë",
    "KordinataX": 21.16146,
    "KordinataY": 42.66252,
    "Photo": ""
  },
  {
    "id": 310285,
    "Lloji": "Gjethëmbajtës",
    "Lartesi": "I lartë (> 3m)",
    "Gjendja": "E mirë",
    "KordinataX": 21.16152,
    "KordinataY": 42.66274,
    "Photo": ""
  },
  {
    "id": 310286,
    "Lloji": "Gjethëmbajtës",
    "Lartesi": "I lartë (> 3m)",
    "Gjendja": "Jo e mirë",
    "KordinataX": 21.16151,
    "KordinataY": 42.66272,
    "Photo": ""
  },
  {
    "id": 310287,
    "Lloji": "Gjethëmbajtës",
    "Lartesi": "I lartë (> 3m)",
    "Gjendja": "Jo e mirë",
    "KordinataX": 21.16151,
    "KordinataY": 42.66271,
    "Photo": ""
  },
  {
    "id": 310308,
    "Lloji": "Gjethërënës",
    "Lartesi": "I lartë (> 3m)",
    "Gjendja": "E mirë",
    "KordinataX": 21.16181,
    "KordinataY": 42.66259,
    "Photo": ""
  },
  {
    "id": 310309,
    "Lloji": "Gjethërënës",
    "Lartesi": "I lartë (> 3m)",
    "Gjendja": "E mirë",
    "KordinataX": 21.16189,
    "KordinataY": 42.66256,
    "Photo": ""
  },
  {
    "id": 310310,
    "Lloji": "Gjethërënës",
    "Lartesi": "I lartë (> 3m)",
    "Gjendja": "E mirë",
    "KordinataX": 21.16195,
    "KordinataY": 42.66249,
    "Photo": ""
  },
  {
    "id": 310311,
    "Lloji": "Gjethërënës",
    "Lartesi": "I lartë (> 3m)",
    "Gjendja": "E mirë",
    "KordinataX": 21.16193,
    "KordinataY": 42.6625,
    "Photo": ""
  },
  {
    "id": 310312,
    "Lloji": "Gjethërënës",
    "Lartesi": "I lartë (> 3m)",
    "Gjendja": "E mirë",
    "KordinataX": 21.16192,
    "KordinataY": 42.66243,
    "Photo": ""
  },
  {
    "id": 310313,
    "Lloji": "Gjethërënës",
    "Lartesi": "I lartë (> 3m)",
    "Gjendja": "E mirë",
    "KordinataX": 21.16188,
    "KordinataY": 42.66246,
    "Photo": ""
  },
  {
    "id": 310314,
    "Lloji": "Gjethërënës",
    "Lartesi": "I lartë (> 3m)",
    "Gjendja": "E mirë",
    "KordinataX": 21.16184,
    "KordinataY": 42.66248,
    "Photo": ""
  },
  {
    "id": 310315,
    "Lloji": "Gjethërënës",
    "Lartesi": "I lartë (> 3m)",
    "Gjendja": "E mirë",
    "KordinataX": 21.1618,
    "KordinataY": 42.66247,
    "Photo": ""
  },
  {
    "id": 310316,
    "Lloji": "Gjethërënës",
    "Lartesi": "I lartë (> 3m)",
    "Gjendja": "E mirë",
    "KordinataX": 21.16175,
    "KordinataY": 42.6625,
    "Photo": ""
  },
  {
    "id": 310317,
    "Lloji": "Gjethërënës",
    "Lartesi": "I lartë (> 3m)",
    "Gjendja": "E mirë",
    "KordinataX": 21.162,
    "KordinataY": 42.66252,
    "Photo": ""
  },
  {
    "id": 310318,
    "Lloji": "Gjethërënës",
    "Lartesi": "I lartë (> 3m)",
    "Gjendja": "E mirë",
    "KordinataX": 21.16198,
    "KordinataY": 42.66254,
    "Photo": ""
  },
  {
    "id": 310319,
    "Lloji": "Gjethërënës",
    "Lartesi": "I lartë (> 3m)",
    "Gjendja": "E mirë",
    "KordinataX": 21.16172,
    "KordinataY": 42.66253,
    "Photo": ""
  },
  {
    "id": 310320,
    "Lloji": "Gjethërënës",
    "Lartesi": "I lartë (> 3m)",
    "Gjendja": "E mirë",
    "KordinataX": 21.16168,
    "KordinataY": 42.6627,
    "Photo": ""
  },
  {
    "id": 310321,
    "Lloji": "Gjethërënës",
    "Lartesi": "I lartë (> 3m)",
    "Gjendja": "E mirë",
    "KordinataX": 21.16174,
    "KordinataY": 42.66268,
    "Photo": ""
  },
  {
    "id": 310322,
    "Lloji": "Gjethërënës",
    "Lartesi": "I lartë (> 3m)",
    "Gjendja": "E mirë",
    "KordinataX": 21.16176,
    "KordinataY": 42.6627,
    "Photo": ""
  },
  {
    "id": 310323,
    "Lloji": "Gjethërënës",
    "Lartesi": "I lartë (> 3m)",
    "Gjendja": "E mirë",
    "KordinataX": 21.16177,
    "KordinataY": 42.66273,
    "Photo": ""
  },
  {
    "id": 310324,
    "Lloji": "Gjethërënës",
    "Lartesi": "I lartë (> 3m)",
    "Gjendja": "E mirë",
    "KordinataX": 21.16181,
    "KordinataY": 42.6628,
    "Photo": ""
  },
  {
    "id": 310325,
    "Lloji": "Gjethëmbajtës",
    "Lartesi": "I mesëm (1 - 3m)",
    "Gjendja": "E mirë",
    "KordinataX": 21.1618,
    "KordinataY": 42.66278,
    "Photo": ""
  },
  {
    "id": 310326,
    "Lloji": "Gjethërënës",
    "Lartesi": "I lartë (> 3m)",
    "Gjendja": "E mirë",
    "KordinataX": 21.16089,
    "KordinataY": 42.66276,
    "Photo": ""
  },
  {
    "id": 310327,
    "Lloji": "Gjethërënës",
    "Lartesi": "I lartë (> 3m)",
    "Gjendja": "E mirë",
    "KordinataX": 21.16085,
    "KordinataY": 42.66269,
    "Photo": ""
  },
  {
    "id": 310328,
    "Lloji": "Gjethërënës",
    "Lartesi": "I lartë (> 3m)",
    "Gjendja": "E mirë",
    "KordinataX": 21.16071,
    "KordinataY": 42.66273,
    "Photo": ""
  },
  {
    "id": 310329,
    "Lloji": "Gjethërënës",
    "Lartesi": "I lartë (> 3m)",
    "Gjendja": "E mirë",
    "KordinataX": 21.16065,
    "KordinataY": 42.66286,
    "Photo": ""
  },
  {
    "id": 310330,
    "Lloji": "Gjethëmbajtës",
    "Lartesi": "I lartë (> 3m)",
    "Gjendja": "E mirë",
    "KordinataX": 21.16062,
    "KordinataY": 42.66276,
    "Photo": ""
  },
  {
    "id": 310335,
    "Lloji": "Gjethëmbajtës",
    "Lartesi": "I lartë (> 3m)",
    "Gjendja": "E mirë",
    "KordinataX": 21.16052,
    "KordinataY": 42.66285,
    "Photo": ""
  },
  {
    "id": 310336,
    "Lloji": "Gjethërënës",
    "Lartesi": "I lartë (> 3m)",
    "Gjendja": "E mirë",
    "KordinataX": 21.16062,
    "KordinataY": 42.66303,
    "Photo": ""
  },
  {
    "id": 310346,
    "Lloji": "Gjethërënës",
    "Lartesi": "I lartë (> 3m)",
    "Gjendja": "Jo e mirë",
    "KordinataX": 21.16061,
    "KordinataY": 42.6635,
    "Photo": ""
  },
  {
    "id": 310347,
    "Lloji": "Gjethërënës",
    "Lartesi": "I lartë (> 3m)",
    "Gjendja": "Jo e mirë",
    "KordinataX": 21.16052,
    "KordinataY": 42.66334,
    "Photo": ""
  },
  {
    "id": 310348,
    "Lloji": "Gjethërënës",
    "Lartesi": "I lartë (> 3m)",
    "Gjendja": "E mirë",
    "KordinataX": 21.16049,
    "KordinataY": 42.66329,
    "Photo": ""
  },
  {
    "id": 310349,
    "Lloji": "Gjethërënës",
    "Lartesi": "I lartë (> 3m)",
    "Gjendja": "E mirë",
    "KordinataX": 21.16046,
    "KordinataY": 42.66323,
    "Photo": ""
  },
  {
    "id": 310350,
    "Lloji": "Gjethërënës",
    "Lartesi": "I lartë (> 3m)",
    "Gjendja": "E mirë",
    "KordinataX": 21.16041,
    "KordinataY": 42.66314,
    "Photo": ""
  },
  {
    "id": 310351,
    "Lloji": "Gjethërënës",
    "Lartesi": "I lartë (> 3m)",
    "Gjendja": "E mirë",
    "KordinataX": 21.16037,
    "KordinataY": 42.66306,
    "Photo": ""
  },
  {
    "id": 310352,
    "Lloji": "Gjethërënës",
    "Lartesi": "I lartë (> 3m)",
    "Gjendja": "E mirë",
    "KordinataX": 21.1603,
    "KordinataY": 42.66296,
    "Photo": ""
  },
  {
    "id": 310353,
    "Lloji": "Gjethërënës",
    "Lartesi": "I lartë (> 3m)",
    "Gjendja": "E mirë",
    "KordinataX": 21.16028,
    "KordinataY": 42.6629,
    "Photo": ""
  },
  {
    "id": 310354,
    "Lloji": "Gjethërënës",
    "Lartesi": "I lartë (> 3m)",
    "Gjendja": "E mirë",
    "KordinataX": 21.16025,
    "KordinataY": 42.66281,
    "Photo": ""
  },
  {
    "id": 310355,
    "Lloji": "Gjethërënës",
    "Lartesi": "I lartë (> 3m)",
    "Gjendja": "E mirë",
    "KordinataX": 21.16025,
    "KordinataY": 42.66276,
    "Photo": ""
  },
  {
    "id": 310356,
    "Lloji": "Gjethërënës",
    "Lartesi": "I mesëm (1 - 3m)",
    "Gjendja": "E mirë",
    "KordinataX": 21.16039,
    "KordinataY": 42.66311,
    "Photo": ""
  },
  {
    "id": 310357,
    "Lloji": "Gjethërënës",
    "Lartesi": "I mesëm (1 - 3m)",
    "Gjendja": "E mirë",
    "KordinataX": 21.16038,
    "KordinataY": 42.66307,
    "Photo": ""
  },
  {
    "id": 310358,
    "Lloji": "Gjethërënës",
    "Lartesi": "I mesëm (1 - 3m)",
    "Gjendja": "E mirë",
    "KordinataX": 21.16046,
    "KordinataY": 42.66321,
    "Photo": ""
  },
  {
    "id": 310359,
    "Lloji": "Gjethërënës",
    "Lartesi": "I mesëm (1 - 3m)",
    "Gjendja": "E mirë",
    "KordinataX": 21.16034,
    "KordinataY": 42.66298,
    "Photo": ""
  },
  {
    "id": 310360,
    "Lloji": "Gjethërënës",
    "Lartesi": "I lartë (> 3m)",
    "Gjendja": "E mirë",
    "KordinataX": 21.16038,
    "KordinataY": 42.66269,
    "Photo": ""
  },
  {
    "id": 310361,
    "Lloji": "Gjethërënës",
    "Lartesi": "I lartë (> 3m)",
    "Gjendja": "E mirë",
    "KordinataX": 21.1603,
    "KordinataY": 42.66272,
    "Photo": ""
  },
  {
    "id": 310362,
    "Lloji": "Gjethërënës",
    "Lartesi": "I lartë (> 3m)",
    "Gjendja": "E mirë",
    "KordinataX": 21.16043,
    "KordinataY": 42.66266,
    "Photo": ""
  },
  {
    "id": 310363,
    "Lloji": "Gjethërënës",
    "Lartesi": "I lartë (> 3m)",
    "Gjendja": "E mirë",
    "KordinataX": 21.16049,
    "KordinataY": 42.66264,
    "Photo": ""
  },
  {
    "id": 310364,
    "Lloji": "Gjethëmbajtës",
    "Lartesi": "I lartë (> 3m)",
    "Gjendja": "E mirë",
    "KordinataX": 21.16036,
    "KordinataY": 42.66265,
    "Photo": ""
  },
  {
    "id": 310366,
    "Lloji": "Gjethëmbajtës",
    "Lartesi": "I lartë (> 3m)",
    "Gjendja": "E mirë",
    "KordinataX": 21.16047,
    "KordinataY": 42.66261,
    "Photo": ""
  },
  {
    "id": 310367,
    "Lloji": "Gjethëmbajtës",
    "Lartesi": "I lartë (> 3m)",
    "Gjendja": "E mirë",
    "KordinataX": 21.1604,
    "KordinataY": 42.66263,
    "Photo": ""
  },
  {
    "id": 310368,
    "Lloji": "Gjethërënës",
    "Lartesi": "I lartë (> 3m)",
    "Gjendja": "E mirë",
    "KordinataX": 21.1606,
    "KordinataY": 42.66253,
    "Photo": ""
  },
  {
    "id": 310369,
    "Lloji": "Gjethërënës",
    "Lartesi": "I lartë (> 3m)",
    "Gjendja": "E mirë",
    "KordinataX": 21.16068,
    "KordinataY": 42.66249,
    "Photo": ""
  },
  {
    "id": 310370,
    "Lloji": "Gjethërënës",
    "Lartesi": "I lartë (> 3m)",
    "Gjendja": "E mirë",
    "KordinataX": 21.16075,
    "KordinataY": 42.66251,
    "Photo": ""
  },
  {
    "id": 310374,
    "Lloji": "Gjethëmbajtës",
    "Lartesi": "I lartë (> 3m)",
    "Gjendja": "E mirë",
    "KordinataX": 21.161,
    "KordinataY": 42.66249,
    "Photo": ""
  },
  {
    "id": 310375,
    "Lloji": "Gjethërënës",
    "Lartesi": "I lartë (> 3m)",
    "Gjendja": "E mirë",
    "KordinataX": 21.161,
    "KordinataY": 42.66245,
    "Photo": ""
  },
  {
    "id": 310376,
    "Lloji": "Gjethërënës",
    "Lartesi": "I lartë (> 3m)",
    "Gjendja": "E mirë",
    "KordinataX": 21.16103,
    "KordinataY": 42.66244,
    "Photo": ""
  },
  {
    "id": 310377,
    "Lloji": "Gjethërënës",
    "Lartesi": "I lartë (> 3m)",
    "Gjendja": "E mirë",
    "KordinataX": 21.16106,
    "KordinataY": 42.66242,
    "Photo": ""
  },
  {
    "id": 310378,
    "Lloji": "Gjethërënës",
    "Lartesi": "I lartë (> 3m)",
    "Gjendja": "E mirë",
    "KordinataX": 21.16108,
    "KordinataY": 42.66245,
    "Photo": ""
  },
  {
    "id": 310379,
    "Lloji": "Gjethërënës",
    "Lartesi": "I lartë (> 3m)",
    "Gjendja": "E mirë",
    "KordinataX": 21.16118,
    "KordinataY": 42.66239,
    "Photo": ""
  },
  {
    "id": 310380,
    "Lloji": "Gjethërënës",
    "Lartesi": "I lartë (> 3m)",
    "Gjendja": "E mirë",
    "KordinataX": 21.16127,
    "KordinataY": 42.66236,
    "Photo": ""
  },
  {
    "id": 310381,
    "Lloji": "Gjethërënës",
    "Lartesi": "I mesëm (1 - 3m)",
    "Gjendja": "E mirë",
    "KordinataX": 21.16129,
    "KordinataY": 42.66227,
    "Photo": ""
  },
  {
    "id": 310382,
    "Lloji": "Gjethërënës",
    "Lartesi": "I mesëm (1 - 3m)",
    "Gjendja": "E mirë",
    "KordinataX": 21.16131,
    "KordinataY": 42.66226,
    "Photo": ""
  },
  {
    "id": 310383,
    "Lloji": "Gjethërënës",
    "Lartesi": "I mesëm (1 - 3m)",
    "Gjendja": "E mirë",
    "KordinataX": 21.16134,
    "KordinataY": 42.66224,
    "Photo": ""
  },
  {
    "id": 310384,
    "Lloji": "Gjethërënës",
    "Lartesi": "I mesëm (1 - 3m)",
    "Gjendja": "E mirë",
    "KordinataX": 21.16137,
    "KordinataY": 42.66223,
    "Photo": ""
  },
  {
    "id": 310385,
    "Lloji": "Gjethërënës",
    "Lartesi": "I mesëm (1 - 3m)",
    "Gjendja": "E mirë",
    "KordinataX": 21.1614,
    "KordinataY": 42.66221,
    "Photo": ""
  },
  {
    "id": 310386,
    "Lloji": "Gjethërënës",
    "Lartesi": "I lartë (> 3m)",
    "Gjendja": "E mirë",
    "KordinataX": 21.16143,
    "KordinataY": 42.66221,
    "Photo": ""
  },
  {
    "id": 310387,
    "Lloji": "Gjethërënës",
    "Lartesi": "I lartë (> 3m)",
    "Gjendja": "E mirë",
    "KordinataX": 21.16145,
    "KordinataY": 42.66219,
    "Photo": ""
  },
  {
    "id": 310388,
    "Lloji": "Gjethërënës",
    "Lartesi": "I lartë (> 3m)",
    "Gjendja": "E mirë",
    "KordinataX": 21.16149,
    "KordinataY": 42.66217,
    "Photo": ""
  },
  {
    "id": 310389,
    "Lloji": "Gjethërënës",
    "Lartesi": "I lartë (> 3m)",
    "Gjendja": "E mirë",
    "KordinataX": 21.16152,
    "KordinataY": 42.66216,
    "Photo": ""
  },
  {
    "id": 310390,
    "Lloji": "Gjethërënës",
    "Lartesi": "I lartë (> 3m)",
    "Gjendja": "E mirë",
    "KordinataX": 21.16156,
    "KordinataY": 42.66214,
    "Photo": ""
  },
  {
    "id": 310392,
    "Lloji": "Gjethërënës",
    "Lartesi": "I lartë (> 3m)",
    "Gjendja": "E mirë",
    "KordinataX": 21.16135,
    "KordinataY": 42.6623,
    "Photo": ""
  },
  {
    "id": 310393,
    "Lloji": "Gjethërënës",
    "Lartesi": "I lartë (> 3m)",
    "Gjendja": "E mirë",
    "KordinataX": 21.16137,
    "KordinataY": 42.66227,
    "Photo": ""
  },
  {
    "id": 310403,
    "Lloji": "Gjethëmbajtës",
    "Lartesi": "I ulët (< 1m)",
    "Gjendja": "E mirë",
    "KordinataX": 21.16177,
    "KordinataY": 42.66209,
    "Photo": ""
  },
  {
    "id": 310404,
    "Lloji": "Gjethëmbajtës",
    "Lartesi": "I ulët (< 1m)",
    "Gjendja": "E mirë",
    "KordinataX": 21.16178,
    "KordinataY": 42.6621,
    "Photo": ""
  },
  {
    "id": 310409,
    "Lloji": "Gjethëmbajtës",
    "Lartesi": "I lartë (> 3m)",
    "Gjendja": "E mirë",
    "KordinataX": 21.16171,
    "KordinataY": 42.66213,
    "Photo": "DCIM/20190422124605949.jpg"
  },
  {
    "id": 310411,
    "Lloji": "Gjethërënës",
    "Lartesi": "I lartë (> 3m)",
    "Gjendja": "E mirë",
    "KordinataX": 21.16204,
    "KordinataY": 42.66211,
    "Photo": ""
  },
  {
    "id": 310412,
    "Lloji": "Gjethërënës",
    "Lartesi": "I lartë (> 3m)",
    "Gjendja": "E mirë",
    "KordinataX": 21.16209,
    "KordinataY": 42.66209,
    "Photo": ""
  },
  {
    "id": 310413,
    "Lloji": "Gjethërënës",
    "Lartesi": "I lartë (> 3m)",
    "Gjendja": "E mirë",
    "KordinataX": 21.16199,
    "KordinataY": 42.66196,
    "Photo": ""
  },
  {
    "id": 310414,
    "Lloji": "Gjethërënës",
    "Lartesi": "I lartë (> 3m)",
    "Gjendja": "E mirë",
    "KordinataX": 21.16205,
    "KordinataY": 42.66193,
    "Photo": ""
  },
  {
    "id": 310415,
    "Lloji": "Gjethërënës",
    "Lartesi": "I lartë (> 3m)",
    "Gjendja": "E mirë",
    "KordinataX": 21.16212,
    "KordinataY": 42.66189,
    "Photo": ""
  },
  {
    "id": 310416,
    "Lloji": "Gjethërënës",
    "Lartesi": "I lartë (> 3m)",
    "Gjendja": "E mirë",
    "KordinataX": 21.1622,
    "KordinataY": 42.66187,
    "Photo": ""
  },
  {
    "id": 310001,
    "Lloji": "Gjethërënës",
    "Lartesi": "I lartë (> 3m)",
    "Gjendja": "E mirë",
    "KordinataX": 21.16364,
    "KordinataY": 42.66355,
    "Photo": ""
  },
  {
    "id": 310002,
    "Lloji": "Gjethërënës",
    "Lartesi": "I lartë (> 3m)",
    "Gjendja": "E mirë",
    "KordinataX": 21.16359,
    "KordinataY": 42.66349,
    "Photo": ""
  },
  {
    "id": 310003,
    "Lloji": "Gjethërënës",
    "Lartesi": "I lartë (> 3m)",
    "Gjendja": "E mirë",
    "KordinataX": 21.16354,
    "KordinataY": 42.66348,
    "Photo": ""
  },
  {
    "id": 310004,
    "Lloji": "Gjethërënës",
    "Lartesi": "I lartë (> 3m)",
    "Gjendja": "E mirë",
    "KordinataX": 21.16357,
    "KordinataY": 42.66353,
    "Photo": ""
  },
  {
    "id": 310005,
    "Lloji": "Gjethërënës",
    "Lartesi": "I lartë (> 3m)",
    "Gjendja": "E mirë",
    "KordinataX": 21.16361,
    "KordinataY": 42.66357,
    "Photo": ""
  },
  {
    "id": 310006,
    "Lloji": "Gjethërënës",
    "Lartesi": "I lartë (> 3m)",
    "Gjendja": "E mirë",
    "KordinataX": 21.16355,
    "KordinataY": 42.66357,
    "Photo": ""
  },
  {
    "id": 310007,
    "Lloji": "Gjethërënës",
    "Lartesi": "I lartë (> 3m)",
    "Gjendja": "E mirë",
    "KordinataX": 21.16351,
    "KordinataY": 42.66352,
    "Photo": ""
  },
  {
    "id": 310008,
    "Lloji": "Gjethërënës",
    "Lartesi": "I lartë (> 3m)",
    "Gjendja": "E mirë",
    "KordinataX": 21.16352,
    "KordinataY": 42.6636,
    "Photo": ""
  },
  {
    "id": 310009,
    "Lloji": "Gjethërënës",
    "Lartesi": "I lartë (> 3m)",
    "Gjendja": "E mirë",
    "KordinataX": 21.16349,
    "KordinataY": 42.66356,
    "Photo": ""
  },
  {
    "id": 310010,
    "Lloji": "Gjethërënës",
    "Lartesi": "I lartë (> 3m)",
    "Gjendja": "E mirë",
    "KordinataX": 21.16345,
    "KordinataY": 42.66351,
    "Photo": ""
  },
  {
    "id": 310011,
    "Lloji": "Gjethërënës",
    "Lartesi": "I lartë (> 3m)",
    "Gjendja": "E mirë",
    "KordinataX": 21.16349,
    "KordinataY": 42.6636,
    "Photo": ""
  },
  {
    "id": 310012,
    "Lloji": "Gjethërënës",
    "Lartesi": "I lartë (> 3m)",
    "Gjendja": "E mirë",
    "KordinataX": 21.16345,
    "KordinataY": 42.66354,
    "Photo": ""
  },
  {
    "id": 310020,
    "Lloji": "Gjethërënës",
    "Lartesi": "I lartë (> 3m)",
    "Gjendja": "E mirë",
    "KordinataX": 21.16336,
    "KordinataY": 42.66341,
    "Photo": ""
  },
  {
    "id": 310021,
    "Lloji": "Gjethërënës",
    "Lartesi": "I lartë (> 3m)",
    "Gjendja": "E mirë",
    "KordinataX": 21.16341,
    "KordinataY": 42.66341,
    "Photo": ""
  },
  {
    "id": 310022,
    "Lloji": "Gjethërënës",
    "Lartesi": "I lartë (> 3m)",
    "Gjendja": "E mirë",
    "KordinataX": 21.16337,
    "KordinataY": 42.66337,
    "Photo": ""
  },
  {
    "id": 310023,
    "Lloji": "Gjethërënës",
    "Lartesi": "I lartë (> 3m)",
    "Gjendja": "E mirë",
    "KordinataX": 21.16342,
    "KordinataY": 42.66338,
    "Photo": ""
  },
  {
    "id": 310024,
    "Lloji": "Gjethërënës",
    "Lartesi": "I lartë (> 3m)",
    "Gjendja": "E mirë",
    "KordinataX": 21.16346,
    "KordinataY": 42.66338,
    "Photo": ""
  },
  {
    "id": 310025,
    "Lloji": "Gjethërënës",
    "Lartesi": "I lartë (> 3m)",
    "Gjendja": "E mirë",
    "KordinataX": 21.16343,
    "KordinataY": 42.66334,
    "Photo": ""
  },
  {
    "id": 310026,
    "Lloji": "Gjethërënës",
    "Lartesi": "I lartë (> 3m)",
    "Gjendja": "E mirë",
    "KordinataX": 21.16349,
    "KordinataY": 42.66335,
    "Photo": ""
  },
  {
    "id": 310063,
    "Lloji": "Gjethërënës",
    "Lartesi": "I lartë (> 3m)",
    "Gjendja": "E mirë",
    "KordinataX": 21.16342,
    "KordinataY": 42.66384,
    "Photo": ""
  },
  {
    "id": 310064,
    "Lloji": "Gjethërënës",
    "Lartesi": "I lartë (> 3m)",
    "Gjendja": "E mirë",
    "KordinataX": 21.16335,
    "KordinataY": 42.66386,
    "Photo": ""
  },
  {
    "id": 310065,
    "Lloji": "Gjethërënës",
    "Lartesi": "I lartë (> 3m)",
    "Gjendja": "E mirë",
    "KordinataX": 21.16331,
    "KordinataY": 42.66387,
    "Photo": ""
  },
  {
    "id": 310066,
    "Lloji": "Gjethërënës",
    "Lartesi": "I lartë (> 3m)",
    "Gjendja": "E mirë",
    "KordinataX": 21.16357,
    "KordinataY": 42.66388,
    "Photo": ""
  },
  {
    "id": 310067,
    "Lloji": "Gjethërënës",
    "Lartesi": "I lartë (> 3m)",
    "Gjendja": "E mirë",
    "KordinataX": 21.16349,
    "KordinataY": 42.6639,
    "Photo": ""
  },
  {
    "id": 310068,
    "Lloji": "Gjethërënës",
    "Lartesi": "I lartë (> 3m)",
    "Gjendja": "E mirë",
    "KordinataX": 21.16342,
    "KordinataY": 42.66393,
    "Photo": ""
  },
  {
    "id": 310069,
    "Lloji": "Gjethërënës",
    "Lartesi": "I lartë (> 3m)",
    "Gjendja": "E mirë",
    "KordinataX": 21.16334,
    "KordinataY": 42.66395,
    "Photo": ""
  },
  {
    "id": 310072,
    "Lloji": "Gjethërënës",
    "Lartesi": "I lartë (> 3m)",
    "Gjendja": "E mirë",
    "KordinataX": 21.16295,
    "KordinataY": 42.66404,
    "Photo": ""
  },
  {
    "id": 310073,
    "Lloji": "Gjethërënës",
    "Lartesi": "I lartë (> 3m)",
    "Gjendja": "E mirë",
    "KordinataX": 21.16294,
    "KordinataY": 42.66397,
    "Photo": ""
  },
  {
    "id": 310074,
    "Lloji": "Gjethërënës",
    "Lartesi": "I lartë (> 3m)",
    "Gjendja": "E mirë",
    "KordinataX": 21.1634,
    "KordinataY": 42.66379,
    "Photo": ""
  },
  {
    "id": 310075,
    "Lloji": "Gjethërënës",
    "Lartesi": "I lartë (> 3m)",
    "Gjendja": "E mirë",
    "KordinataX": 21.16337,
    "KordinataY": 42.66374,
    "Photo": ""
  },
  {
    "id": 310076,
    "Lloji": "Gjethërënës",
    "Lartesi": "I lartë (> 3m)",
    "Gjendja": "E mirë",
    "KordinataX": 21.16299,
    "KordinataY": 42.66401,
    "Photo": ""
  },
  {
    "id": 310077,
    "Lloji": "Gjethërënës",
    "Lartesi": "I lartë (> 3m)",
    "Gjendja": "E mirë",
    "KordinataX": 21.16287,
    "KordinataY": 42.66399,
    "Photo": ""
  },
  {
    "id": 310081,
    "Lloji": "Gjethërënës",
    "Lartesi": "I lartë (> 3m)",
    "Gjendja": "E mirë",
    "KordinataX": 21.16172,
    "KordinataY": 42.66416,
    "Photo": ""
  },
  {
    "id": 310084,
    "Lloji": "Gjethërënës",
    "Lartesi": "I lartë (> 3m)",
    "Gjendja": "E mirë",
    "KordinataX": 21.16152,
    "KordinataY": 42.66425,
    "Photo": ""
  },
  {
    "id": 310085,
    "Lloji": "Gjethërënës",
    "Lartesi": "I lartë (> 3m)",
    "Gjendja": "E mirë",
    "KordinataX": 21.16143,
    "KordinataY": 42.66429,
    "Photo": ""
  },
  {
    "id": 310086,
    "Lloji": "Gjethërënës",
    "Lartesi": "I lartë (> 3m)",
    "Gjendja": "E mirë",
    "KordinataX": 21.16141,
    "KordinataY": 42.6643,
    "Photo": ""
  },
  {
    "id": 310087,
    "Lloji": "Gjethërënës",
    "Lartesi": "I lartë (> 3m)",
    "Gjendja": "E mirë",
    "KordinataX": 21.16138,
    "KordinataY": 42.66431,
    "Photo": ""
  },
  {
    "id": 310088,
    "Lloji": "Gjethërënës",
    "Lartesi": "I lartë (> 3m)",
    "Gjendja": "E mirë",
    "KordinataX": 21.16136,
    "KordinataY": 42.66433,
    "Photo": ""
  },
  {
    "id": 310089,
    "Lloji": "Gjethërënës",
    "Lartesi": "I lartë (> 3m)",
    "Gjendja": "E mirë",
    "KordinataX": 21.16133,
    "KordinataY": 42.66435,
    "Photo": ""
  },
  {
    "id": 310090,
    "Lloji": "Gjethërënës",
    "Lartesi": "I lartë (> 3m)",
    "Gjendja": "E mirë",
    "KordinataX": 21.16131,
    "KordinataY": 42.66435,
    "Photo": ""
  },
  {
    "id": 310091,
    "Lloji": "Gjethërënës",
    "Lartesi": "I lartë (> 3m)",
    "Gjendja": "E mirë",
    "KordinataX": 21.16128,
    "KordinataY": 42.66436,
    "Photo": ""
  },
  {
    "id": 310092,
    "Lloji": "Gjethërënës",
    "Lartesi": "I lartë (> 3m)",
    "Gjendja": "E mirë",
    "KordinataX": 21.16126,
    "KordinataY": 42.66437,
    "Photo": ""
  },
  {
    "id": 310093,
    "Lloji": "Gjethërënës",
    "Lartesi": "I lartë (> 3m)",
    "Gjendja": "E mirë",
    "KordinataX": 21.16124,
    "KordinataY": 42.66439,
    "Photo": ""
  },
  {
    "id": 310094,
    "Lloji": "Gjethërënës",
    "Lartesi": "I lartë (> 3m)",
    "Gjendja": "E mirë",
    "KordinataX": 21.16124,
    "KordinataY": 42.66442,
    "Photo": ""
  },
  {
    "id": 310095,
    "Lloji": "Gjethërënës",
    "Lartesi": "I lartë (> 3m)",
    "Gjendja": "E mirë",
    "KordinataX": 21.16123,
    "KordinataY": 42.6644,
    "Photo": ""
  },
  {
    "id": 310096,
    "Lloji": "Gjethërënës",
    "Lartesi": "I lartë (> 3m)",
    "Gjendja": "E mirë",
    "KordinataX": 21.16125,
    "KordinataY": 42.66443,
    "Photo": "DCIM/20190422100621153.jpg"
  },
  {
    "id": 3100100,
    "Lloji": "Gjethërënës",
    "Lartesi": "I lartë (> 3m)",
    "Gjendja": "E mirë",
    "KordinataX": 21.16102,
    "KordinataY": 42.66451,
    "Photo": "DCIM/20190422100717804.jpg"
  },
  {
    "id": 3100101,
    "Lloji": "Gjethërënës",
    "Lartesi": "I lartë (> 3m)",
    "Gjendja": "E mirë",
    "KordinataX": 21.16112,
    "KordinataY": 42.66448,
    "Photo": ""
  },
  {
    "id": 3100102,
    "Lloji": "Gjethërënës",
    "Lartesi": "I mesëm (1 - 3m)",
    "Gjendja": "E mirë",
    "KordinataX": 21.16081,
    "KordinataY": 42.66455,
    "Photo": ""
  }
]