[
  {
    "id": 410001,
    "Lloji": "Gjethërënës",
    "Lartesi": "I lartë (> 3m)",
    "Gjendja": "E mirë",
    "KordinataX": 21.15472,
    "KordinataY": 42.66232,
    "Photo": ""
  },
  {
    "id": 410029,
    "Lloji": "Gjethëmbajtës",
    "Lartesi": "I lartë (> 3m)",
    "Gjendja": "E mirë",
    "KordinataX": 21.15508,
    "KordinataY": 42.6626,
    "Photo": ""
  },
  {
    "id": 410030,
    "Lloji": "Gjethëmbajtës",
    "Lartesi": "I lartë (> 3m)",
    "Gjendja": "E mirë",
    "KordinataX": 21.1551,
    "KordinataY": 42.66263,
    "Photo": ""
  },
  {
    "id": 410031,
    "Lloji": "Gjethëmbajtës",
    "Lartesi": "I lartë (> 3m)",
    "Gjendja": "E mirë",
    "KordinataX": 21.15507,
    "KordinataY": 42.66264,
    "Photo": ""
  },
  {
    "id": 410032,
    "Lloji": "Gjethëmbajtës",
    "Lartesi": "I lartë (> 3m)",
    "Gjendja": "E mirë",
    "KordinataX": 21.1551,
    "KordinataY": 42.66266,
    "Photo": ""
  },
  {
    "id": 410033,
    "Lloji": "Gjethëmbajtës",
    "Lartesi": "I lartë (> 3m)",
    "Gjendja": "E mirë",
    "KordinataX": 21.15513,
    "KordinataY": 42.66266,
    "Photo": ""
  },
  {
    "id": 410034,
    "Lloji": "Gjethëmbajtës",
    "Lartesi": "I lartë (> 3m)",
    "Gjendja": "E mirë",
    "KordinataX": 21.15512,
    "KordinataY": 42.66268,
    "Photo": ""
  },
  {
    "id": 410035,
    "Lloji": "Gjethëmbajtës",
    "Lartesi": "I lartë (> 3m)",
    "Gjendja": "E mirë",
    "KordinataX": 21.15517,
    "KordinataY": 42.66278,
    "Photo": ""
  },
  {
    "id": 410036,
    "Lloji": "Gjethëmbajtës",
    "Lartesi": "I lartë (> 3m)",
    "Gjendja": "E mirë",
    "KordinataX": 21.15518,
    "KordinataY": 42.66282,
    "Photo": ""
  },
  {
    "id": 410037,
    "Lloji": "Gjethëmbajtës",
    "Lartesi": "I lartë (> 3m)",
    "Gjendja": "E mirë",
    "KordinataX": 21.15522,
    "KordinataY": 42.66284,
    "Photo": ""
  },
  {
    "id": 410038,
    "Lloji": "Gjethëmbajtës",
    "Lartesi": "I lartë (> 3m)",
    "Gjendja": "E mirë",
    "KordinataX": 21.1553,
    "KordinataY": 42.66284,
    "Photo": ""
  },
  {
    "id": 410039,
    "Lloji": "Gjethëmbajtës",
    "Lartesi": "I lartë (> 3m)",
    "Gjendja": "E mirë",
    "KordinataX": 21.15534,
    "KordinataY": 42.66283,
    "Photo": ""
  },
  {
    "id": 410040,
    "Lloji": "Gjethëmbajtës",
    "Lartesi": "I lartë (> 3m)",
    "Gjendja": "E mirë",
    "KordinataX": 21.15527,
    "KordinataY": 42.66289,
    "Photo": ""
  },
  {
    "id": 410041,
    "Lloji": "Gjethëmbajtës",
    "Lartesi": "I lartë (> 3m)",
    "Gjendja": "E mirë",
    "KordinataX": 21.15523,
    "KordinataY": 42.6629,
    "Photo": ""
  },
  {
    "id": 410042,
    "Lloji": "Gjethëmbajtës",
    "Lartesi": "I lartë (> 3m)",
    "Gjendja": "E mirë",
    "KordinataX": 21.15525,
    "KordinataY": 42.66277,
    "Photo": ""
  },
  {
    "id": 410043,
    "Lloji": "Gjethërënës",
    "Lartesi": "I lartë (> 3m)",
    "Gjendja": "E mirë",
    "KordinataX": 21.1553,
    "KordinataY": 42.6628,
    "Photo": ""
  },
  {
    "id": 410044,
    "Lloji": "Gjethërënës",
    "Lartesi": "I lartë (> 3m)",
    "Gjendja": "E mirë",
    "KordinataX": 21.15524,
    "KordinataY": 42.66282,
    "Photo": ""
  },
  {
    "id": 410045,
    "Lloji": "Gjethërënës",
    "Lartesi": "I lartë (> 3m)",
    "Gjendja": "E mirë",
    "KordinataX": 21.15534,
    "KordinataY": 42.66264,
    "Photo": ""
  },
  {
    "id": 410046,
    "Lloji": "Gjethërënës",
    "Lartesi": "I lartë (> 3m)",
    "Gjendja": "E mirë",
    "KordinataX": 21.15556,
    "KordinataY": 42.66289,
    "Photo": ""
  },
  {
    "id": 410047,
    "Lloji": "Gjethërënës",
    "Lartesi": "I lartë (> 3m)",
    "Gjendja": "E mirë",
    "KordinataX": 21.15564,
    "KordinataY": 42.66294,
    "Photo": ""
  },
  {
    "id": 410048,
    "Lloji": "Gjethërënës",
    "Lartesi": "I lartë (> 3m)",
    "Gjendja": "E mirë",
    "KordinataX": 21.15571,
    "KordinataY": 42.66298,
    "Photo": ""
  },
  {
    "id": 410049,
    "Lloji": "Gjethërënës",
    "Lartesi": "I lartë (> 3m)",
    "Gjendja": "E mirë",
    "KordinataX": 21.15564,
    "KordinataY": 42.66321,
    "Photo": ""
  },
  {
    "id": 410050,
    "Lloji": "Gjethëmbajtës",
    "Lartesi": "I lartë (> 3m)",
    "Gjendja": "E mirë",
    "KordinataX": 21.15531,
    "KordinataY": 42.66306,
    "Photo": ""
  },
  {
    "id": 410051,
    "Lloji": "Gjethëmbajtës",
    "Lartesi": "I lartë (> 3m)",
    "Gjendja": "E mirë",
    "KordinataX": 21.15532,
    "KordinataY": 42.6631,
    "Photo": ""
  },
  {
    "id": 410052,
    "Lloji": "Gjethëmbajtës",
    "Lartesi": "I lartë (> 3m)",
    "Gjendja": "E mirë",
    "KordinataX": 21.15531,
    "KordinataY": 42.66313,
    "Photo": ""
  },
  {
    "id": 410053,
    "Lloji": "Gjethëmbajtës",
    "Lartesi": "I lartë (> 3m)",
    "Gjendja": "E mirë",
    "KordinataX": 21.15537,
    "KordinataY": 42.66314,
    "Photo": ""
  },
  {
    "id": 410054,
    "Lloji": "Gjethëmbajtës",
    "Lartesi": "I lartë (> 3m)",
    "Gjendja": "E mirë",
    "KordinataX": 21.15534,
    "KordinataY": 42.6632,
    "Photo": ""
  },
  {
    "id": 410055,
    "Lloji": "Gjethërënës",
    "Lartesi": "I mesëm (1 - 3m)",
    "Gjendja": "E mirë",
    "KordinataX": 21.15512,
    "KordinataY": 42.66309,
    "Photo": ""
  },
  {
    "id": 410056,
    "Lloji": "Gjethërënës",
    "Lartesi": "I mesëm (1 - 3m)",
    "Gjendja": "E mirë",
    "KordinataX": 21.15514,
    "KordinataY": 42.66315,
    "Photo": ""
  },
  {
    "id": 410057,
    "Lloji": "Gjethërënës",
    "Lartesi": "I mesëm (1 - 3m)",
    "Gjendja": "E mirë",
    "KordinataX": 21.15517,
    "KordinataY": 42.66322,
    "Photo": ""
  },
  {
    "id": 410058,
    "Lloji": "Gjethërënës",
    "Lartesi": "I mesëm (1 - 3m)",
    "Gjendja": "E mirë",
    "KordinataX": 21.15522,
    "KordinataY": 42.66328,
    "Photo": ""
  },
  {
    "id": 410059,
    "Lloji": "Gjethërënës",
    "Lartesi": "I mesëm (1 - 3m)",
    "Gjendja": "E mirë",
    "KordinataX": 21.15525,
    "KordinataY": 42.66334,
    "Photo": ""
  },
  {
    "id": 410060,
    "Lloji": "Gjethërënës",
    "Lartesi": "I mesëm (1 - 3m)",
    "Gjendja": "E mirë",
    "KordinataX": 21.15529,
    "KordinataY": 42.66338,
    "Photo": ""
  },
  {
    "id": 410061,
    "Lloji": "Gjethërënës",
    "Lartesi": "I mesëm (1 - 3m)",
    "Gjendja": "E mirë",
    "KordinataX": 21.15533,
    "KordinataY": 42.66343,
    "Photo": ""
  },
  {
    "id": 410062,
    "Lloji": "Gjethërënës",
    "Lartesi": "I mesëm (1 - 3m)",
    "Gjendja": "E mirë",
    "KordinataX": 21.15536,
    "KordinataY": 42.66349,
    "Photo": ""
  },
  {
    "id": 410063,
    "Lloji": "Gjethërënës",
    "Lartesi": "I mesëm (1 - 3m)",
    "Gjendja": "E mirë",
    "KordinataX": 21.15538,
    "KordinataY": 42.66357,
    "Photo": ""
  },
  {
    "id": 410064,
    "Lloji": "Gjethërënës",
    "Lartesi": "I mesëm (1 - 3m)",
    "Gjendja": "E mirë",
    "KordinataX": 21.15537,
    "KordinataY": 42.66361,
    "Photo": ""
  },
  {
    "id": 410065,
    "Lloji": "Gjethërënës",
    "Lartesi": "I mesëm (1 - 3m)",
    "Gjendja": "E mirë",
    "KordinataX": 21.15536,
    "KordinataY": 42.66366,
    "Photo": ""
  },
  {
    "id": 410066,
    "Lloji": "Gjethërënës",
    "Lartesi": "I mesëm (1 - 3m)",
    "Gjendja": "E mirë",
    "KordinataX": 21.15536,
    "KordinataY": 42.66369,
    "Photo": ""
  },
  {
    "id": 410067,
    "Lloji": "Gjethërënës",
    "Lartesi": "I mesëm (1 - 3m)",
    "Gjendja": "E mirë",
    "KordinataX": 21.15534,
    "KordinataY": 42.66372,
    "Photo": ""
  },
  {
    "id": 410068,
    "Lloji": "Gjethërënës",
    "Lartesi": "I mesëm (1 - 3m)",
    "Gjendja": "E mirë",
    "KordinataX": 21.15516,
    "KordinataY": 42.66319,
    "Photo": ""
  },
  {
    "id": 410069,
    "Lloji": "Gjethërënës",
    "Lartesi": "I mesëm (1 - 3m)",
    "Gjendja": "E mirë",
    "KordinataX": 21.15519,
    "KordinataY": 42.66325,
    "Photo": ""
  },
  {
    "id": 410070,
    "Lloji": "Gjethërënës",
    "Lartesi": "I mesëm (1 - 3m)",
    "Gjendja": "E mirë",
    "KordinataX": 21.15525,
    "KordinataY": 42.66331,
    "Photo": ""
  },
  {
    "id": 410071,
    "Lloji": "Gjethërënës",
    "Lartesi": "I mesëm (1 - 3m)",
    "Gjendja": "E mirë",
    "KordinataX": 21.15528,
    "KordinataY": 42.66336,
    "Photo": ""
  },
  {
    "id": 410072,
    "Lloji": "Gjethërënës",
    "Lartesi": "I lartë (> 3m)",
    "Gjendja": "E mirë",
    "KordinataX": 21.15537,
    "KordinataY": 42.66327,
    "Photo": ""
  },
  {
    "id": 410073,
    "Lloji": "Gjethërënës",
    "Lartesi": "I lartë (> 3m)",
    "Gjendja": "E mirë",
    "KordinataX": 21.15537,
    "KordinataY": 42.66332,
    "Photo": ""
  },
  {
    "id": 410074,
    "Lloji": "Gjethërënës",
    "Lartesi": "I lartë (> 3m)",
    "Gjendja": "E mirë",
    "KordinataX": 21.15544,
    "KordinataY": 42.66333,
    "Photo": ""
  },
  {
    "id": 410075,
    "Lloji": "Gjethërënës",
    "Lartesi": "I lartë (> 3m)",
    "Gjendja": "E mirë",
    "KordinataX": 21.1555,
    "KordinataY": 42.66337,
    "Photo": ""
  },
  {
    "id": 410076,
    "Lloji": "Gjethërënës",
    "Lartesi": "I lartë (> 3m)",
    "Gjendja": "E mirë",
    "KordinataX": 21.15553,
    "KordinataY": 42.66342,
    "Photo": ""
  },
  {
    "id": 410077,
    "Lloji": "Gjethërënës",
    "Lartesi": "I lartë (> 3m)",
    "Gjendja": "E mirë",
    "KordinataX": 21.15541,
    "KordinataY": 42.66345,
    "Photo": ""
  },
  {
    "id": 410078,
    "Lloji": "Gjethërënës",
    "Lartesi": "I lartë (> 3m)",
    "Gjendja": "E mirë",
    "KordinataX": 21.15555,
    "KordinataY": 42.66347,
    "Photo": ""
  },
  {
    "id": 410088,
    "Lloji": "Gjethërënës",
    "Lartesi": "I lartë (> 3m)",
    "Gjendja": "E mirë",
    "KordinataX": 21.15574,
    "KordinataY": 42.6635,
    "Photo": ""
  },
  {
    "id": 410089,
    "Lloji": "Gjethërënës",
    "Lartesi": "I lartë (> 3m)",
    "Gjendja": "E mirë",
    "KordinataX": 21.15561,
    "KordinataY": 42.66354,
    "Photo": ""
  },
  {
    "id": 410090,
    "Lloji": "Gjethërënës",
    "Lartesi": "I lartë (> 3m)",
    "Gjendja": "E mirë",
    "KordinataX": 21.15549,
    "KordinataY": 42.66357,
    "Photo": ""
  },
  {
    "id": 410091,
    "Lloji": "Gjethërënës",
    "Lartesi": "I lartë (> 3m)",
    "Gjendja": "E mirë",
    "KordinataX": 21.15548,
    "KordinataY": 42.66363,
    "Photo": ""
  },
  {
    "id": 410092,
    "Lloji": "Gjethërënës",
    "Lartesi": "I lartë (> 3m)",
    "Gjendja": "E mirë",
    "KordinataX": 21.15548,
    "KordinataY": 42.66368,
    "Photo": ""
  },
  {
    "id": 410093,
    "Lloji": "Gjethërënës",
    "Lartesi": "I lartë (> 3m)",
    "Gjendja": "E mirë",
    "KordinataX": 21.15547,
    "KordinataY": 42.66374,
    "Photo": ""
  },
  {
    "id": 410094,
    "Lloji": "Gjethërënës",
    "Lartesi": "I lartë (> 3m)",
    "Gjendja": "E mirë",
    "KordinataX": 21.15547,
    "KordinataY": 42.66381,
    "Photo": ""
  },
  {
    "id": 410095,
    "Lloji": "Gjethërënës",
    "Lartesi": "I lartë (> 3m)",
    "Gjendja": "E mirë",
    "KordinataX": 21.15546,
    "KordinataY": 42.66388,
    "Photo": ""
  },
  {
    "id": 410096,
    "Lloji": "Gjethërënës",
    "Lartesi": "I lartë (> 3m)",
    "Gjendja": "E mirë",
    "KordinataX": 21.15545,
    "KordinataY": 42.66394,
    "Photo": ""
  },
  {
    "id": 410097,
    "Lloji": "Gjethërënës",
    "Lartesi": "I lartë (> 3m)",
    "Gjendja": "E mirë",
    "KordinataX": 21.15544,
    "KordinataY": 42.66399,
    "Photo": ""
  },
  {
    "id": 410098,
    "Lloji": "Gjethërënës",
    "Lartesi": "I lartë (> 3m)",
    "Gjendja": "E mirë",
    "KordinataX": 21.15545,
    "KordinataY": 42.66406,
    "Photo": ""
  },
  {
    "id": 410099,
    "Lloji": "Gjethërënës",
    "Lartesi": "I lartë (> 3m)",
    "Gjendja": "E mirë",
    "KordinataX": 21.15544,
    "KordinataY": 42.66412,
    "Photo": ""
  },
  {
    "id": 410100,
    "Lloji": "Gjethërënës",
    "Lartesi": "I lartë (> 3m)",
    "Gjendja": "E mirë",
    "KordinataX": 21.15543,
    "KordinataY": 42.66421,
    "Photo": ""
  },
  {
    "id": 410101,
    "Lloji": "Gjethërënës",
    "Lartesi": "I lartë (> 3m)",
    "Gjendja": "E mirë",
    "KordinataX": 21.15531,
    "KordinataY": 42.66389,
    "Photo": ""
  },
  {
    "id": 410102,
    "Lloji": "Gjethërënës",
    "Lartesi": "I lartë (> 3m)",
    "Gjendja": "E mirë",
    "KordinataX": 21.15532,
    "KordinataY": 42.66398,
    "Photo": ""
  },
  {
    "id": 410103,
    "Lloji": "Gjethërënës",
    "Lartesi": "I lartë (> 3m)",
    "Gjendja": "E mirë",
    "KordinataX": 21.15533,
    "KordinataY": 42.66409,
    "Photo": ""
  },
  {
    "id": 410104,
    "Lloji": "Gjethërënës",
    "Lartesi": "I lartë (> 3m)",
    "Gjendja": "E mirë",
    "KordinataX": 21.15534,
    "KordinataY": 42.66418,
    "Photo": ""
  },
  {
    "id": 410105,
    "Lloji": "Gjethërënës",
    "Lartesi": "I lartë (> 3m)",
    "Gjendja": "E mirë",
    "KordinataX": 21.15536,
    "KordinataY": 42.6643,
    "Photo": ""
  },
  {
    "id": 410106,
    "Lloji": "Gjethërënës",
    "Lartesi": "I lartë (> 3m)",
    "Gjendja": "E mirë",
    "KordinataX": 21.15537,
    "KordinataY": 42.66439,
    "Photo": ""
  },
  {
    "id": 410107,
    "Lloji": "Gjethërënës",
    "Lartesi": "I lartë (> 3m)",
    "Gjendja": "E mirë",
    "KordinataX": 21.15537,
    "KordinataY": 42.66448,
    "Photo": ""
  },
  {
    "id": 410112,
    "Lloji": "Gjethërënës",
    "Lartesi": "I lartë (> 3m)",
    "Gjendja": "E mirë",
    "KordinataX": 21.15556,
    "KordinataY": 42.66437,
    "Photo": ""
  },
  {
    "id": 410115,
    "Lloji": "Gjethëmbajtës",
    "Lartesi": "I lartë (> 3m)",
    "Gjendja": "E mirë",
    "KordinataX": 21.15566,
    "KordinataY": 42.66489,
    "Photo": ""
  },
  {
    "id": 410116,
    "Lloji": "Gjethërënës",
    "Lartesi": "I lartë (> 3m)",
    "Gjendja": "E mirë",
    "KordinataX": 21.15569,
    "KordinataY": 42.66492,
    "Photo": ""
  },
  {
    "id": 410117,
    "Lloji": "Gjethërënës",
    "Lartesi": "I lartë (> 3m)",
    "Gjendja": "E mirë",
    "KordinataX": 21.15572,
    "KordinataY": 42.66495,
    "Photo": ""
  },
  {
    "id": 410118,
    "Lloji": "Gjethërënës",
    "Lartesi": "I lartë (> 3m)",
    "Gjendja": "E mirë",
    "KordinataX": 21.15577,
    "KordinataY": 42.665,
    "Photo": ""
  },
  {
    "id": 410119,
    "Lloji": "Gjethërënës",
    "Lartesi": "I lartë (> 3m)",
    "Gjendja": "E mirë",
    "KordinataX": 21.1558,
    "KordinataY": 42.66504,
    "Photo": ""
  },
  {
    "id": 410122,
    "Lloji": "Gjethërënës",
    "Lartesi": "I lartë (> 3m)",
    "Gjendja": "E mirë",
    "KordinataX": 21.1559,
    "KordinataY": 42.6651,
    "Photo": ""
  },
  {
    "id": 410123,
    "Lloji": "Gjethërënës",
    "Lartesi": "I lartë (> 3m)",
    "Gjendja": "E mirë",
    "KordinataX": 21.15593,
    "KordinataY": 42.66512,
    "Photo": ""
  },
  {
    "id": 410124,
    "Lloji": "Gjethërënës",
    "Lartesi": "I lartë (> 3m)",
    "Gjendja": "E mirë",
    "KordinataX": 21.15596,
    "KordinataY": 42.66513,
    "Photo": ""
  },
  {
    "id": 410125,
    "Lloji": "Gjethërënës",
    "Lartesi": "I lartë (> 3m)",
    "Gjendja": "E mirë",
    "KordinataX": 21.156,
    "KordinataY": 42.66515,
    "Photo": ""
  },
  {
    "id": 410126,
    "Lloji": "Gjethërënës",
    "Lartesi": "I lartë (> 3m)",
    "Gjendja": "E mirë",
    "KordinataX": 21.15608,
    "KordinataY": 42.66512,
    "Photo": ""
  },
  {
    "id": 410127,
    "Lloji": "Gjethëmbajtës",
    "Lartesi": "I lartë (> 3m)",
    "Gjendja": "E mirë",
    "KordinataX": 21.15605,
    "KordinataY": 42.66513,
    "Photo": ""
  },
  {
    "id": 410130,
    "Lloji": "Gjethërënës",
    "Lartesi": "I lartë (> 3m)",
    "Gjendja": "E mirë",
    "KordinataX": 21.15627,
    "KordinataY": 42.665,
    "Photo": ""
  },
  {
    "id": 410131,
    "Lloji": "Gjethëmbajtës",
    "Lartesi": "I lartë (> 3m)",
    "Gjendja": "E mirë",
    "KordinataX": 21.1563,
    "KordinataY": 42.66498,
    "Photo": ""
  },
  {
    "id": 410132,
    "Lloji": "Gjethëmbajtës",
    "Lartesi": "I lartë (> 3m)",
    "Gjendja": "E mirë",
    "KordinataX": 21.15629,
    "KordinataY": 42.66495,
    "Photo": ""
  },
  {
    "id": 410133,
    "Lloji": "Gjethëmbajtës",
    "Lartesi": "I lartë (> 3m)",
    "Gjendja": "E mirë",
    "KordinataX": 21.15627,
    "KordinataY": 42.66493,
    "Photo": ""
  },
  {
    "id": 410134,
    "Lloji": "Gjethëmbajtës",
    "Lartesi": "I lartë (> 3m)",
    "Gjendja": "E mirë",
    "KordinataX": 21.15626,
    "KordinataY": 42.6649,
    "Photo": ""
  },
  {
    "id": 410135,
    "Lloji": "Gjethëmbajtës",
    "Lartesi": "I lartë (> 3m)",
    "Gjendja": "E mirë",
    "KordinataX": 21.15622,
    "KordinataY": 42.66491,
    "Photo": ""
  },
  {
    "id": 410136,
    "Lloji": "Gjethëmbajtës",
    "Lartesi": "I lartë (> 3m)",
    "Gjendja": "E mirë",
    "KordinataX": 21.15623,
    "KordinataY": 42.66487,
    "Photo": ""
  },
  {
    "id": 410137,
    "Lloji": "Gjethërënës",
    "Lartesi": "I lartë (> 3m)",
    "Gjendja": "E mirë",
    "KordinataX": 21.15622,
    "KordinataY": 42.66489,
    "Photo": ""
  },
  {
    "id": 410138,
    "Lloji": "Gjethërënës",
    "Lartesi": "I lartë (> 3m)",
    "Gjendja": "E mirë",
    "KordinataX": 21.15608,
    "KordinataY": 42.66463,
    "Photo": ""
  },
  {
    "id": 410139,
    "Lloji": "Gjethërënës",
    "Lartesi": "I lartë (> 3m)",
    "Gjendja": "E mirë",
    "KordinataX": 21.15607,
    "KordinataY": 42.66461,
    "Photo": ""
  },
  {
    "id": 410140,
    "Lloji": "Gjethërënës",
    "Lartesi": "I lartë (> 3m)",
    "Gjendja": "E mirë",
    "KordinataX": 21.15603,
    "KordinataY": 42.66457,
    "Photo": ""
  },
  {
    "id": 410141,
    "Lloji": "Gjethërënës",
    "Lartesi": "I lartë (> 3m)",
    "Gjendja": "E mirë",
    "KordinataX": 21.15645,
    "KordinataY": 42.6649,
    "Photo": ""
  },
  {
    "id": 410142,
    "Lloji": "Gjethërënës",
    "Lartesi": "I lartë (> 3m)",
    "Gjendja": "E mirë",
    "KordinataX": 21.15641,
    "KordinataY": 42.66486,
    "Photo": ""
  },
  {
    "id": 410143,
    "Lloji": "Gjethërënës",
    "Lartesi": "I lartë (> 3m)",
    "Gjendja": "E mirë",
    "KordinataX": 21.15639,
    "KordinataY": 42.66483,
    "Photo": ""
  },
  {
    "id": 410144,
    "Lloji": "Gjethëmbajtës",
    "Lartesi": "I lartë (> 3m)",
    "Gjendja": "E mirë",
    "KordinataX": 21.15641,
    "KordinataY": 42.66489,
    "Photo": ""
  },
  {
    "id": 410145,
    "Lloji": "Gjethërënës",
    "Lartesi": "I lartë (> 3m)",
    "Gjendja": "E mirë",
    "KordinataX": 21.15637,
    "KordinataY": 42.6648,
    "Photo": ""
  },
  {
    "id": 410146,
    "Lloji": "Gjethërënës",
    "Lartesi": "I lartë (> 3m)",
    "Gjendja": "E mirë",
    "KordinataX": 21.15635,
    "KordinataY": 42.66476,
    "Photo": ""
  },
  {
    "id": 410147,
    "Lloji": "Gjethërënës",
    "Lartesi": "I lartë (> 3m)",
    "Gjendja": "E mirë",
    "KordinataX": 21.15628,
    "KordinataY": 42.66465,
    "Photo": ""
  },
  {
    "id": 410148,
    "Lloji": "Gjethërënës",
    "Lartesi": "I lartë (> 3m)",
    "Gjendja": "E mirë",
    "KordinataX": 21.15619,
    "KordinataY": 42.66451,
    "Photo": ""
  },
  {
    "id": 410149,
    "Lloji": "Gjethërënës",
    "Lartesi": "I lartë (> 3m)",
    "Gjendja": "E mirë",
    "KordinataX": 21.15676,
    "KordinataY": 42.6649,
    "Photo": ""
  },
  {
    "id": 410150,
    "Lloji": "Gjethërënës",
    "Lartesi": "I lartë (> 3m)",
    "Gjendja": "E mirë",
    "KordinataX": 21.1567,
    "KordinataY": 42.66479,
    "Photo": ""
  },
  {
    "id": 410151,
    "Lloji": "Gjethërënës",
    "Lartesi": "I lartë (> 3m)",
    "Gjendja": "E mirë",
    "KordinataX": 21.15679,
    "KordinataY": 42.66482,
    "Photo": ""
  },
  {
    "id": 410152,
    "Lloji": "Gjethërënës",
    "Lartesi": "I lartë (> 3m)",
    "Gjendja": "E mirë",
    "KordinataX": 21.15683,
    "KordinataY": 42.66486,
    "Photo": ""
  },
  {
    "id": 410153,
    "Lloji": "Gjethërënës",
    "Lartesi": "I lartë (> 3m)",
    "Gjendja": "E mirë",
    "KordinataX": 21.15688,
    "KordinataY": 42.66483,
    "Photo": ""
  },
  {
    "id": 410154,
    "Lloji": "Gjethërënës",
    "Lartesi": "I lartë (> 3m)",
    "Gjendja": "E mirë",
    "KordinataX": 21.15667,
    "KordinataY": 42.66472,
    "Photo": ""
  },
  {
    "id": 410155,
    "Lloji": "Gjethërënës",
    "Lartesi": "I lartë (> 3m)",
    "Gjendja": "E mirë",
    "KordinataX": 21.1568,
    "KordinataY": 42.66446,
    "Photo": ""
  },
  {
    "id": 410156,
    "Lloji": "Gjethërënës",
    "Lartesi": "I lartë (> 3m)",
    "Gjendja": "E mirë",
    "KordinataX": 21.15688,
    "KordinataY": 42.66446,
    "Photo": ""
  },
  {
    "id": 410157,
    "Lloji": "Gjethërënës",
    "Lartesi": "I lartë (> 3m)",
    "Gjendja": "E mirë",
    "KordinataX": 21.15697,
    "KordinataY": 42.66444,
    "Photo": ""
  },
  {
    "id": 410158,
    "Lloji": "Gjethërënës",
    "Lartesi": "I lartë (> 3m)",
    "Gjendja": "E mirë",
    "KordinataX": 21.15714,
    "KordinataY": 42.66473,
    "Photo": ""
  },
  {
    "id": 410159,
    "Lloji": "Gjethërënës",
    "Lartesi": "I lartë (> 3m)",
    "Gjendja": "E mirë",
    "KordinataX": 21.15731,
    "KordinataY": 42.6646,
    "Photo": ""
  },
  {
    "id": 410160,
    "Lloji": "Gjethërënës",
    "Lartesi": "I lartë (> 3m)",
    "Gjendja": "E mirë",
    "KordinataX": 21.15743,
    "KordinataY": 42.66468,
    "Photo": ""
  },
  {
    "id": 410161,
    "Lloji": "Gjethërënës",
    "Lartesi": "I lartë (> 3m)",
    "Gjendja": "E mirë",
    "KordinataX": 21.15737,
    "KordinataY": 42.66464,
    "Photo": ""
  },
  {
    "id": 410162,
    "Lloji": "Gjethëmbajtës",
    "Lartesi": "I lartë (> 3m)",
    "Gjendja": "E mirë",
    "KordinataX": 21.15699,
    "KordinataY": 42.66475,
    "Photo": ""
  },
  {
    "id": 410163,
    "Lloji": "Gjethëmbajtës",
    "Lartesi": "I lartë (> 3m)",
    "Gjendja": "E mirë",
    "KordinataX": 21.15701,
    "KordinataY": 42.66475,
    "Photo": ""
  },
  {
    "id": 410164,
    "Lloji": "Gjethëmbajtës",
    "Lartesi": "I lartë (> 3m)",
    "Gjendja": "E mirë",
    "KordinataX": 21.15702,
    "KordinataY": 42.66476,
    "Photo": ""
  },
  {
    "id": 410165,
    "Lloji": "Gjethëmbajtës",
    "Lartesi": "I lartë (> 3m)",
    "Gjendja": "E mirë",
    "KordinataX": 21.15702,
    "KordinataY": 42.66478,
    "Photo": ""
  },
  {
    "id": 410166,
    "Lloji": "Gjethëmbajtës",
    "Lartesi": "I lartë (> 3m)",
    "Gjendja": "E mirë",
    "KordinataX": 21.15703,
    "KordinataY": 42.66479,
    "Photo": ""
  },
  {
    "id": 410167,
    "Lloji": "Gjethëmbajtës",
    "Lartesi": "I lartë (> 3m)",
    "Gjendja": "E mirë",
    "KordinataX": 21.15699,
    "KordinataY": 42.66473,
    "Photo": ""
  },
  {
    "id": 410169,
    "Lloji": "Gjethëmbajtës",
    "Lartesi": "I lartë (> 3m)",
    "Gjendja": "E mirë",
    "KordinataX": 21.15686,
    "KordinataY": 42.66426,
    "Photo": ""
  },
  {
    "id": 410170,
    "Lloji": "Gjethëmbajtës",
    "Lartesi": "I lartë (> 3m)",
    "Gjendja": "E mirë",
    "KordinataX": 21.15692,
    "KordinataY": 42.66427,
    "Photo": ""
  },
  {
    "id": 410171,
    "Lloji": "Gjethëmbajtës",
    "Lartesi": "I lartë (> 3m)",
    "Gjendja": "E mirë",
    "KordinataX": 21.15686,
    "KordinataY": 42.6642,
    "Photo": ""
  },
  {
    "id": 410172,
    "Lloji": "Gjethëmbajtës",
    "Lartesi": "I lartë (> 3m)",
    "Gjendja": "E mirë",
    "KordinataX": 21.15689,
    "KordinataY": 42.66417,
    "Photo": ""
  },
  {
    "id": 410173,
    "Lloji": "Gjethëmbajtës",
    "Lartesi": "I lartë (> 3m)",
    "Gjendja": "E mirë",
    "KordinataX": 21.15683,
    "KordinataY": 42.66412,
    "Photo": ""
  },
  {
    "id": 410174,
    "Lloji": "Gjethëmbajtës",
    "Lartesi": "I lartë (> 3m)",
    "Gjendja": "E mirë",
    "KordinataX": 21.15688,
    "KordinataY": 42.66412,
    "Photo": ""
  },
  {
    "id": 410175,
    "Lloji": "Gjethëmbajtës",
    "Lartesi": "I lartë (> 3m)",
    "Gjendja": "E mirë",
    "KordinataX": 21.15685,
    "KordinataY": 42.66406,
    "Photo": ""
  },
  {
    "id": 410176,
    "Lloji": "Gjethërënës",
    "Lartesi": "I lartë (> 3m)",
    "Gjendja": "E mirë",
    "KordinataX": 21.15648,
    "KordinataY": 42.66441,
    "Photo": ""
  },
  {
    "id": 410177,
    "Lloji": "Gjethëmbajtës",
    "Lartesi": "I lartë (> 3m)",
    "Gjendja": "E mirë",
    "KordinataX": 21.15648,
    "KordinataY": 42.66447,
    "Photo": ""
  },
  {
    "id": 410178,
    "Lloji": "Gjethëmbajtës",
    "Lartesi": "I lartë (> 3m)",
    "Gjendja": "E mirë",
    "KordinataX": 21.15647,
    "KordinataY": 42.66445,
    "Photo": ""
  },
  {
    "id": 410179,
    "Lloji": "Gjethëmbajtës",
    "Lartesi": "I lartë (> 3m)",
    "Gjendja": "E mirë",
    "KordinataX": 21.15646,
    "KordinataY": 42.66442,
    "Photo": ""
  },
  {
    "id": 410180,
    "Lloji": "Gjethëmbajtës",
    "Lartesi": "I lartë (> 3m)",
    "Gjendja": "E mirë",
    "KordinataX": 21.15645,
    "KordinataY": 42.66439,
    "Photo": ""
  },
  {
    "id": 410181,
    "Lloji": "Gjethëmbajtës",
    "Lartesi": "I lartë (> 3m)",
    "Gjendja": "E mirë",
    "KordinataX": 21.15641,
    "KordinataY": 42.66429,
    "Photo": ""
  },
  {
    "id": 410182,
    "Lloji": "Gjethëmbajtës",
    "Lartesi": "I lartë (> 3m)",
    "Gjendja": "E mirë",
    "KordinataX": 21.1564,
    "KordinataY": 42.66425,
    "Photo": ""
  },
  {
    "id": 410183,
    "Lloji": "Gjethëmbajtës",
    "Lartesi": "I lartë (> 3m)",
    "Gjendja": "E mirë",
    "KordinataX": 21.15598,
    "KordinataY": 42.66447,
    "Photo": ""
  },
  {
    "id": 410184,
    "Lloji": "Gjethërënës",
    "Lartesi": "I lartë (> 3m)",
    "Gjendja": "E mirë",
    "KordinataX": 21.15597,
    "KordinataY": 42.66443,
    "Photo": ""
  },
  {
    "id": 410185,
    "Lloji": "Gjethërënës",
    "Lartesi": "I lartë (> 3m)",
    "Gjendja": "E mirë",
    "KordinataX": 21.15592,
    "KordinataY": 42.66438,
    "Photo": ""
  },
  {
    "id": 410186,
    "Lloji": "Gjethërënës",
    "Lartesi": "I lartë (> 3m)",
    "Gjendja": "E mirë",
    "KordinataX": 21.15587,
    "KordinataY": 42.66436,
    "Photo": ""
  },
  {
    "id": 410187,
    "Lloji": "Gjethërënës",
    "Lartesi": "I lartë (> 3m)",
    "Gjendja": "E mirë",
    "KordinataX": 21.15573,
    "KordinataY": 42.66441,
    "Photo": ""
  },
  {
    "id": 410188,
    "Lloji": "Gjethëmbajtës",
    "Lartesi": "I lartë (> 3m)",
    "Gjendja": "E mirë",
    "KordinataX": 21.15642,
    "KordinataY": 42.66411,
    "Photo": ""
  },
  {
    "id": 410189,
    "Lloji": "Gjethëmbajtës",
    "Lartesi": "I lartë (> 3m)",
    "Gjendja": "E mirë",
    "KordinataX": 21.15646,
    "KordinataY": 42.6641,
    "Photo": ""
  },
  {
    "id": 410190,
    "Lloji": "Gjethëmbajtës",
    "Lartesi": "I lartë (> 3m)",
    "Gjendja": "E mirë",
    "KordinataX": 21.1565,
    "KordinataY": 42.66408,
    "Photo": ""
  },
  {
    "id": 410191,
    "Lloji": "Gjethëmbajtës",
    "Lartesi": "I lartë (> 3m)",
    "Gjendja": "E mirë",
    "KordinataX": 21.15653,
    "KordinataY": 42.66407,
    "Photo": ""
  },
  {
    "id": 410192,
    "Lloji": "Gjethëmbajtës",
    "Lartesi": "I lartë (> 3m)",
    "Gjendja": "E mirë",
    "KordinataX": 21.15656,
    "KordinataY": 42.66406,
    "Photo": ""
  },
  {
    "id": 410193,
    "Lloji": "Gjethëmbajtës",
    "Lartesi": "I lartë (> 3m)",
    "Gjendja": "E mirë",
    "KordinataX": 21.1566,
    "KordinataY": 42.66405,
    "Photo": ""
  },
  {
    "id": 410194,
    "Lloji": "Gjethëmbajtës",
    "Lartesi": "I lartë (> 3m)",
    "Gjendja": "E mirë",
    "KordinataX": 21.15638,
    "KordinataY": 42.66404,
    "Photo": ""
  },
  {
    "id": 410195,
    "Lloji": "Gjethërënës",
    "Lartesi": "I lartë (> 3m)",
    "Gjendja": "E mirë",
    "KordinataX": 21.15676,
    "KordinataY": 42.66395,
    "Photo": ""
  },
  {
    "id": 410196,
    "Lloji": "Gjethërënës",
    "Lartesi": "I lartë (> 3m)",
    "Gjendja": "E mirë",
    "KordinataX": 21.1567,
    "KordinataY": 42.66398,
    "Photo": ""
  },
  {
    "id": 410197,
    "Lloji": "Gjethërënës",
    "Lartesi": "I lartë (> 3m)",
    "Gjendja": "E mirë",
    "KordinataX": 21.15661,
    "KordinataY": 42.66413,
    "Photo": ""
  },
  {
    "id": 410198,
    "Lloji": "Gjethërënës",
    "Lartesi": "I lartë (> 3m)",
    "Gjendja": "E mirë",
    "KordinataX": 21.15672,
    "KordinataY": 42.6641,
    "Photo": ""
  },
  {
    "id": 410199,
    "Lloji": "Gjethërënës",
    "Lartesi": "I lartë (> 3m)",
    "Gjendja": "E mirë",
    "KordinataX": 21.15667,
    "KordinataY": 42.66412,
    "Photo": ""
  },
  {
    "id": 410211,
    "Lloji": "Gjethërënës",
    "Lartesi": "I lartë (> 3m)",
    "Gjendja": "E mirë",
    "KordinataX": 21.15621,
    "KordinataY": 42.66376,
    "Photo": ""
  },
  {
    "id": 410212,
    "Lloji": "Gjethërënës",
    "Lartesi": "I lartë (> 3m)",
    "Gjendja": "E mirë",
    "KordinataX": 21.15628,
    "KordinataY": 42.66373,
    "Photo": ""
  },
  {
    "id": 410213,
    "Lloji": "Gjethërënës",
    "Lartesi": "I lartë (> 3m)",
    "Gjendja": "E mirë",
    "KordinataX": 21.15636,
    "KordinataY": 42.66371,
    "Photo": ""
  },
  {
    "id": 410214,
    "Lloji": "Gjethërënës",
    "Lartesi": "I lartë (> 3m)",
    "Gjendja": "E mirë",
    "KordinataX": 21.1564,
    "KordinataY": 42.6642,
    "Photo": ""
  },
  {
    "id": 410215,
    "Lloji": "Gjethërënës",
    "Lartesi": "I lartë (> 3m)",
    "Gjendja": "E mirë",
    "KordinataX": 21.15644,
    "KordinataY": 42.66419,
    "Photo": ""
  },
  {
    "id": 410218,
    "Lloji": "Gjethërënës",
    "Lartesi": "I lartë (> 3m)",
    "Gjendja": "E mirë",
    "KordinataX": 21.15748,
    "KordinataY": 42.66463,
    "Photo": ""
  },
  {
    "id": 410219,
    "Lloji": "Gjethërënës",
    "Lartesi": "I lartë (> 3m)",
    "Gjendja": "E mirë",
    "KordinataX": 21.15755,
    "KordinataY": 42.66467,
    "Photo": ""
  },
  {
    "id": 410220,
    "Lloji": "Gjethërënës",
    "Lartesi": "I lartë (> 3m)",
    "Gjendja": "E mirë",
    "KordinataX": 21.15709,
    "KordinataY": 42.6647,
    "Photo": ""
  },
  {
    "id": 410221,
    "Lloji": "Gjethërënës",
    "Lartesi": "I lartë (> 3m)",
    "Gjendja": "E mirë",
    "KordinataX": 21.15705,
    "KordinataY": 42.66438,
    "Photo": ""
  },
  {
    "id": 410222,
    "Lloji": "Gjethërënës",
    "Lartesi": "I lartë (> 3m)",
    "Gjendja": "E mirë",
    "KordinataX": 21.15717,
    "KordinataY": 42.66436,
    "Photo": ""
  },
  {
    "id": 410223,
    "Lloji": "Gjethërënës",
    "Lartesi": "I lartë (> 3m)",
    "Gjendja": "E mirë",
    "KordinataX": 21.15725,
    "KordinataY": 42.66438,
    "Photo": ""
  },
  {
    "id": 410224,
    "Lloji": "Gjethërënës",
    "Lartesi": "I lartë (> 3m)",
    "Gjendja": "E mirë",
    "KordinataX": 21.15733,
    "KordinataY": 42.66435,
    "Photo": ""
  },
  {
    "id": 410225,
    "Lloji": "Gjethërënës",
    "Lartesi": "I lartë (> 3m)",
    "Gjendja": "E mirë",
    "KordinataX": 21.15745,
    "KordinataY": 42.66432,
    "Photo": ""
  },
  {
    "id": 410226,
    "Lloji": "Gjethërënës",
    "Lartesi": "I lartë (> 3m)",
    "Gjendja": "E mirë",
    "KordinataX": 21.1574,
    "KordinataY": 42.66434,
    "Photo": ""
  },
  {
    "id": 410227,
    "Lloji": "Gjethërënës",
    "Lartesi": "I lartë (> 3m)",
    "Gjendja": "E mirë",
    "KordinataX": 21.15723,
    "KordinataY": 42.66433,
    "Photo": ""
  },
  {
    "id": 410228,
    "Lloji": "Gjethërënës",
    "Lartesi": "I lartë (> 3m)",
    "Gjendja": "E mirë",
    "KordinataX": 21.1571,
    "KordinataY": 42.66417,
    "Photo": ""
  },
  {
    "id": 410229,
    "Lloji": "Gjethërënës",
    "Lartesi": "I lartë (> 3m)",
    "Gjendja": "E mirë",
    "KordinataX": 21.15722,
    "KordinataY": 42.6642,
    "Photo": ""
  },
  {
    "id": 410230,
    "Lloji": "Gjethërënës",
    "Lartesi": "I lartë (> 3m)",
    "Gjendja": "E mirë",
    "KordinataX": 21.15718,
    "KordinataY": 42.66409,
    "Photo": ""
  },
  {
    "id": 410231,
    "Lloji": "Gjethërënës",
    "Lartesi": "I lartë (> 3m)",
    "Gjendja": "E mirë",
    "KordinataX": 21.15727,
    "KordinataY": 42.66414,
    "Photo": ""
  },
  {
    "id": 410232,
    "Lloji": "Gjethërënës",
    "Lartesi": "I lartë (> 3m)",
    "Gjendja": "E mirë",
    "KordinataX": 21.15755,
    "KordinataY": 42.6643,
    "Photo": ""
  },
  {
    "id": 410233,
    "Lloji": "Gjethërënës",
    "Lartesi": "I lartë (> 3m)",
    "Gjendja": "E mirë",
    "KordinataX": 21.15765,
    "KordinataY": 42.66428,
    "Photo": ""
  },
  {
    "id": 410234,
    "Lloji": "Gjethërënës",
    "Lartesi": "I lartë (> 3m)",
    "Gjendja": "E mirë",
    "KordinataX": 21.15757,
    "KordinataY": 42.66424,
    "Photo": ""
  },
  {
    "id": 410235,
    "Lloji": "Gjethërënës",
    "Lartesi": "I lartë (> 3m)",
    "Gjendja": "E mirë",
    "KordinataX": 21.15761,
    "KordinataY": 42.6642,
    "Photo": ""
  },
  {
    "id": 410236,
    "Lloji": "Gjethërënës",
    "Lartesi": "I lartë (> 3m)",
    "Gjendja": "E mirë",
    "KordinataX": 21.15702,
    "KordinataY": 42.66414,
    "Photo": ""
  },
  {
    "id": 410237,
    "Lloji": "Gjethërënës",
    "Lartesi": "I lartë (> 3m)",
    "Gjendja": "E mirë",
    "KordinataX": 21.15719,
    "KordinataY": 42.66478,
    "Photo": ""
  },
  {
    "id": 410238,
    "Lloji": "Gjethërënës",
    "Lartesi": "I lartë (> 3m)",
    "Gjendja": "E mirë",
    "KordinataX": 21.15712,
    "KordinataY": 42.66485,
    "Photo": ""
  },
  {
    "id": 410239,
    "Lloji": "Gjethërënës",
    "Lartesi": "I lartë (> 3m)",
    "Gjendja": "E mirë",
    "KordinataX": 21.15734,
    "KordinataY": 42.66479,
    "Photo": ""
  },
  {
    "id": 410240,
    "Lloji": "Gjethërënës",
    "Lartesi": "I lartë (> 3m)",
    "Gjendja": "E mirë",
    "KordinataX": 21.15743,
    "KordinataY": 42.66476,
    "Photo": ""
  },
  {
    "id": 410241,
    "Lloji": "Gjethërënës",
    "Lartesi": "I lartë (> 3m)",
    "Gjendja": "E mirë",
    "KordinataX": 21.15773,
    "KordinataY": 42.66464,
    "Photo": ""
  },
  {
    "id": 410242,
    "Lloji": "Gjethërënës",
    "Lartesi": "I lartë (> 3m)",
    "Gjendja": "E mirë",
    "KordinataX": 21.15784,
    "KordinataY": 42.66461,
    "Photo": ""
  },
  {
    "id": 410243,
    "Lloji": "Gjethërënës",
    "Lartesi": "I lartë (> 3m)",
    "Gjendja": "E mirë",
    "KordinataX": 21.15802,
    "KordinataY": 42.66456,
    "Photo": ""
  },
  {
    "id": 410244,
    "Lloji": "Gjethërënës",
    "Lartesi": "I lartë (> 3m)",
    "Gjendja": "E mirë",
    "KordinataX": 21.15813,
    "KordinataY": 42.66452,
    "Photo": ""
  },
  {
    "id": 410245,
    "Lloji": "Gjethërënës",
    "Lartesi": "I lartë (> 3m)",
    "Gjendja": "E mirë",
    "KordinataX": 21.15823,
    "KordinataY": 42.6645,
    "Photo": ""
  },
  {
    "id": 410246,
    "Lloji": "Gjethërënës",
    "Lartesi": "I lartë (> 3m)",
    "Gjendja": "E mirë",
    "KordinataX": 21.15835,
    "KordinataY": 42.66448,
    "Photo": ""
  },
  {
    "id": 410247,
    "Lloji": "Gjethërënës",
    "Lartesi": "I lartë (> 3m)",
    "Gjendja": "E mirë",
    "KordinataX": 21.1585,
    "KordinataY": 42.66442,
    "Photo": ""
  },
  {
    "id": 410248,
    "Lloji": "Gjethëmbajtës",
    "Lartesi": "I lartë (> 3m)",
    "Gjendja": "E mirë",
    "KordinataX": 21.15772,
    "KordinataY": 42.66462,
    "Photo": ""
  },
  {
    "id": 410248,
    "Lloji": "Gjethëmbajtës",
    "Lartesi": "I lartë (> 3m)",
    "Gjendja": "E mirë",
    "KordinataX": 21.15783,
    "KordinataY": 42.66459,
    "Photo": ""
  },
  {
    "id": 410249,
    "Lloji": "Gjethëmbajtës",
    "Lartesi": "I lartë (> 3m)",
    "Gjendja": "E mirë",
    "KordinataX": 21.15767,
    "KordinataY": 42.66466,
    "Photo": ""
  },
  {
    "id": 410250,
    "Lloji": "Gjethëmbajtës",
    "Lartesi": "I lartë (> 3m)",
    "Gjendja": "E mirë",
    "KordinataX": 21.15801,
    "KordinataY": 42.66453,
    "Photo": ""
  },
  {
    "id": 410251,
    "Lloji": "Gjethëmbajtës",
    "Lartesi": "I lartë (> 3m)",
    "Gjendja": "E mirë",
    "KordinataX": 21.15812,
    "KordinataY": 42.66449,
    "Photo": ""
  },
  {
    "id": 410252,
    "Lloji": "Gjethëmbajtës",
    "Lartesi": "I lartë (> 3m)",
    "Gjendja": "E mirë",
    "KordinataX": 21.15817,
    "KordinataY": 42.6645,
    "Photo": ""
  },
  {
    "id": 410253,
    "Lloji": "Gjethëmbajtës",
    "Lartesi": "I lartë (> 3m)",
    "Gjendja": "E mirë",
    "KordinataX": 21.15823,
    "KordinataY": 42.66446,
    "Photo": ""
  },
  {
    "id": 410254,
    "Lloji": "Gjethëmbajtës",
    "Lartesi": "I lartë (> 3m)",
    "Gjendja": "E mirë",
    "KordinataX": 21.15832,
    "KordinataY": 42.66445,
    "Photo": ""
  },
  {
    "id": 410255,
    "Lloji": "Gjethëmbajtës",
    "Lartesi": "I lartë (> 3m)",
    "Gjendja": "E mirë",
    "KordinataX": 21.15839,
    "KordinataY": 42.66445,
    "Photo": ""
  },
  {
    "id": 410256,
    "Lloji": "Gjethëmbajtës",
    "Lartesi": "I lartë (> 3m)",
    "Gjendja": "E mirë",
    "KordinataX": 21.15838,
    "KordinataY": 42.66442,
    "Photo": ""
  },
  {
    "id": 410258,
    "Lloji": "Gjethërënës",
    "Lartesi": "I lartë (> 3m)",
    "Gjendja": "E mirë",
    "KordinataX": 21.15854,
    "KordinataY": 42.66422,
    "Photo": ""
  },
  {
    "id": 410259,
    "Lloji": "Gjethërënës",
    "Lartesi": "I lartë (> 3m)",
    "Gjendja": "E mirë",
    "KordinataX": 21.1585,
    "KordinataY": 42.66419,
    "Photo": ""
  },
  {
    "id": 410260,
    "Lloji": "Gjethërënës",
    "Lartesi": "I lartë (> 3m)",
    "Gjendja": "E mirë",
    "KordinataX": 21.15857,
    "KordinataY": 42.66426,
    "Photo": ""
  },
  {
    "id": 410261,
    "Lloji": "Gjethërënës",
    "Lartesi": "I lartë (> 3m)",
    "Gjendja": "E mirë",
    "KordinataX": 21.15846,
    "KordinataY": 42.66416,
    "Photo": ""
  },
  {
    "id": 410262,
    "Lloji": "Gjethërënës",
    "Lartesi": "I lartë (> 3m)",
    "Gjendja": "E mirë",
    "KordinataX": 21.15827,
    "KordinataY": 42.66414,
    "Photo": ""
  },
  {
    "id": 410264,
    "Lloji": "Gjethërënës",
    "Lartesi": "I lartë (> 3m)",
    "Gjendja": "E mirë",
    "KordinataX": 21.15811,
    "KordinataY": 42.66412,
    "Photo": ""
  },
  {
    "id": 410265,
    "Lloji": "Gjethërënës",
    "Lartesi": "I lartë (> 3m)",
    "Gjendja": "E mirë",
    "KordinataX": 21.15806,
    "KordinataY": 42.6641,
    "Photo": ""
  },
  {
    "id": 410266,
    "Lloji": "Gjethërënës",
    "Lartesi": "I lartë (> 3m)",
    "Gjendja": "E mirë",
    "KordinataX": 21.15801,
    "KordinataY": 42.6641,
    "Photo": ""
  },
  {
    "id": 410267,
    "Lloji": "Gjethërënës",
    "Lartesi": "I lartë (> 3m)",
    "Gjendja": "E mirë",
    "KordinataX": 21.15793,
    "KordinataY": 42.66409,
    "Photo": ""
  },
  {
    "id": 410268,
    "Lloji": "Gjethërënës",
    "Lartesi": "I lartë (> 3m)",
    "Gjendja": "E mirë",
    "KordinataX": 21.15789,
    "KordinataY": 42.66407,
    "Photo": ""
  },
  {
    "id": 410269,
    "Lloji": "Gjethërënës",
    "Lartesi": "I lartë (> 3m)",
    "Gjendja": "E mirë",
    "KordinataX": 21.15783,
    "KordinataY": 42.66405,
    "Photo": ""
  },
  {
    "id": 410270,
    "Lloji": "Gjethërënës",
    "Lartesi": "I lartë (> 3m)",
    "Gjendja": "E mirë",
    "KordinataX": 21.15778,
    "KordinataY": 42.66404,
    "Photo": ""
  },
  {
    "id": 410271,
    "Lloji": "Gjethërënës",
    "Lartesi": "I lartë (> 3m)",
    "Gjendja": "E mirë",
    "KordinataX": 21.15773,
    "KordinataY": 42.66403,
    "Photo": ""
  },
  {
    "id": 410272,
    "Lloji": "Gjethërënës",
    "Lartesi": "I lartë (> 3m)",
    "Gjendja": "E mirë",
    "KordinataX": 21.15792,
    "KordinataY": 42.66415,
    "Photo": ""
  },
  {
    "id": 410273,
    "Lloji": "Gjethërënës",
    "Lartesi": "I lartë (> 3m)",
    "Gjendja": "E mirë",
    "KordinataX": 21.15797,
    "KordinataY": 42.66414,
    "Photo": ""
  },
  {
    "id": 410274,
    "Lloji": "Gjethërënës",
    "Lartesi": "I lartë (> 3m)",
    "Gjendja": "E mirë",
    "KordinataX": 21.15802,
    "KordinataY": 42.66417,
    "Photo": ""
  },
  {
    "id": 410275,
    "Lloji": "Gjethërënës",
    "Lartesi": "I lartë (> 3m)",
    "Gjendja": "E mirë",
    "KordinataX": 21.15797,
    "KordinataY": 42.66418,
    "Photo": ""
  },
  {
    "id": 410276,
    "Lloji": "Gjethërënës",
    "Lartesi": "I lartë (> 3m)",
    "Gjendja": "E mirë",
    "KordinataX": 21.15792,
    "KordinataY": 42.66419,
    "Photo": ""
  },
  {
    "id": 410277,
    "Lloji": "Gjethërënës",
    "Lartesi": "I lartë (> 3m)",
    "Gjendja": "E mirë",
    "KordinataX": 21.15793,
    "KordinataY": 42.66423,
    "Photo": ""
  },
  {
    "id": 410278,
    "Lloji": "Gjethërënës",
    "Lartesi": "I lartë (> 3m)",
    "Gjendja": "E mirë",
    "KordinataX": 21.15788,
    "KordinataY": 42.66421,
    "Photo": ""
  },
  {
    "id": 410279,
    "Lloji": "Gjethërënës",
    "Lartesi": "I lartë (> 3m)",
    "Gjendja": "E mirë",
    "KordinataX": 21.15782,
    "KordinataY": 42.66424,
    "Photo": ""
  },
  {
    "id": 410280,
    "Lloji": "Gjethërënës",
    "Lartesi": "I lartë (> 3m)",
    "Gjendja": "E mirë",
    "KordinataX": 21.15782,
    "KordinataY": 42.66428,
    "Photo": ""
  },
  {
    "id": 410282,
    "Lloji": "Gjethërënës",
    "Lartesi": "I lartë (> 3m)",
    "Gjendja": "E mirë",
    "KordinataX": 21.15752,
    "KordinataY": 42.66408,
    "Photo": ""
  },
  {
    "id": 410283,
    "Lloji": "Gjethërënës",
    "Lartesi": "I lartë (> 3m)",
    "Gjendja": "E mirë",
    "KordinataX": 21.15747,
    "KordinataY": 42.66406,
    "Photo": ""
  },
  {
    "id": 410284,
    "Lloji": "Gjethërënës",
    "Lartesi": "I lartë (> 3m)",
    "Gjendja": "E mirë",
    "KordinataX": 21.15735,
    "KordinataY": 42.66404,
    "Photo": ""
  },
  {
    "id": 410285,
    "Lloji": "Gjethërënës",
    "Lartesi": "I lartë (> 3m)",
    "Gjendja": "E mirë",
    "KordinataX": 21.15747,
    "KordinataY": 42.66414,
    "Photo": ""
  },
  {
    "id": 410286,
    "Lloji": "Gjethërënës",
    "Lartesi": "I lartë (> 3m)",
    "Gjendja": "E mirë",
    "KordinataX": 21.15749,
    "KordinataY": 42.66417,
    "Photo": ""
  },
  {
    "id": 410287,
    "Lloji": "Gjethërënës",
    "Lartesi": "I lartë (> 3m)",
    "Gjendja": "E mirë",
    "KordinataX": 21.1575,
    "KordinataY": 42.6642,
    "Photo": ""
  },
  {
    "id": 410289,
    "Lloji": "Gjethërënës",
    "Lartesi": "I lartë (> 3m)",
    "Gjendja": "E mirë",
    "KordinataX": 21.15691,
    "KordinataY": 42.66385,
    "Photo": ""
  },
  {
    "id": 410288,
    "Lloji": "Gjethërënës",
    "Lartesi": "I lartë (> 3m)",
    "Gjendja": "E mirë",
    "KordinataX": 21.15698,
    "KordinataY": 42.66385,
    "Photo": ""
  },
  {
    "id": 410289,
    "Lloji": "Gjethërënës",
    "Lartesi": "I lartë (> 3m)",
    "Gjendja": "E mirë",
    "KordinataX": 21.15712,
    "KordinataY": 42.66396,
    "Photo": ""
  },
  {
    "id": 410290,
    "Lloji": "Gjethërënës",
    "Lartesi": "I lartë (> 3m)",
    "Gjendja": "E mirë",
    "KordinataX": 21.15709,
    "KordinataY": 42.66391,
    "Photo": ""
  },
  {
    "id": 410291,
    "Lloji": "Gjethërënës",
    "Lartesi": "I lartë (> 3m)",
    "Gjendja": "E mirë",
    "KordinataX": 21.15702,
    "KordinataY": 42.66388,
    "Photo": ""
  },
  {
    "id": 410292,
    "Lloji": "Gjethërënës",
    "Lartesi": "I lartë (> 3m)",
    "Gjendja": "E mirë",
    "KordinataX": 21.1568,
    "KordinataY": 42.66387,
    "Photo": ""
  },
  {
    "id": 410293,
    "Lloji": "Gjethërënës",
    "Lartesi": "I lartë (> 3m)",
    "Gjendja": "E mirë",
    "KordinataX": 21.15674,
    "KordinataY": 42.66388,
    "Photo": ""
  },
  {
    "id": 410294,
    "Lloji": "Gjethërënës",
    "Lartesi": "I lartë (> 3m)",
    "Gjendja": "E mirë",
    "KordinataX": 21.15669,
    "KordinataY": 42.66389,
    "Photo": ""
  },
  {
    "id": 410295,
    "Lloji": "Gjethërënës",
    "Lartesi": "I lartë (> 3m)",
    "Gjendja": "E mirë",
    "KordinataX": 21.15664,
    "KordinataY": 42.66386,
    "Photo": ""
  },
  {
    "id": 410296,
    "Lloji": "Gjethëmbajtës",
    "Lartesi": "I lartë (> 3m)",
    "Gjendja": "E mirë",
    "KordinataX": 21.15683,
    "KordinataY": 42.66394,
    "Photo": ""
  },
  {
    "id": 410297,
    "Lloji": "Gjethëmbajtës",
    "Lartesi": "I lartë (> 3m)",
    "Gjendja": "E mirë",
    "KordinataX": 21.15682,
    "KordinataY": 42.66398,
    "Photo": ""
  },
  {
    "id": 410298,
    "Lloji": "Gjethëmbajtës",
    "Lartesi": "I lartë (> 3m)",
    "Gjendja": "E mirë",
    "KordinataX": 21.15691,
    "KordinataY": 42.664,
    "Photo": ""
  },
  {
    "id": 410299,
    "Lloji": "Gjethëmbajtës",
    "Lartesi": "I lartë (> 3m)",
    "Gjendja": "E mirë",
    "KordinataX": 21.15685,
    "KordinataY": 42.66402,
    "Photo": ""
  }
]