[
  {
    "id": 420001,
    "Lloji": "Gjethërënës",
    "Lartesi": "I lartë (> 3m)",
    "Gjendja": "E mirë",
    "KordinataX": 21.15929,
    "KordinataY": 42.66147,
    "Photo": ""
  },
  {
    "id": 420002,
    "Lloji": "Gjethërënës",
    "Lartesi": "I mesëm (1 - 3m)",
    "Gjendja": "E mirë",
    "KordinataX": 21.15932,
    "KordinataY": 42.66148,
    "Photo": ""
  },
  {
    "id": 420003,
    "Lloji": "Gjethërënës",
    "Lartesi": "I lartë (> 3m)",
    "Gjendja": "E mirë",
    "KordinataX": 21.15934,
    "KordinataY": 42.66151,
    "Photo": ""
  },
  {
    "id": 420004,
    "Lloji": "Gjethërënës",
    "Lartesi": "I lartë (> 3m)",
    "Gjendja": "E mirë",
    "KordinataX": 21.15934,
    "KordinataY": 42.66153,
    "Photo": ""
  },
  {
    "id": 420005,
    "Lloji": "Gjethërënës",
    "Lartesi": "I lartë (> 3m)",
    "Gjendja": "E mirë",
    "KordinataX": 21.15936,
    "KordinataY": 42.66155,
    "Photo": ""
  },
  {
    "id": 420006,
    "Lloji": "Gjethërënës",
    "Lartesi": "I lartë (> 3m)",
    "Gjendja": "E mirë",
    "KordinataX": 21.15934,
    "KordinataY": 42.66159,
    "Photo": ""
  },
  {
    "id": 420007,
    "Lloji": "Gjethërënës",
    "Lartesi": "I lartë (> 3m)",
    "Gjendja": "E mirë",
    "KordinataX": 21.15923,
    "KordinataY": 42.66148,
    "Photo": ""
  },
  {
    "id": 420008,
    "Lloji": "Gjethërënës",
    "Lartesi": "I lartë (> 3m)",
    "Gjendja": "E mirë",
    "KordinataX": 21.15918,
    "KordinataY": 42.6615,
    "Photo": ""
  },
  {
    "id": 420009,
    "Lloji": "Gjethërënës",
    "Lartesi": "I lartë (> 3m)",
    "Gjendja": "E mirë",
    "KordinataX": 21.15919,
    "KordinataY": 42.66167,
    "Photo": ""
  },
  {
    "id": 420010,
    "Lloji": "Gjethërënës",
    "Lartesi": "I lartë (> 3m)",
    "Gjendja": "E mirë",
    "KordinataX": 21.15924,
    "KordinataY": 42.66166,
    "Photo": ""
  },
  {
    "id": 420011,
    "Lloji": "Gjethërënës",
    "Lartesi": "I lartë (> 3m)",
    "Gjendja": "E mirë",
    "KordinataX": 21.15929,
    "KordinataY": 42.66164,
    "Photo": ""
  },
  {
    "id": 420012,
    "Lloji": "Gjethëmbajtës",
    "Lartesi": "I ulët (< 1m)",
    "Gjendja": "E mirë",
    "KordinataX": 21.15935,
    "KordinataY": 42.66162,
    "Photo": ""
  },
  {
    "id": 420013,
    "Lloji": "Gjethëmbajtës",
    "Lartesi": "I ulët (< 1m)",
    "Gjendja": "E mirë",
    "KordinataX": 21.15935,
    "KordinataY": 42.66161,
    "Photo": ""
  },
  {
    "id": 420014,
    "Lloji": "Gjethëmbajtës",
    "Lartesi": "I ulët (< 1m)",
    "Gjendja": "E mirë",
    "KordinataX": 21.15935,
    "KordinataY": 42.66155,
    "Photo": ""
  },
  {
    "id": 420015,
    "Lloji": "Gjethëmbajtës",
    "Lartesi": "I ulët (< 1m)",
    "Gjendja": "E mirë",
    "KordinataX": 21.15934,
    "KordinataY": 42.66152,
    "Photo": ""
  },
  {
    "id": 420016,
    "Lloji": "Gjethëmbajtës",
    "Lartesi": "I ulët (< 1m)",
    "Gjendja": "E mirë",
    "KordinataX": 21.15932,
    "KordinataY": 42.66149,
    "Photo": ""
  },
  {
    "id": 420017,
    "Lloji": "Gjethëmbajtës",
    "Lartesi": "I ulët (< 1m)",
    "Gjendja": "E mirë",
    "KordinataX": 21.15924,
    "KordinataY": 42.66148,
    "Photo": ""
  },
  {
    "id": 420018,
    "Lloji": "Gjethëmbajtës",
    "Lartesi": "I ulët (< 1m)",
    "Gjendja": "E mirë",
    "KordinataX": 21.15925,
    "KordinataY": 42.66146,
    "Photo": ""
  },
  {
    "id": 420019,
    "Lloji": "Gjethëmbajtës",
    "Lartesi": "I ulët (< 1m)",
    "Gjendja": "E mirë",
    "KordinataX": 21.15927,
    "KordinataY": 42.66145,
    "Photo": ""
  },
  {
    "id": 420021,
    "Lloji": "Gjethërënës",
    "Lartesi": "I lartë (> 3m)",
    "Gjendja": "E mirë",
    "KordinataX": 21.15944,
    "KordinataY": 42.66162,
    "Photo": ""
  },
  {
    "id": 420022,
    "Lloji": "Gjethërënës",
    "Lartesi": "I lartë (> 3m)",
    "Gjendja": "E mirë",
    "KordinataX": 21.15943,
    "KordinataY": 42.66159,
    "Photo": ""
  },
  {
    "id": 420026,
    "Lloji": "Gjethërënës",
    "Lartesi": "I mesëm (1 - 3m)",
    "Gjendja": "E mirë",
    "KordinataX": 21.15948,
    "KordinataY": 42.6617,
    "Photo": ""
  },
  {
    "id": 420027,
    "Lloji": "Gjethërënës",
    "Lartesi": "I mesëm (1 - 3m)",
    "Gjendja": "E mirë",
    "KordinataX": 21.15951,
    "KordinataY": 42.66175,
    "Photo": ""
  },
  {
    "id": 420028,
    "Lloji": "Gjethërënës",
    "Lartesi": "I mesëm (1 - 3m)",
    "Gjendja": "E mirë",
    "KordinataX": 21.15953,
    "KordinataY": 42.66179,
    "Photo": ""
  },
  {
    "id": 420029,
    "Lloji": "Gjethërënës",
    "Lartesi": "I mesëm (1 - 3m)",
    "Gjendja": "E mirë",
    "KordinataX": 21.15955,
    "KordinataY": 42.66183,
    "Photo": ""
  },
  {
    "id": 420029,
    "Lloji": "Gjethërënës",
    "Lartesi": "I mesëm (1 - 3m)",
    "Gjendja": "E mirë",
    "KordinataX": 21.1596,
    "KordinataY": 42.66192,
    "Photo": ""
  },
  {
    "id": 420030,
    "Lloji": "Gjethërënës",
    "Lartesi": "I mesëm (1 - 3m)",
    "Gjendja": "E mirë",
    "KordinataX": 21.15963,
    "KordinataY": 42.66198,
    "Photo": ""
  },
  {
    "id": 420031,
    "Lloji": "Gjethërënës",
    "Lartesi": "I mesëm (1 - 3m)",
    "Gjendja": "E mirë",
    "KordinataX": 21.15965,
    "KordinataY": 42.66203,
    "Photo": ""
  },
  {
    "id": 420032,
    "Lloji": "Gjethërënës",
    "Lartesi": "I mesëm (1 - 3m)",
    "Gjendja": "E mirë",
    "KordinataX": 21.15968,
    "KordinataY": 42.66207,
    "Photo": ""
  },
  {
    "id": 420032,
    "Lloji": "Gjethërënës",
    "Lartesi": "I mesëm (1 - 3m)",
    "Gjendja": "E mirë",
    "KordinataX": 21.1594,
    "KordinataY": 42.66182,
    "Photo": ""
  },
  {
    "id": 420033,
    "Lloji": "Gjethërënës",
    "Lartesi": "I lartë (> 3m)",
    "Gjendja": "E mirë",
    "KordinataX": 21.15949,
    "KordinataY": 42.66183,
    "Photo": ""
  },
  {
    "id": 420034,
    "Lloji": "Gjethërënës",
    "Lartesi": "I lartë (> 3m)",
    "Gjendja": "E mirë",
    "KordinataX": 21.1595,
    "KordinataY": 42.66186,
    "Photo": ""
  },
  {
    "id": 420035,
    "Lloji": "Gjethërënës",
    "Lartesi": "I mesëm (1 - 3m)",
    "Gjendja": "E mirë",
    "KordinataX": 21.1594,
    "KordinataY": 42.66191,
    "Photo": ""
  },
  {
    "id": 420036,
    "Lloji": "Gjethërënës",
    "Lartesi": "I lartë (> 3m)",
    "Gjendja": "E mirë",
    "KordinataX": 21.15938,
    "KordinataY": 42.66192,
    "Photo": ""
  },
  {
    "id": 420037,
    "Lloji": "Gjethërënës",
    "Lartesi": "I lartë (> 3m)",
    "Gjendja": "E mirë",
    "KordinataX": 21.15943,
    "KordinataY": 42.66197,
    "Photo": ""
  },
  {
    "id": 420038,
    "Lloji": "Gjethërënës",
    "Lartesi": "I ulët (< 1m)",
    "Gjendja": "E mirë",
    "KordinataX": 21.15946,
    "KordinataY": 42.66197,
    "Photo": ""
  },
  {
    "id": 420039,
    "Lloji": "Gjethëmbajtës",
    "Lartesi": "I ulët (< 1m)",
    "Gjendja": "E mirë",
    "KordinataX": 21.15945,
    "KordinataY": 42.66197,
    "Photo": ""
  },
  {
    "id": 420040,
    "Lloji": "Gjethërënës",
    "Lartesi": "I lartë (> 3m)",
    "Gjendja": "E mirë",
    "KordinataX": 21.15945,
    "KordinataY": 42.66207,
    "Photo": ""
  },
  {
    "id": 420041,
    "Lloji": "Gjethëmbajtës",
    "Lartesi": "I lartë (> 3m)",
    "Gjendja": "E mirë",
    "KordinataX": 21.15946,
    "KordinataY": 42.66208,
    "Photo": ""
  },
  {
    "id": 420042,
    "Lloji": "Gjethërënës",
    "Lartesi": "I lartë (> 3m)",
    "Gjendja": "E mirë",
    "KordinataX": 21.1596,
    "KordinataY": 42.66225,
    "Photo": ""
  },
  {
    "id": 420043,
    "Lloji": "Gjethërënës",
    "Lartesi": "I lartë (> 3m)",
    "Gjendja": "E mirë",
    "KordinataX": 21.15959,
    "KordinataY": 42.66218,
    "Photo": ""
  },
  {
    "id": 420044,
    "Lloji": "Gjethëmbajtës",
    "Lartesi": "I mesëm (1 - 3m)",
    "Gjendja": "E mirë",
    "KordinataX": 21.15964,
    "KordinataY": 42.66224,
    "Photo": ""
  },
  {
    "id": 420045,
    "Lloji": "Gjethërënës",
    "Lartesi": "I lartë (> 3m)",
    "Gjendja": "E mirë",
    "KordinataX": 21.15968,
    "KordinataY": 42.6622,
    "Photo": ""
  },
  {
    "id": 420046,
    "Lloji": "Gjethërënës",
    "Lartesi": "I lartë (> 3m)",
    "Gjendja": "E mirë",
    "KordinataX": 21.15963,
    "KordinataY": 42.66209,
    "Photo": ""
  },
  {
    "id": 420048,
    "Lloji": "Gjethërënës",
    "Lartesi": "I lartë (> 3m)",
    "Gjendja": "E mirë",
    "KordinataX": 21.15966,
    "KordinataY": 42.66215,
    "Photo": ""
  },
  {
    "id": 420047,
    "Lloji": "Gjethërënës",
    "Lartesi": "I lartë (> 3m)",
    "Gjendja": "E mirë",
    "KordinataX": 21.15955,
    "KordinataY": 42.66194,
    "Photo": ""
  },
  {
    "id": 420049,
    "Lloji": "Gjethërënës",
    "Lartesi": "I lartë (> 3m)",
    "Gjendja": "E mirë",
    "KordinataX": 21.15958,
    "KordinataY": 42.66199,
    "Photo": ""
  },
  {
    "id": 420050,
    "Lloji": "Gjethërënës",
    "Lartesi": "I lartë (> 3m)",
    "Gjendja": "E mirë",
    "KordinataX": 21.1596,
    "KordinataY": 42.66204,
    "Photo": ""
  },
  {
    "id": 420051,
    "Lloji": "Gjethërënës",
    "Lartesi": "I lartë (> 3m)",
    "Gjendja": "E mirë",
    "KordinataX": 21.15944,
    "KordinataY": 42.66231,
    "Photo": ""
  },
  {
    "id": 420052,
    "Lloji": "Gjethërënës",
    "Lartesi": "I lartë (> 3m)",
    "Gjendja": "E mirë",
    "KordinataX": 21.15945,
    "KordinataY": 42.66232,
    "Photo": ""
  },
  {
    "id": 420053,
    "Lloji": "Gjethërënës",
    "Lartesi": "I mesëm (1 - 3m)",
    "Gjendja": "E mirë",
    "KordinataX": 21.15947,
    "KordinataY": 42.66233,
    "Photo": ""
  },
  {
    "id": 420054,
    "Lloji": "Gjethërënës",
    "Lartesi": "I mesëm (1 - 3m)",
    "Gjendja": "E mirë",
    "KordinataX": 21.15949,
    "KordinataY": 42.66232,
    "Photo": ""
  },
  {
    "id": 420055,
    "Lloji": "Gjethërënës",
    "Lartesi": "I mesëm (1 - 3m)",
    "Gjendja": "E mirë",
    "KordinataX": 21.15951,
    "KordinataY": 42.66232,
    "Photo": ""
  },
  {
    "id": 420056,
    "Lloji": "Gjethërënës",
    "Lartesi": "I mesëm (1 - 3m)",
    "Gjendja": "E mirë",
    "KordinataX": 21.15953,
    "KordinataY": 42.66231,
    "Photo": ""
  },
  {
    "id": 420057,
    "Lloji": "Gjethërënës",
    "Lartesi": "I mesëm (1 - 3m)",
    "Gjendja": "E mirë",
    "KordinataX": 21.15963,
    "KordinataY": 42.6623,
    "Photo": ""
  },
  {
    "id": 420058,
    "Lloji": "Gjethërënës",
    "Lartesi": "I lartë (> 3m)",
    "Gjendja": "E mirë",
    "KordinataX": 21.15967,
    "KordinataY": 42.66233,
    "Photo": ""
  },
  {
    "id": 420059,
    "Lloji": "Gjethëmbajtës",
    "Lartesi": "I mesëm (1 - 3m)",
    "Gjendja": "E mirë",
    "KordinataX": 21.1597,
    "KordinataY": 42.66232,
    "Photo": ""
  },
  {
    "id": 420061,
    "Lloji": "Gjethëmbajtës",
    "Lartesi": "I mesëm (1 - 3m)",
    "Gjendja": "E mirë",
    "KordinataX": 21.15972,
    "KordinataY": 42.66231,
    "Photo": ""
  },
  {
    "id": 420060,
    "Lloji": "Gjethëmbajtës",
    "Lartesi": "I mesëm (1 - 3m)",
    "Gjendja": "E mirë",
    "KordinataX": 21.15973,
    "KordinataY": 42.66233,
    "Photo": ""
  },
  {
    "id": 420062,
    "Lloji": "Gjethëmbajtës",
    "Lartesi": "I lartë (> 3m)",
    "Gjendja": "E mirë",
    "KordinataX": 21.1597,
    "KordinataY": 42.66238,
    "Photo": ""
  },
  {
    "id": 420063,
    "Lloji": "Gjethëmbajtës",
    "Lartesi": "I mesëm (1 - 3m)",
    "Gjendja": "E mirë",
    "KordinataX": 21.15971,
    "KordinataY": 42.66239,
    "Photo": ""
  },
  {
    "id": 420065,
    "Lloji": "Gjethërënës",
    "Lartesi": "I lartë (> 3m)",
    "Gjendja": "E mirë",
    "KordinataX": 21.15978,
    "KordinataY": 42.66226,
    "Photo": ""
  },
  {
    "id": 420066,
    "Lloji": "Gjethërënës",
    "Lartesi": "I lartë (> 3m)",
    "Gjendja": "E mirë",
    "KordinataX": 21.1598,
    "KordinataY": 42.6623,
    "Photo": ""
  },
  {
    "id": 420067,
    "Lloji": "Gjethërënës",
    "Lartesi": "I lartë (> 3m)",
    "Gjendja": "E mirë",
    "KordinataX": 21.15975,
    "KordinataY": 42.66221,
    "Photo": ""
  },
  {
    "id": 420068,
    "Lloji": "Gjethërënës",
    "Lartesi": "I lartë (> 3m)",
    "Gjendja": "E mirë",
    "KordinataX": 21.15982,
    "KordinataY": 42.66247,
    "Photo": ""
  },
  {
    "id": 420069,
    "Lloji": "Gjethërënës",
    "Lartesi": "I lartë (> 3m)",
    "Gjendja": "E mirë",
    "KordinataX": 21.15984,
    "KordinataY": 42.6625,
    "Photo": ""
  },
  {
    "id": 420070,
    "Lloji": "Gjethërënës",
    "Lartesi": "I mesëm (1 - 3m)",
    "Gjendja": "E mirë",
    "KordinataX": 21.15987,
    "KordinataY": 42.66243,
    "Photo": ""
  },
  {
    "id": 420071,
    "Lloji": "Gjethërënës",
    "Lartesi": "I mesëm (1 - 3m)",
    "Gjendja": "E mirë",
    "KordinataX": 21.1599,
    "KordinataY": 42.66248,
    "Photo": ""
  },
  {
    "id": 420072,
    "Lloji": "Gjethërënës",
    "Lartesi": "I mesëm (1 - 3m)",
    "Gjendja": "E mirë",
    "KordinataX": 21.15992,
    "KordinataY": 42.66254,
    "Photo": ""
  },
  {
    "id": 420073,
    "Lloji": "Gjethërënës",
    "Lartesi": "I mesëm (1 - 3m)",
    "Gjendja": "E mirë",
    "KordinataX": 21.15994,
    "KordinataY": 42.66258,
    "Photo": ""
  },
  {
    "id": 420074,
    "Lloji": "Gjethërënës",
    "Lartesi": "I mesëm (1 - 3m)",
    "Gjendja": "E mirë",
    "KordinataX": 21.16001,
    "KordinataY": 42.66271,
    "Photo": ""
  },
  {
    "id": 420075,
    "Lloji": "Gjethërënës",
    "Lartesi": "I mesëm (1 - 3m)",
    "Gjendja": "E mirë",
    "KordinataX": 21.16003,
    "KordinataY": 42.66274,
    "Photo": ""
  },
  {
    "id": 420076,
    "Lloji": "Gjethërënës",
    "Lartesi": "I mesëm (1 - 3m)",
    "Gjendja": "E mirë",
    "KordinataX": 21.16005,
    "KordinataY": 42.66278,
    "Photo": ""
  },
  {
    "id": 420077,
    "Lloji": "Gjethërënës",
    "Lartesi": "I mesëm (1 - 3m)",
    "Gjendja": "E mirë",
    "KordinataX": 21.16008,
    "KordinataY": 42.66284,
    "Photo": ""
  },
  {
    "id": 420084,
    "Lloji": "Gjethërënës",
    "Lartesi": "I mesëm (1 - 3m)",
    "Gjendja": "E mirë",
    "KordinataX": 21.16013,
    "KordinataY": 42.66293,
    "Photo": ""
  },
  {
    "id": 420085,
    "Lloji": "Gjethërënës",
    "Lartesi": "I mesëm (1 - 3m)",
    "Gjendja": "E mirë",
    "KordinataX": 21.16016,
    "KordinataY": 42.66298,
    "Photo": ""
  },
  {
    "id": 420086,
    "Lloji": "Gjethërënës",
    "Lartesi": "I mesëm (1 - 3m)",
    "Gjendja": "E mirë",
    "KordinataX": 21.16018,
    "KordinataY": 42.66303,
    "Photo": ""
  },
  {
    "id": 420087,
    "Lloji": "Gjethërënës",
    "Lartesi": "I mesëm (1 - 3m)",
    "Gjendja": "E mirë",
    "KordinataX": 21.16021,
    "KordinataY": 42.66307,
    "Photo": ""
  },
  {
    "id": 420088,
    "Lloji": "Gjethërënës",
    "Lartesi": "I lartë (> 3m)",
    "Gjendja": "E mirë",
    "KordinataX": 21.16025,
    "KordinataY": 42.66326,
    "Photo": ""
  },
  {
    "id": 420089,
    "Lloji": "Gjethërënës",
    "Lartesi": "I lartë (> 3m)",
    "Gjendja": "E mirë",
    "KordinataX": 21.16023,
    "KordinataY": 42.66321,
    "Photo": ""
  },
  {
    "id": 420090,
    "Lloji": "Gjethërënës",
    "Lartesi": "I lartë (> 3m)",
    "Gjendja": "E mirë",
    "KordinataX": 21.1602,
    "KordinataY": 42.66316,
    "Photo": ""
  },
  {
    "id": 420091,
    "Lloji": "Gjethëmbajtës",
    "Lartesi": "I ulët (< 1m)",
    "Gjendja": "E mirë",
    "KordinataX": 21.1602,
    "KordinataY": 42.66319,
    "Photo": ""
  },
  {
    "id": 420092,
    "Lloji": "Gjethëmbajtës",
    "Lartesi": "I ulët (< 1m)",
    "Gjendja": "E mirë",
    "KordinataX": 21.16023,
    "KordinataY": 42.66325,
    "Photo": ""
  },
  {
    "id": 420093,
    "Lloji": "Gjethërënës",
    "Lartesi": "I mesëm (1 - 3m)",
    "Gjendja": "E mirë",
    "KordinataX": 21.16028,
    "KordinataY": 42.66337,
    "Photo": ""
  },
  {
    "id": 420094,
    "Lloji": "Gjethëmbajtës",
    "Lartesi": "I ulët (< 1m)",
    "Gjendja": "E mirë",
    "KordinataX": 21.16028,
    "KordinataY": 42.66334,
    "Photo": ""
  },
  {
    "id": 420095,
    "Lloji": "Gjethëmbajtës",
    "Lartesi": "I ulët (< 1m)",
    "Gjendja": "E mirë",
    "KordinataX": 21.16029,
    "KordinataY": 42.66336,
    "Photo": ""
  },
  {
    "id": 420096,
    "Lloji": "Gjethërënës",
    "Lartesi": "I lartë (> 3m)",
    "Gjendja": "E mirë",
    "KordinataX": 21.16025,
    "KordinataY": 42.66336,
    "Photo": ""
  },
  {
    "id": 420097,
    "Lloji": "Gjethërënës",
    "Lartesi": "I lartë (> 3m)",
    "Gjendja": "E mirë",
    "KordinataX": 21.16029,
    "KordinataY": 42.66332,
    "Photo": ""
  },
  {
    "id": 420098,
    "Lloji": "Gjethërënës",
    "Lartesi": "I lartë (> 3m)",
    "Gjendja": "E mirë",
    "KordinataX": 21.16031,
    "KordinataY": 42.66336,
    "Photo": ""
  },
  {
    "id": 420099,
    "Lloji": "Gjethërënës",
    "Lartesi": "I mesëm (1 - 3m)",
    "Gjendja": "E mirë",
    "KordinataX": 21.16025,
    "KordinataY": 42.66318,
    "Photo": ""
  },
  {
    "id": 420100,
    "Lloji": "Gjethërënës",
    "Lartesi": "I mesëm (1 - 3m)",
    "Gjendja": "E mirë",
    "KordinataX": 21.16028,
    "KordinataY": 42.66322,
    "Photo": ""
  },
  {
    "id": 420101,
    "Lloji": "Gjethërënës",
    "Lartesi": "I mesëm (1 - 3m)",
    "Gjendja": "E mirë",
    "KordinataX": 21.16031,
    "KordinataY": 42.66326,
    "Photo": ""
  },
  {
    "id": 420102,
    "Lloji": "Gjethërënës",
    "Lartesi": "I mesëm (1 - 3m)",
    "Gjendja": "E mirë",
    "KordinataX": 21.16033,
    "KordinataY": 42.66332,
    "Photo": ""
  },
  {
    "id": 420103,
    "Lloji": "Gjethërënës",
    "Lartesi": "I mesëm (1 - 3m)",
    "Gjendja": "E mirë",
    "KordinataX": 21.16042,
    "KordinataY": 42.6635,
    "Photo": ""
  },
  {
    "id": 420104,
    "Lloji": "Gjethërënës",
    "Lartesi": "I mesëm (1 - 3m)",
    "Gjendja": "E mirë",
    "KordinataX": 21.16045,
    "KordinataY": 42.66356,
    "Photo": ""
  },
  {
    "id": 420106,
    "Lloji": "Gjethërënës",
    "Lartesi": "I mesëm (1 - 3m)",
    "Gjendja": "E mirë",
    "KordinataX": 21.16023,
    "KordinataY": 42.66379,
    "Photo": ""
  },
  {
    "id": 420107,
    "Lloji": "Gjethërënës",
    "Lartesi": "I lartë (> 3m)",
    "Gjendja": "E mirë",
    "KordinataX": 21.16008,
    "KordinataY": 42.66372,
    "Photo": ""
  },
  {
    "id": 420108,
    "Lloji": "Gjethërënës",
    "Lartesi": "I lartë (> 3m)",
    "Gjendja": "E mirë",
    "KordinataX": 21.15987,
    "KordinataY": 42.66335,
    "Photo": ""
  },
  {
    "id": 420109,
    "Lloji": "Gjethërënës",
    "Lartesi": "I lartë (> 3m)",
    "Gjendja": "E mirë",
    "KordinataX": 21.15978,
    "KordinataY": 42.66337,
    "Photo": ""
  },
  {
    "id": 420110,
    "Lloji": "Gjethëmbajtës",
    "Lartesi": "I lartë (> 3m)",
    "Gjendja": "E mirë",
    "KordinataX": 21.15987,
    "KordinataY": 42.66332,
    "Photo": ""
  },
  {
    "id": 420114,
    "Lloji": "Gjethërënës",
    "Lartesi": "I lartë (> 3m)",
    "Gjendja": "E mirë",
    "KordinataX": 21.16015,
    "KordinataY": 42.66394,
    "Photo": ""
  },
  {
    "id": 420115,
    "Lloji": "Gjethërënës",
    "Lartesi": "I lartë (> 3m)",
    "Gjendja": "E mirë",
    "KordinataX": 21.16004,
    "KordinataY": 42.66397,
    "Photo": ""
  },
  {
    "id": 420116,
    "Lloji": "Gjethërënës",
    "Lartesi": "I lartë (> 3m)",
    "Gjendja": "E mirë",
    "KordinataX": 21.15999,
    "KordinataY": 42.66398,
    "Photo": ""
  },
  {
    "id": 420117,
    "Lloji": "Gjethërënës",
    "Lartesi": "I lartë (> 3m)",
    "Gjendja": "E mirë",
    "KordinataX": 21.15993,
    "KordinataY": 42.664,
    "Photo": ""
  },
  {
    "id": 420118,
    "Lloji": "Gjethërënës",
    "Lartesi": "I lartë (> 3m)",
    "Gjendja": "E mirë",
    "KordinataX": 21.15987,
    "KordinataY": 42.66403,
    "Photo": ""
  },
  {
    "id": 420119,
    "Lloji": "Gjethërënës",
    "Lartesi": "I lartë (> 3m)",
    "Gjendja": "E mirë",
    "KordinataX": 21.15978,
    "KordinataY": 42.66406,
    "Photo": ""
  },
  {
    "id": 420120,
    "Lloji": "Gjethërënës",
    "Lartesi": "I lartë (> 3m)",
    "Gjendja": "E mirë",
    "KordinataX": 21.15972,
    "KordinataY": 42.66408,
    "Photo": ""
  },
  {
    "id": 420121,
    "Lloji": "Gjethërënës",
    "Lartesi": "I lartë (> 3m)",
    "Gjendja": "E mirë",
    "KordinataX": 21.15969,
    "KordinataY": 42.66409,
    "Photo": ""
  },
  {
    "id": 420122,
    "Lloji": "Gjethërënës",
    "Lartesi": "I lartë (> 3m)",
    "Gjendja": "E mirë",
    "KordinataX": 21.15966,
    "KordinataY": 42.6641,
    "Photo": ""
  },
  {
    "id": 420123,
    "Lloji": "Gjethëmbajtës",
    "Lartesi": "I ulët (< 1m)",
    "Gjendja": "E mirë",
    "KordinataX": 21.15959,
    "KordinataY": 42.66406,
    "Photo": ""
  },
  {
    "id": 420124,
    "Lloji": "Gjethëmbajtës",
    "Lartesi": "I ulët (< 1m)",
    "Gjendja": "E mirë",
    "KordinataX": 21.15956,
    "KordinataY": 42.66407,
    "Photo": ""
  },
  {
    "id": 420125,
    "Lloji": "Gjethëmbajtës",
    "Lartesi": "I ulët (< 1m)",
    "Gjendja": "E mirë",
    "KordinataX": 21.15953,
    "KordinataY": 42.66407,
    "Photo": ""
  },
  {
    "id": 420126,
    "Lloji": "Gjethëmbajtës",
    "Lartesi": "I ulët (< 1m)",
    "Gjendja": "E mirë",
    "KordinataX": 21.15951,
    "KordinataY": 42.66408,
    "Photo": ""
  },
  {
    "id": 420128,
    "Lloji": "Gjethërënës",
    "Lartesi": "I lartë (> 3m)",
    "Gjendja": "E mirë",
    "KordinataX": 21.15952,
    "KordinataY": 42.66415,
    "Photo": ""
  },
  {
    "id": 420129,
    "Lloji": "Gjethërënës",
    "Lartesi": "I lartë (> 3m)",
    "Gjendja": "E mirë",
    "KordinataX": 21.15955,
    "KordinataY": 42.66413,
    "Photo": ""
  },
  {
    "id": 420130,
    "Lloji": "Gjethërënës",
    "Lartesi": "I lartë (> 3m)",
    "Gjendja": "E mirë",
    "KordinataX": 21.15958,
    "KordinataY": 42.66412,
    "Photo": ""
  },
  {
    "id": 420132,
    "Lloji": "Gjethërënës",
    "Lartesi": "I lartë (> 3m)",
    "Gjendja": "E mirë",
    "KordinataX": 21.15925,
    "KordinataY": 42.6642,
    "Photo": ""
  },
  {
    "id": 420133,
    "Lloji": "Gjethëmbajtës",
    "Lartesi": "I ulët (< 1m)",
    "Gjendja": "E mirë",
    "KordinataX": 21.15921,
    "KordinataY": 42.6642,
    "Photo": ""
  },
  {
    "id": 420134,
    "Lloji": "Gjethëmbajtës",
    "Lartesi": "I ulët (< 1m)",
    "Gjendja": "Jo e mirë",
    "KordinataX": 21.15919,
    "KordinataY": 42.66421,
    "Photo": ""
  },
  {
    "id": 420135,
    "Lloji": "Gjethërënës",
    "Lartesi": "I lartë (> 3m)",
    "Gjendja": "E mirë",
    "KordinataX": 21.15909,
    "KordinataY": 42.66423,
    "Photo": ""
  },
  {
    "id": 420137,
    "Lloji": "Gjethërënës",
    "Lartesi": "I lartë (> 3m)",
    "Gjendja": "E mirë",
    "KordinataX": 21.15896,
    "KordinataY": 42.66423,
    "Photo": ""
  },
  {
    "id": 420138,
    "Lloji": "Gjethërënës",
    "Lartesi": "I lartë (> 3m)",
    "Gjendja": "E mirë",
    "KordinataX": 21.15892,
    "KordinataY": 42.66426,
    "Photo": ""
  },
  {
    "id": 420139,
    "Lloji": "Gjethërënës",
    "Lartesi": "I ulët (< 1m)",
    "Gjendja": "E mirë",
    "KordinataX": 21.15901,
    "KordinataY": 42.66424,
    "Photo": ""
  },
  {
    "id": 420140,
    "Lloji": "Gjethërënës",
    "Lartesi": "I mesëm (1 - 3m)",
    "Gjendja": "E mirë",
    "KordinataX": 21.15903,
    "KordinataY": 42.66423,
    "Photo": ""
  },
  {
    "id": 420141,
    "Lloji": "Gjethëmbajtës",
    "Lartesi": "I ulët (< 1m)",
    "Gjendja": "E mirë",
    "KordinataX": 21.15905,
    "KordinataY": 42.66422,
    "Photo": ""
  },
  {
    "id": 420142,
    "Lloji": "Gjethërënës",
    "Lartesi": "I mesëm (1 - 3m)",
    "Gjendja": "E mirë",
    "KordinataX": 21.15907,
    "KordinataY": 42.66421,
    "Photo": ""
  },
  {
    "id": 420143,
    "Lloji": "Gjethërënës",
    "Lartesi": "I ulët (< 1m)",
    "Gjendja": "E mirë",
    "KordinataX": 21.15909,
    "KordinataY": 42.66421,
    "Photo": ""
  },
  {
    "id": 420144,
    "Lloji": "Gjethërënës",
    "Lartesi": "I lartë (> 3m)",
    "Gjendja": "E mirë",
    "KordinataX": 21.15897,
    "KordinataY": 42.66424,
    "Photo": ""
  },
  {
    "id": 420145,
    "Lloji": "Gjethëmbajtës",
    "Lartesi": "I ulët (< 1m)",
    "Gjendja": "E mirë",
    "KordinataX": 21.15895,
    "KordinataY": 42.66426,
    "Photo": ""
  },
  {
    "id": 420146,
    "Lloji": "Gjethëmbajtës",
    "Lartesi": "I ulët (< 1m)",
    "Gjendja": "E mirë",
    "KordinataX": 21.15896,
    "KordinataY": 42.66425,
    "Photo": ""
  },
  {
    "id": 420147,
    "Lloji": "Gjethëmbajtës",
    "Lartesi": "I ulët (< 1m)",
    "Gjendja": "E mirë",
    "KordinataX": 21.15897,
    "KordinataY": 42.66425,
    "Photo": ""
  },
  {
    "id": 420148,
    "Lloji": "Gjethëmbajtës",
    "Lartesi": "I ulët (< 1m)",
    "Gjendja": "E mirë",
    "KordinataX": 21.15894,
    "KordinataY": 42.66426,
    "Photo": ""
  },
  {
    "id": 420149,
    "Lloji": "Gjethëmbajtës",
    "Lartesi": "I ulët (< 1m)",
    "Gjendja": "E mirë",
    "KordinataX": 21.15896,
    "KordinataY": 42.66425,
    "Photo": ""
  },
  {
    "id": 420150,
    "Lloji": "Gjethëmbajtës",
    "Lartesi": "I ulët (< 1m)",
    "Gjendja": "E mirë",
    "KordinataX": 21.15893,
    "KordinataY": 42.66426,
    "Photo": ""
  },
  {
    "id": 420151,
    "Lloji": "Gjethëmbajtës",
    "Lartesi": "I ulët (< 1m)",
    "Gjendja": "E mirë",
    "KordinataX": 21.15893,
    "KordinataY": 42.66426,
    "Photo": ""
  },
  {
    "id": 420152,
    "Lloji": "Gjethëmbajtës",
    "Lartesi": "I ulët (< 1m)",
    "Gjendja": "E mirë",
    "KordinataX": 21.15892,
    "KordinataY": 42.66426,
    "Photo": ""
  },
  {
    "id": 420149,
    "Lloji": "Gjethëmbajtës",
    "Lartesi": "I ulët (< 1m)",
    "Gjendja": "E mirë",
    "KordinataX": 21.15883,
    "KordinataY": 42.66429,
    "Photo": ""
  },
  {
    "id": 420155,
    "Lloji": "Gjethërënës",
    "Lartesi": "I lartë (> 3m)",
    "Gjendja": "E mirë",
    "KordinataX": 21.15893,
    "KordinataY": 42.66425,
    "Photo": ""
  },
  {
    "id": 420156,
    "Lloji": "Gjethërënës",
    "Lartesi": "I lartë (> 3m)",
    "Gjendja": "E mirë",
    "KordinataX": 21.15894,
    "KordinataY": 42.66425,
    "Photo": ""
  },
  {
    "id": 420157,
    "Lloji": "Gjethërënës",
    "Lartesi": "I lartë (> 3m)",
    "Gjendja": "E mirë",
    "KordinataX": 21.1589,
    "KordinataY": 42.66427,
    "Photo": ""
  },
  {
    "id": 420158,
    "Lloji": "Gjethërënës",
    "Lartesi": "I lartë (> 3m)",
    "Gjendja": "E mirë",
    "KordinataX": 21.15886,
    "KordinataY": 42.66427,
    "Photo": ""
  },
  {
    "id": 420159,
    "Lloji": "Gjethëmbajtës",
    "Lartesi": "I mesëm (1 - 3m)",
    "Gjendja": "E mirë",
    "KordinataX": 21.15889,
    "KordinataY": 42.66427,
    "Photo": ""
  },
  {
    "id": 420160,
    "Lloji": "Gjethëmbajtës",
    "Lartesi": "I ulët (< 1m)",
    "Gjendja": "E mirë",
    "KordinataX": 21.15888,
    "KordinataY": 42.66427,
    "Photo": ""
  },
  {
    "id": 420161,
    "Lloji": "Gjethëmbajtës",
    "Lartesi": "I ulët (< 1m)",
    "Gjendja": "E mirë",
    "KordinataX": 21.15887,
    "KordinataY": 42.66427,
    "Photo": ""
  },
  {
    "id": 420162,
    "Lloji": "Gjethëmbajtës",
    "Lartesi": "I ulët (< 1m)",
    "Gjendja": "E mirë",
    "KordinataX": 21.15887,
    "KordinataY": 42.66427,
    "Photo": ""
  },
  {
    "id": 420165,
    "Lloji": "Gjethëmbajtës",
    "Lartesi": "I ulët (< 1m)",
    "Gjendja": "E mirë",
    "KordinataX": 21.15886,
    "KordinataY": 42.66428,
    "Photo": ""
  },
  {
    "id": 420166,
    "Lloji": "Gjethëmbajtës",
    "Lartesi": "I ulët (< 1m)",
    "Gjendja": "E mirë",
    "KordinataX": 21.15884,
    "KordinataY": 42.66428,
    "Photo": ""
  },
  {
    "id": 420168,
    "Lloji": "Gjethëmbajtës",
    "Lartesi": "I ulët (< 1m)",
    "Gjendja": "E mirë",
    "KordinataX": 21.1588,
    "KordinataY": 42.66429,
    "Photo": ""
  },
  {
    "id": 420169,
    "Lloji": "Gjethëmbajtës",
    "Lartesi": "I ulët (< 1m)",
    "Gjendja": "E mirë",
    "KordinataX": 21.1587,
    "KordinataY": 42.6642,
    "Photo": ""
  },
  {
    "id": 420170,
    "Lloji": "Gjethëmbajtës",
    "Lartesi": "I ulët (< 1m)",
    "Gjendja": "E mirë",
    "KordinataX": 21.15871,
    "KordinataY": 42.6642,
    "Photo": ""
  },
  {
    "id": 420171,
    "Lloji": "Gjethëmbajtës",
    "Lartesi": "I ulët (< 1m)",
    "Gjendja": "E mirë",
    "KordinataX": 21.15871,
    "KordinataY": 42.66421,
    "Photo": ""
  },
  {
    "id": 420172,
    "Lloji": "Gjethëmbajtës",
    "Lartesi": "I ulët (< 1m)",
    "Gjendja": "E mirë",
    "KordinataX": 21.15871,
    "KordinataY": 42.66421,
    "Photo": ""
  },
  {
    "id": 420173,
    "Lloji": "Gjethëmbajtës",
    "Lartesi": "I ulët (< 1m)",
    "Gjendja": "E mirë",
    "KordinataX": 21.15872,
    "KordinataY": 42.66421,
    "Photo": ""
  },
  {
    "id": 420174,
    "Lloji": "Gjethëmbajtës",
    "Lartesi": "I ulët (< 1m)",
    "Gjendja": "E mirë",
    "KordinataX": 21.15872,
    "KordinataY": 42.66422,
    "Photo": ""
  },
  {
    "id": 420175,
    "Lloji": "Gjethëmbajtës",
    "Lartesi": "I ulët (< 1m)",
    "Gjendja": "E mirë",
    "KordinataX": 21.15872,
    "KordinataY": 42.66422,
    "Photo": ""
  },
  {
    "id": 420176,
    "Lloji": "Gjethëmbajtës",
    "Lartesi": "I ulët (< 1m)",
    "Gjendja": "E mirë",
    "KordinataX": 21.15872,
    "KordinataY": 42.66422,
    "Photo": ""
  },
  {
    "id": 420177,
    "Lloji": "Gjethëmbajtës",
    "Lartesi": "I ulët (< 1m)",
    "Gjendja": "E mirë",
    "KordinataX": 21.15873,
    "KordinataY": 42.66422,
    "Photo": ""
  },
  {
    "id": 420178,
    "Lloji": "Gjethëmbajtës",
    "Lartesi": "I ulët (< 1m)",
    "Gjendja": "E mirë",
    "KordinataX": 21.15873,
    "KordinataY": 42.66423,
    "Photo": ""
  },
  {
    "id": 420179,
    "Lloji": "Gjethëmbajtës",
    "Lartesi": "I ulët (< 1m)",
    "Gjendja": "E mirë",
    "KordinataX": 21.15873,
    "KordinataY": 42.66423,
    "Photo": ""
  },
  {
    "id": 420180,
    "Lloji": "Gjethëmbajtës",
    "Lartesi": "I ulët (< 1m)",
    "Gjendja": "E mirë",
    "KordinataX": 21.15874,
    "KordinataY": 42.66423,
    "Photo": ""
  },
  {
    "id": 420181,
    "Lloji": "Gjethëmbajtës",
    "Lartesi": "I ulët (< 1m)",
    "Gjendja": "E mirë",
    "KordinataX": 21.15874,
    "KordinataY": 42.66424,
    "Photo": ""
  },
  {
    "id": 420182,
    "Lloji": "Gjethëmbajtës",
    "Lartesi": "I ulët (< 1m)",
    "Gjendja": "E mirë",
    "KordinataX": 21.15875,
    "KordinataY": 42.66424,
    "Photo": ""
  },
  {
    "id": 420183,
    "Lloji": "Gjethëmbajtës",
    "Lartesi": "I ulët (< 1m)",
    "Gjendja": "E mirë",
    "KordinataX": 21.15875,
    "KordinataY": 42.66424,
    "Photo": ""
  },
  {
    "id": 420184,
    "Lloji": "Gjethëmbajtës",
    "Lartesi": "I ulët (< 1m)",
    "Gjendja": "E mirë",
    "KordinataX": 21.15875,
    "KordinataY": 42.66425,
    "Photo": ""
  },
  {
    "id": 420185,
    "Lloji": "Gjethëmbajtës",
    "Lartesi": "I ulët (< 1m)",
    "Gjendja": "E mirë",
    "KordinataX": 21.15876,
    "KordinataY": 42.66425,
    "Photo": ""
  },
  {
    "id": 420186,
    "Lloji": "Gjethëmbajtës",
    "Lartesi": "I ulët (< 1m)",
    "Gjendja": "E mirë",
    "KordinataX": 21.15876,
    "KordinataY": 42.66425,
    "Photo": ""
  },
  {
    "id": 420187,
    "Lloji": "Gjethëmbajtës",
    "Lartesi": "I ulët (< 1m)",
    "Gjendja": "E mirë",
    "KordinataX": 21.15876,
    "KordinataY": 42.66425,
    "Photo": ""
  },
  {
    "id": 420188,
    "Lloji": "Gjethëmbajtës",
    "Lartesi": "I ulët (< 1m)",
    "Gjendja": "E mirë",
    "KordinataX": 21.15877,
    "KordinataY": 42.66426,
    "Photo": ""
  },
  {
    "id": 420189,
    "Lloji": "Gjethëmbajtës",
    "Lartesi": "I ulët (< 1m)",
    "Gjendja": "E mirë",
    "KordinataX": 21.15877,
    "KordinataY": 42.66426,
    "Photo": ""
  },
  {
    "id": 420190,
    "Lloji": "Gjethëmbajtës",
    "Lartesi": "I ulët (< 1m)",
    "Gjendja": "E mirë",
    "KordinataX": 21.15878,
    "KordinataY": 42.66427,
    "Photo": ""
  },
  {
    "id": 420191,
    "Lloji": "Gjethëmbajtës",
    "Lartesi": "I ulët (< 1m)",
    "Gjendja": "E mirë",
    "KordinataX": 21.15878,
    "KordinataY": 42.66427,
    "Photo": ""
  },
  {
    "id": 420192,
    "Lloji": "Gjethëmbajtës",
    "Lartesi": "I ulët (< 1m)",
    "Gjendja": "E mirë",
    "KordinataX": 21.15878,
    "KordinataY": 42.66427,
    "Photo": ""
  },
  {
    "id": 420193,
    "Lloji": "Gjethëmbajtës",
    "Lartesi": "I ulët (< 1m)",
    "Gjendja": "E mirë",
    "KordinataX": 21.15878,
    "KordinataY": 42.66427,
    "Photo": ""
  },
  {
    "id": 420194,
    "Lloji": "Gjethëmbajtës",
    "Lartesi": "I ulët (< 1m)",
    "Gjendja": "E mirë",
    "KordinataX": 21.15879,
    "KordinataY": 42.66427,
    "Photo": ""
  },
  {
    "id": 420195,
    "Lloji": "Gjethëmbajtës",
    "Lartesi": "I ulët (< 1m)",
    "Gjendja": "E mirë",
    "KordinataX": 21.15879,
    "KordinataY": 42.66428,
    "Photo": ""
  },
  {
    "id": 420196,
    "Lloji": "Gjethëmbajtës",
    "Lartesi": "I ulët (< 1m)",
    "Gjendja": "E mirë",
    "KordinataX": 21.15879,
    "KordinataY": 42.66428,
    "Photo": ""
  },
  {
    "id": 420197,
    "Lloji": "Gjethëmbajtës",
    "Lartesi": "I ulët (< 1m)",
    "Gjendja": "E mirë",
    "KordinataX": 21.15879,
    "KordinataY": 42.66428,
    "Photo": ""
  },
  {
    "id": 420198,
    "Lloji": "Gjethëmbajtës",
    "Lartesi": "I ulët (< 1m)",
    "Gjendja": "E mirë",
    "KordinataX": 21.1588,
    "KordinataY": 42.66429,
    "Photo": ""
  },
  {
    "id": 420199,
    "Lloji": "Gjethëmbajtës",
    "Lartesi": "I lartë (> 3m)",
    "Gjendja": "E mirë",
    "KordinataX": 21.15889,
    "KordinataY": 42.66417,
    "Photo": ""
  },
  {
    "id": 420200,
    "Lloji": "Gjethëmbajtës",
    "Lartesi": "I lartë (> 3m)",
    "Gjendja": "E mirë",
    "KordinataX": 21.15883,
    "KordinataY": 42.66412,
    "Photo": ""
  },
  {
    "id": 420201,
    "Lloji": "Gjethëmbajtës",
    "Lartesi": "I lartë (> 3m)",
    "Gjendja": "E mirë",
    "KordinataX": 21.1588,
    "KordinataY": 42.66408,
    "Photo": ""
  },
  {
    "id": 420202,
    "Lloji": "Gjethërënës",
    "Lartesi": "I lartë (> 3m)",
    "Gjendja": "E mirë",
    "KordinataX": 21.15867,
    "KordinataY": 42.6641,
    "Photo": ""
  },
  {
    "id": 420203,
    "Lloji": "Gjethërënës",
    "Lartesi": "I lartë (> 3m)",
    "Gjendja": "E mirë",
    "KordinataX": 21.15862,
    "KordinataY": 42.66409,
    "Photo": ""
  },
  {
    "id": 420204,
    "Lloji": "Gjethërënës",
    "Lartesi": "I lartë (> 3m)",
    "Gjendja": "E mirë",
    "KordinataX": 21.15861,
    "KordinataY": 42.66407,
    "Photo": ""
  },
  {
    "id": 420205,
    "Lloji": "Gjethërënës",
    "Lartesi": "I lartë (> 3m)",
    "Gjendja": "E mirë",
    "KordinataX": 21.15861,
    "KordinataY": 42.66405,
    "Photo": ""
  },
  {
    "id": 420206,
    "Lloji": "Gjethërënës",
    "Lartesi": "I lartë (> 3m)",
    "Gjendja": "E mirë",
    "KordinataX": 21.15863,
    "KordinataY": 42.66403,
    "Photo": ""
  },
  {
    "id": 420207,
    "Lloji": "Gjethërënës",
    "Lartesi": "I lartë (> 3m)",
    "Gjendja": "E mirë",
    "KordinataX": 21.15867,
    "KordinataY": 42.66409,
    "Photo": ""
  },
  {
    "id": 420208,
    "Lloji": "Gjethërënës",
    "Lartesi": "I lartë (> 3m)",
    "Gjendja": "E mirë",
    "KordinataX": 21.15871,
    "KordinataY": 42.66412,
    "Photo": ""
  },
  {
    "id": 420209,
    "Lloji": "Gjethërënës",
    "Lartesi": "I lartë (> 3m)",
    "Gjendja": "E mirë",
    "KordinataX": 21.15874,
    "KordinataY": 42.66412,
    "Photo": ""
  },
  {
    "id": 420209,
    "Lloji": "Gjethërënës",
    "Lartesi": "I lartë (> 3m)",
    "Gjendja": "E mirë",
    "KordinataX": 21.15876,
    "KordinataY": 42.66411,
    "Photo": ""
  },
  {
    "id": 420210,
    "Lloji": "Gjethërënës",
    "Lartesi": "I lartë (> 3m)",
    "Gjendja": "E mirë",
    "KordinataX": 21.15878,
    "KordinataY": 42.66412,
    "Photo": ""
  },
  {
    "id": 420211,
    "Lloji": "Gjethëmbajtës",
    "Lartesi": "I mesëm (1 - 3m)",
    "Gjendja": "E mirë",
    "KordinataX": 21.1587,
    "KordinataY": 42.66415,
    "Photo": ""
  },
  {
    "id": 420212,
    "Lloji": "Gjethëmbajtës",
    "Lartesi": "I lartë (> 3m)",
    "Gjendja": "Jo e mirë",
    "KordinataX": 21.15883,
    "KordinataY": 42.66414,
    "Photo": "DCIM/20190520133224087.jpg"
  },
  {
    "id": 420214,
    "Lloji": "Gjethërënës",
    "Lartesi": "I lartë (> 3m)",
    "Gjendja": "E mirë",
    "KordinataX": 21.15893,
    "KordinataY": 42.664,
    "Photo": ""
  },
  {
    "id": 420215,
    "Lloji": "Gjethërënës",
    "Lartesi": "I lartë (> 3m)",
    "Gjendja": "E mirë",
    "KordinataX": 21.15891,
    "KordinataY": 42.66397,
    "Photo": ""
  },
  {
    "id": 420216,
    "Lloji": "Gjethërënës",
    "Lartesi": "I lartë (> 3m)",
    "Gjendja": "E mirë",
    "KordinataX": 21.15891,
    "KordinataY": 42.66394,
    "Photo": ""
  },
  {
    "id": 420217,
    "Lloji": "Gjethërënës",
    "Lartesi": "I lartë (> 3m)",
    "Gjendja": "E mirë",
    "KordinataX": 21.15888,
    "KordinataY": 42.66392,
    "Photo": ""
  },
  {
    "id": 420218,
    "Lloji": "Gjethërënës",
    "Lartesi": "I lartë (> 3m)",
    "Gjendja": "E mirë",
    "KordinataX": 21.15881,
    "KordinataY": 42.66389,
    "Photo": ""
  },
  {
    "id": 420219,
    "Lloji": "Gjethërënës",
    "Lartesi": "I lartë (> 3m)",
    "Gjendja": "E mirë",
    "KordinataX": 21.15876,
    "KordinataY": 42.66386,
    "Photo": ""
  },
  {
    "id": 420220,
    "Lloji": "Gjethërënës",
    "Lartesi": "I lartë (> 3m)",
    "Gjendja": "E mirë",
    "KordinataX": 21.15875,
    "KordinataY": 42.6638,
    "Photo": ""
  },
  {
    "id": 420221,
    "Lloji": "Gjethërënës",
    "Lartesi": "I lartë (> 3m)",
    "Gjendja": "E mirë",
    "KordinataX": 21.15873,
    "KordinataY": 42.66376,
    "Photo": ""
  },
  {
    "id": 420222,
    "Lloji": "Gjethërënës",
    "Lartesi": "I lartë (> 3m)",
    "Gjendja": "E mirë",
    "KordinataX": 21.15867,
    "KordinataY": 42.66366,
    "Photo": ""
  },
  {
    "id": 420223,
    "Lloji": "Gjethërënës",
    "Lartesi": "I lartë (> 3m)",
    "Gjendja": "E mirë",
    "KordinataX": 21.15905,
    "KordinataY": 42.66402,
    "Photo": ""
  },
  {
    "id": 420224,
    "Lloji": "Gjethëmbajtës",
    "Lartesi": "I mesëm (1 - 3m)",
    "Gjendja": "E mirë",
    "KordinataX": 21.15907,
    "KordinataY": 42.66402,
    "Photo": ""
  },
  {
    "id": 420225,
    "Lloji": "Gjethërënës",
    "Lartesi": "I lartë (> 3m)",
    "Gjendja": "E mirë",
    "KordinataX": 21.15912,
    "KordinataY": 42.664,
    "Photo": ""
  },
  {
    "id": 420226,
    "Lloji": "Gjethërënës",
    "Lartesi": "I lartë (> 3m)",
    "Gjendja": "E mirë",
    "KordinataX": 21.15916,
    "KordinataY": 42.66399,
    "Photo": ""
  },
  {
    "id": 420227,
    "Lloji": "Gjethërënës",
    "Lartesi": "I lartë (> 3m)",
    "Gjendja": "E mirë",
    "KordinataX": 21.15923,
    "KordinataY": 42.66397,
    "Photo": ""
  },
  {
    "id": 420228,
    "Lloji": "Gjethërënës",
    "Lartesi": "I lartë (> 3m)",
    "Gjendja": "E mirë",
    "KordinataX": 21.15918,
    "KordinataY": 42.66389,
    "Photo": ""
  },
  {
    "id": 420229,
    "Lloji": "Gjethërënës",
    "Lartesi": "I lartë (> 3m)",
    "Gjendja": "E mirë",
    "KordinataX": 21.15935,
    "KordinataY": 42.66393,
    "Photo": ""
  },
  {
    "id": 420230,
    "Lloji": "Gjethërënës",
    "Lartesi": "I lartë (> 3m)",
    "Gjendja": "E mirë",
    "KordinataX": 21.15952,
    "KordinataY": 42.6639,
    "Photo": ""
  },
  {
    "id": 420231,
    "Lloji": "Gjethërënës",
    "Lartesi": "I lartë (> 3m)",
    "Gjendja": "E mirë",
    "KordinataX": 21.15956,
    "KordinataY": 42.66342,
    "Photo": ""
  },
  {
    "id": 420232,
    "Lloji": "Gjethërënës",
    "Lartesi": "I lartë (> 3m)",
    "Gjendja": "E mirë",
    "KordinataX": 21.15957,
    "KordinataY": 42.66338,
    "Photo": ""
  },
  {
    "id": 420233,
    "Lloji": "Gjethërënës",
    "Lartesi": "I lartë (> 3m)",
    "Gjendja": "E mirë",
    "KordinataX": 21.15964,
    "KordinataY": 42.66342,
    "Photo": ""
  },
  {
    "id": 420234,
    "Lloji": "Gjethërënës",
    "Lartesi": "I lartë (> 3m)",
    "Gjendja": "E mirë",
    "KordinataX": 21.15972,
    "KordinataY": 42.66341,
    "Photo": ""
  },
  {
    "id": 420235,
    "Lloji": "Gjethërënës",
    "Lartesi": "I lartë (> 3m)",
    "Gjendja": "E mirë",
    "KordinataX": 21.15926,
    "KordinataY": 42.66379,
    "Photo": ""
  },
  {
    "id": 420236,
    "Lloji": "Gjethërënës",
    "Lartesi": "I lartë (> 3m)",
    "Gjendja": "E mirë",
    "KordinataX": 21.15924,
    "KordinataY": 42.66378,
    "Photo": ""
  },
  {
    "id": 420237,
    "Lloji": "Gjethërënës",
    "Lartesi": "I lartë (> 3m)",
    "Gjendja": "E mirë",
    "KordinataX": 21.15924,
    "KordinataY": 42.66376,
    "Photo": ""
  },
  {
    "id": 420238,
    "Lloji": "Gjethërënës",
    "Lartesi": "I lartë (> 3m)",
    "Gjendja": "E mirë",
    "KordinataX": 21.15924,
    "KordinataY": 42.66374,
    "Photo": ""
  },
  {
    "id": 420239,
    "Lloji": "Gjethërënës",
    "Lartesi": "I lartë (> 3m)",
    "Gjendja": "E mirë",
    "KordinataX": 21.15923,
    "KordinataY": 42.66373,
    "Photo": ""
  },
  {
    "id": 420240,
    "Lloji": "Gjethërënës",
    "Lartesi": "I lartë (> 3m)",
    "Gjendja": "E mirë",
    "KordinataX": 21.15853,
    "KordinataY": 42.66405,
    "Photo": ""
  },
  {
    "id": 420241,
    "Lloji": "Gjethërënës",
    "Lartesi": "I lartë (> 3m)",
    "Gjendja": "E mirë",
    "KordinataX": 21.15848,
    "KordinataY": 42.66399,
    "Photo": ""
  },
  {
    "id": 420242,
    "Lloji": "Gjethërënës",
    "Lartesi": "I lartë (> 3m)",
    "Gjendja": "E mirë",
    "KordinataX": 21.15851,
    "KordinataY": 42.66397,
    "Photo": ""
  },
  {
    "id": 420243,
    "Lloji": "Gjethërënës",
    "Lartesi": "I lartë (> 3m)",
    "Gjendja": "E mirë",
    "KordinataX": 21.15847,
    "KordinataY": 42.66393,
    "Photo": ""
  },
  {
    "id": 420244,
    "Lloji": "Gjethërënës",
    "Lartesi": "I lartë (> 3m)",
    "Gjendja": "E mirë",
    "KordinataX": 21.15844,
    "KordinataY": 42.6639,
    "Photo": ""
  },
  {
    "id": 420245,
    "Lloji": "Gjethërënës",
    "Lartesi": "I lartë (> 3m)",
    "Gjendja": "E mirë",
    "KordinataX": 21.1584,
    "KordinataY": 42.66385,
    "Photo": ""
  },
  {
    "id": 420246,
    "Lloji": "Gjethërënës",
    "Lartesi": "I lartë (> 3m)",
    "Gjendja": "E mirë",
    "KordinataX": 21.15861,
    "KordinataY": 42.66382,
    "Photo": ""
  },
  {
    "id": 420247,
    "Lloji": "Gjethërënës",
    "Lartesi": "I lartë (> 3m)",
    "Gjendja": "E mirë",
    "KordinataX": 21.15852,
    "KordinataY": 42.66386,
    "Photo": ""
  },
  {
    "id": 420246,
    "Lloji": "Gjethërënës",
    "Lartesi": "I lartë (> 3m)",
    "Gjendja": "E mirë",
    "KordinataX": 21.15828,
    "KordinataY": 42.66383,
    "Photo": ""
  },
  {
    "id": 420247,
    "Lloji": "Gjethëmbajtës",
    "Lartesi": "I lartë (> 3m)",
    "Gjendja": "E mirë",
    "KordinataX": 21.15795,
    "KordinataY": 42.66356,
    "Photo": ""
  },
  {
    "id": 420248,
    "Lloji": "Gjethëmbajtës",
    "Lartesi": "I lartë (> 3m)",
    "Gjendja": "E mirë",
    "KordinataX": 21.15796,
    "KordinataY": 42.66361,
    "Photo": ""
  },
  {
    "id": 420249,
    "Lloji": "Gjethëmbajtës",
    "Lartesi": "I lartë (> 3m)",
    "Gjendja": "E mirë",
    "KordinataX": 21.15802,
    "KordinataY": 42.66365,
    "Photo": ""
  },
  {
    "id": 420250,
    "Lloji": "Gjethëmbajtës",
    "Lartesi": "I lartë (> 3m)",
    "Gjendja": "E mirë",
    "KordinataX": 21.158,
    "KordinataY": 42.66354,
    "Photo": ""
  },
  {
    "id": 420251,
    "Lloji": "Gjethëmbajtës",
    "Lartesi": "I lartë (> 3m)",
    "Gjendja": "E mirë",
    "KordinataX": 21.15804,
    "KordinataY": 42.66355,
    "Photo": ""
  },
  {
    "id": 420252,
    "Lloji": "Gjethëmbajtës",
    "Lartesi": "I lartë (> 3m)",
    "Gjendja": "E mirë",
    "KordinataX": 21.15808,
    "KordinataY": 42.66355,
    "Photo": ""
  },
  {
    "id": 420253,
    "Lloji": "Gjethëmbajtës",
    "Lartesi": "I lartë (> 3m)",
    "Gjendja": "E mirë",
    "KordinataX": 21.15836,
    "KordinataY": 42.66368,
    "Photo": ""
  },
  {
    "id": 420254,
    "Lloji": "Gjethërënës",
    "Lartesi": "I lartë (> 3m)",
    "Gjendja": "E mirë",
    "KordinataX": 21.15839,
    "KordinataY": 42.66371,
    "Photo": ""
  },
  {
    "id": 420255,
    "Lloji": "Gjethërënës",
    "Lartesi": "I lartë (> 3m)",
    "Gjendja": "E mirë",
    "KordinataX": 21.15836,
    "KordinataY": 42.6636,
    "Photo": ""
  },
  {
    "id": 420256,
    "Lloji": "Gjethërënës",
    "Lartesi": "I lartë (> 3m)",
    "Gjendja": "E mirë",
    "KordinataX": 21.15827,
    "KordinataY": 42.66359,
    "Photo": ""
  },
  {
    "id": 420257,
    "Lloji": "Gjethërënës",
    "Lartesi": "I lartë (> 3m)",
    "Gjendja": "E mirë",
    "KordinataX": 21.15827,
    "KordinataY": 42.66354,
    "Photo": ""
  },
  {
    "id": 420258,
    "Lloji": "Gjethërënës",
    "Lartesi": "I lartë (> 3m)",
    "Gjendja": "E mirë",
    "KordinataX": 21.15853,
    "KordinataY": 42.6635,
    "Photo": ""
  },
  {
    "id": 420259,
    "Lloji": "Gjethërënës",
    "Lartesi": "I lartë (> 3m)",
    "Gjendja": "E mirë",
    "KordinataX": 21.1585,
    "KordinataY": 42.66344,
    "Photo": ""
  },
  {
    "id": 420260,
    "Lloji": "Gjethërënës",
    "Lartesi": "I lartë (> 3m)",
    "Gjendja": "E mirë",
    "KordinataX": 21.15843,
    "KordinataY": 42.66338,
    "Photo": ""
  },
  {
    "id": 420261,
    "Lloji": "Gjethërënës",
    "Lartesi": "I lartë (> 3m)",
    "Gjendja": "E mirë",
    "KordinataX": 21.15827,
    "KordinataY": 42.66339,
    "Photo": ""
  },
  {
    "id": 420262,
    "Lloji": "Gjethërënës",
    "Lartesi": "I lartë (> 3m)",
    "Gjendja": "E mirë",
    "KordinataX": 21.15819,
    "KordinataY": 42.66344,
    "Photo": ""
  },
  {
    "id": 420263,
    "Lloji": "Gjethërënës",
    "Lartesi": "I lartë (> 3m)",
    "Gjendja": "E mirë",
    "KordinataX": 21.15814,
    "KordinataY": 42.66354,
    "Photo": ""
  },
  {
    "id": 420264,
    "Lloji": "Gjethërënës",
    "Lartesi": "I lartë (> 3m)",
    "Gjendja": "E mirë",
    "KordinataX": 21.1581,
    "KordinataY": 42.6637,
    "Photo": ""
  },
  {
    "id": 420265,
    "Lloji": "Gjethërënës",
    "Lartesi": "I lartë (> 3m)",
    "Gjendja": "E mirë",
    "KordinataX": 21.15801,
    "KordinataY": 42.6637,
    "Photo": ""
  },
  {
    "id": 420266,
    "Lloji": "Gjethërënës",
    "Lartesi": "I lartë (> 3m)",
    "Gjendja": "E mirë",
    "KordinataX": 21.15781,
    "KordinataY": 42.66361,
    "Photo": ""
  },
  {
    "id": 420267,
    "Lloji": "Gjethërënës",
    "Lartesi": "I lartë (> 3m)",
    "Gjendja": "E mirë",
    "KordinataX": 21.15823,
    "KordinataY": 42.66376,
    "Photo": ""
  },
  {
    "id": 420268,
    "Lloji": "Gjethërënës",
    "Lartesi": "I lartë (> 3m)",
    "Gjendja": "E mirë",
    "KordinataX": 21.15825,
    "KordinataY": 42.66372,
    "Photo": ""
  },
  {
    "id": 420269,
    "Lloji": "Gjethërënës",
    "Lartesi": "I lartë (> 3m)",
    "Gjendja": "E mirë",
    "KordinataX": 21.15822,
    "KordinataY": 42.66367,
    "Photo": ""
  },
  {
    "id": 420270,
    "Lloji": "Gjethërënës",
    "Lartesi": "I lartë (> 3m)",
    "Gjendja": "E mirë",
    "KordinataX": 21.15819,
    "KordinataY": 42.66362,
    "Photo": ""
  },
  {
    "id": 420271,
    "Lloji": "Gjethëmbajtës",
    "Lartesi": "I lartë (> 3m)",
    "Gjendja": "E mirë",
    "KordinataX": 21.15827,
    "KordinataY": 42.6638,
    "Photo": ""
  },
  {
    "id": 420272,
    "Lloji": "Gjethëmbajtës",
    "Lartesi": "I lartë (> 3m)",
    "Gjendja": "E mirë",
    "KordinataX": 21.1584,
    "KordinataY": 42.66374,
    "Photo": ""
  },
  {
    "id": 420273,
    "Lloji": "Gjethërënës",
    "Lartesi": "I lartë (> 3m)",
    "Gjendja": "E mirë",
    "KordinataX": 21.15787,
    "KordinataY": 42.66368,
    "Photo": ""
  },
  {
    "id": 420274,
    "Lloji": "Gjethërënës",
    "Lartesi": "I lartë (> 3m)",
    "Gjendja": "E mirë",
    "KordinataX": 21.15783,
    "KordinataY": 42.66366,
    "Photo": ""
  },
  {
    "id": 420275,
    "Lloji": "Gjethërënës",
    "Lartesi": "I lartë (> 3m)",
    "Gjendja": "E mirë",
    "KordinataX": 21.15774,
    "KordinataY": 42.6636,
    "Photo": ""
  },
  {
    "id": 420277,
    "Lloji": "Gjethërënës",
    "Lartesi": "I lartë (> 3m)",
    "Gjendja": "E mirë",
    "KordinataX": 21.15772,
    "KordinataY": 42.6637,
    "Photo": ""
  },
  {
    "id": 420278,
    "Lloji": "Gjethërënës",
    "Lartesi": "I lartë (> 3m)",
    "Gjendja": "E mirë",
    "KordinataX": 21.15763,
    "KordinataY": 42.66365,
    "Photo": ""
  },
  {
    "id": 420279,
    "Lloji": "Gjethërënës",
    "Lartesi": "I lartë (> 3m)",
    "Gjendja": "E mirë",
    "KordinataX": 21.15756,
    "KordinataY": 42.6637,
    "Photo": ""
  },
  {
    "id": 420280,
    "Lloji": "Gjethërënës",
    "Lartesi": "I lartë (> 3m)",
    "Gjendja": "E mirë",
    "KordinataX": 21.15762,
    "KordinataY": 42.66373,
    "Photo": ""
  },
  {
    "id": 420281,
    "Lloji": "Gjethërënës",
    "Lartesi": "I lartë (> 3m)",
    "Gjendja": "E mirë",
    "KordinataX": 21.15766,
    "KordinataY": 42.66373,
    "Photo": ""
  },
  {
    "id": 420282,
    "Lloji": "Gjethërënës",
    "Lartesi": "I lartë (> 3m)",
    "Gjendja": "E mirë",
    "KordinataX": 21.15765,
    "KordinataY": 42.66368,
    "Photo": ""
  },
  {
    "id": 420282,
    "Lloji": "Gjethërënës",
    "Lartesi": "I lartë (> 3m)",
    "Gjendja": "E mirë",
    "KordinataX": 21.15769,
    "KordinataY": 42.66379,
    "Photo": ""
  },
  {
    "id": 420283,
    "Lloji": "Gjethërënës",
    "Lartesi": "I lartë (> 3m)",
    "Gjendja": "E mirë",
    "KordinataX": 21.15787,
    "KordinataY": 42.66375,
    "Photo": ""
  },
  {
    "id": 420284,
    "Lloji": "Gjethërënës",
    "Lartesi": "I lartë (> 3m)",
    "Gjendja": "E mirë",
    "KordinataX": 21.15787,
    "KordinataY": 42.66378,
    "Photo": ""
  },
  {
    "id": 420285,
    "Lloji": "Gjethërënës",
    "Lartesi": "I lartë (> 3m)",
    "Gjendja": "E mirë",
    "KordinataX": 21.15785,
    "KordinataY": 42.66383,
    "Photo": ""
  },
  {
    "id": 420286,
    "Lloji": "Gjethërënës",
    "Lartesi": "I lartë (> 3m)",
    "Gjendja": "E mirë",
    "KordinataX": 21.15811,
    "KordinataY": 42.66388,
    "Photo": ""
  },
  {
    "id": 420287,
    "Lloji": "Gjethërënës",
    "Lartesi": "I mesëm (1 - 3m)",
    "Gjendja": "E mirë",
    "KordinataX": 21.15809,
    "KordinataY": 42.66392,
    "Photo": ""
  },
  {
    "id": 420288,
    "Lloji": "Gjethërënës",
    "Lartesi": "I lartë (> 3m)",
    "Gjendja": "E mirë",
    "KordinataX": 21.15828,
    "KordinataY": 42.66397,
    "Photo": ""
  },
  {
    "id": 420289,
    "Lloji": "Gjethërënës",
    "Lartesi": "I lartë (> 3m)",
    "Gjendja": "E mirë",
    "KordinataX": 21.15823,
    "KordinataY": 42.66396,
    "Photo": ""
  },
  {
    "id": 420290,
    "Lloji": "Gjethërënës",
    "Lartesi": "I lartë (> 3m)",
    "Gjendja": "E mirë",
    "KordinataX": 21.15816,
    "KordinataY": 42.66395,
    "Photo": ""
  },
  {
    "id": 420291,
    "Lloji": "Gjethërënës",
    "Lartesi": "I lartë (> 3m)",
    "Gjendja": "E mirë",
    "KordinataX": 21.15822,
    "KordinataY": 42.66386,
    "Photo": ""
  },
  {
    "id": 420292,
    "Lloji": "Gjethërënës",
    "Lartesi": "I lartë (> 3m)",
    "Gjendja": "E mirë",
    "KordinataX": 21.15818,
    "KordinataY": 42.66385,
    "Photo": ""
  },
  {
    "id": 420293,
    "Lloji": "Gjethërënës",
    "Lartesi": "I lartë (> 3m)",
    "Gjendja": "E mirë",
    "KordinataX": 21.15814,
    "KordinataY": 42.66383,
    "Photo": ""
  },
  {
    "id": 420294,
    "Lloji": "Gjethërënës",
    "Lartesi": "I lartë (> 3m)",
    "Gjendja": "E mirë",
    "KordinataX": 21.15811,
    "KordinataY": 42.66382,
    "Photo": ""
  },
  {
    "id": 420295,
    "Lloji": "Gjethëmbajtës",
    "Lartesi": "I lartë (> 3m)",
    "Gjendja": "E mirë",
    "KordinataX": 21.15809,
    "KordinataY": 42.66378,
    "Photo": ""
  },
  {
    "id": 420309,
    "Lloji": "Gjethërënës",
    "Lartesi": "I mesëm (1 - 3m)",
    "Gjendja": "E mirë",
    "KordinataX": 21.15788,
    "KordinataY": 42.6634,
    "Photo": ""
  },
  {
    "id": 420310,
    "Lloji": "Gjethërënës",
    "Lartesi": "I lartë (> 3m)",
    "Gjendja": "E mirë",
    "KordinataX": 21.15799,
    "KordinataY": 42.6634,
    "Photo": ""
  },
  {
    "id": 420311,
    "Lloji": "Gjethërënës",
    "Lartesi": "I lartë (> 3m)",
    "Gjendja": "E mirë",
    "KordinataX": 21.15803,
    "KordinataY": 42.66339,
    "Photo": ""
  },
  {
    "id": 420312,
    "Lloji": "Gjethërënës",
    "Lartesi": "I lartë (> 3m)",
    "Gjendja": "E mirë",
    "KordinataX": 21.15806,
    "KordinataY": 42.66339,
    "Photo": ""
  },
  {
    "id": 420313,
    "Lloji": "Gjethërënës",
    "Lartesi": "I lartë (> 3m)",
    "Gjendja": "E mirë",
    "KordinataX": 21.15841,
    "KordinataY": 42.66332,
    "Photo": ""
  },
  {
    "id": 420314,
    "Lloji": "Gjethërënës",
    "Lartesi": "I lartë (> 3m)",
    "Gjendja": "E mirë",
    "KordinataX": 21.15851,
    "KordinataY": 42.66331,
    "Photo": ""
  },
  {
    "id": 420315,
    "Lloji": "Gjethërënës",
    "Lartesi": "I lartë (> 3m)",
    "Gjendja": "E mirë",
    "KordinataX": 21.15857,
    "KordinataY": 42.66328,
    "Photo": ""
  },
  {
    "id": 420316,
    "Lloji": "Gjethërënës",
    "Lartesi": "I lartë (> 3m)",
    "Gjendja": "E mirë",
    "KordinataX": 21.15863,
    "KordinataY": 42.66327,
    "Photo": ""
  },
  {
    "id": 420317,
    "Lloji": "Gjethërënës",
    "Lartesi": "I lartë (> 3m)",
    "Gjendja": "E mirë",
    "KordinataX": 21.1587,
    "KordinataY": 42.66326,
    "Photo": ""
  },
  {
    "id": 420318,
    "Lloji": "Gjethërënës",
    "Lartesi": "I lartë (> 3m)",
    "Gjendja": "E mirë",
    "KordinataX": 21.15874,
    "KordinataY": 42.6631,
    "Photo": ""
  },
  {
    "id": 420319,
    "Lloji": "Gjethërënës",
    "Lartesi": "I lartë (> 3m)",
    "Gjendja": "E mirë",
    "KordinataX": 21.15808,
    "KordinataY": 42.66329,
    "Photo": ""
  },
  {
    "id": 420320,
    "Lloji": "Gjethërënës",
    "Lartesi": "I lartë (> 3m)",
    "Gjendja": "E mirë",
    "KordinataX": 21.15792,
    "KordinataY": 42.66336,
    "Photo": ""
  },
  {
    "id": 420321,
    "Lloji": "Gjethërënës",
    "Lartesi": "I lartë (> 3m)",
    "Gjendja": "E mirë",
    "KordinataX": 21.15789,
    "KordinataY": 42.6633,
    "Photo": ""
  },
  {
    "id": 420322,
    "Lloji": "Gjethërënës",
    "Lartesi": "I lartë (> 3m)",
    "Gjendja": "E mirë",
    "KordinataX": 21.15789,
    "KordinataY": 42.66328,
    "Photo": ""
  },
  {
    "id": 420323,
    "Lloji": "Gjethërënës",
    "Lartesi": "I lartë (> 3m)",
    "Gjendja": "E mirë",
    "KordinataX": 21.15791,
    "KordinataY": 42.66331,
    "Photo": ""
  },
  {
    "id": 420324,
    "Lloji": "Gjethërënës",
    "Lartesi": "I lartë (> 3m)",
    "Gjendja": "E mirë",
    "KordinataX": 21.15791,
    "KordinataY": 42.66321,
    "Photo": ""
  },
  {
    "id": 420325,
    "Lloji": "Gjethërënës",
    "Lartesi": "I lartë (> 3m)",
    "Gjendja": "E mirë",
    "KordinataX": 21.15793,
    "KordinataY": 42.66322,
    "Photo": ""
  },
  {
    "id": 420326,
    "Lloji": "Gjethërënës",
    "Lartesi": "I lartë (> 3m)",
    "Gjendja": "E mirë",
    "KordinataX": 21.15793,
    "KordinataY": 42.66325,
    "Photo": ""
  },
  {
    "id": 420327,
    "Lloji": "Gjethërënës",
    "Lartesi": "I lartë (> 3m)",
    "Gjendja": "E mirë",
    "KordinataX": 21.15789,
    "KordinataY": 42.66324,
    "Photo": ""
  },
  {
    "id": 420328,
    "Lloji": "Gjethërënës",
    "Lartesi": "I lartë (> 3m)",
    "Gjendja": "E mirë",
    "KordinataX": 21.15789,
    "KordinataY": 42.66322,
    "Photo": ""
  },
  {
    "id": 420329,
    "Lloji": "Gjethërënës",
    "Lartesi": "I lartë (> 3m)",
    "Gjendja": "E mirë",
    "KordinataX": 21.15791,
    "KordinataY": 42.66324,
    "Photo": ""
  },
  {
    "id": 420330,
    "Lloji": "Gjethërënës",
    "Lartesi": "I lartë (> 3m)",
    "Gjendja": "E mirë",
    "KordinataX": 21.15794,
    "KordinataY": 42.66328,
    "Photo": ""
  },
  {
    "id": 420333,
    "Lloji": "Gjethëmbajtës",
    "Lartesi": "I lartë (> 3m)",
    "Gjendja": "E mirë",
    "KordinataX": 21.1581,
    "KordinataY": 42.66308,
    "Photo": ""
  },
  {
    "id": 420334,
    "Lloji": "Gjethërënës",
    "Lartesi": "I lartë (> 3m)",
    "Gjendja": "E mirë",
    "KordinataX": 21.15818,
    "KordinataY": 42.66306,
    "Photo": ""
  },
  {
    "id": 420335,
    "Lloji": "Gjethërënës",
    "Lartesi": "I lartë (> 3m)",
    "Gjendja": "E mirë",
    "KordinataX": 21.15813,
    "KordinataY": 42.6629,
    "Photo": ""
  },
  {
    "id": 420336,
    "Lloji": "Gjethërënës",
    "Lartesi": "I lartë (> 3m)",
    "Gjendja": "E mirë",
    "KordinataX": 21.15808,
    "KordinataY": 42.66295,
    "Photo": ""
  },
  {
    "id": 420337,
    "Lloji": "Gjethërënës",
    "Lartesi": "I lartë (> 3m)",
    "Gjendja": "E mirë",
    "KordinataX": 21.15813,
    "KordinataY": 42.66293,
    "Photo": ""
  },
  {
    "id": 420338,
    "Lloji": "Gjethërënës",
    "Lartesi": "I lartë (> 3m)",
    "Gjendja": "E mirë",
    "KordinataX": 21.15817,
    "KordinataY": 42.66296,
    "Photo": ""
  },
  {
    "id": 420339,
    "Lloji": "Gjethërënës",
    "Lartesi": "I lartë (> 3m)",
    "Gjendja": "E mirë",
    "KordinataX": 21.15814,
    "KordinataY": 42.66307,
    "Photo": ""
  },
  {
    "id": 420340,
    "Lloji": "Gjethërënës",
    "Lartesi": "I lartë (> 3m)",
    "Gjendja": "E mirë",
    "KordinataX": 21.15826,
    "KordinataY": 42.66276,
    "Photo": ""
  },
  {
    "id": 420341,
    "Lloji": "Gjethërënës",
    "Lartesi": "I lartë (> 3m)",
    "Gjendja": "E mirë",
    "KordinataX": 21.15824,
    "KordinataY": 42.66263,
    "Photo": ""
  },
  {
    "id": 420342,
    "Lloji": "Gjethërënës",
    "Lartesi": "I lartë (> 3m)",
    "Gjendja": "E mirë",
    "KordinataX": 21.15813,
    "KordinataY": 42.66297,
    "Photo": ""
  },
  {
    "id": 420343,
    "Lloji": "Gjethërënës",
    "Lartesi": "I lartë (> 3m)",
    "Gjendja": "Jo e mirë",
    "KordinataX": 21.15836,
    "KordinataY": 42.66281,
    "Photo": ""
  },
  {
    "id": 420344,
    "Lloji": "Gjethëmbajtës",
    "Lartesi": "I lartë (> 3m)",
    "Gjendja": "E mirë",
    "KordinataX": 21.15843,
    "KordinataY": 42.66277,
    "Photo": ""
  },
  {
    "id": 420345,
    "Lloji": "Gjethëmbajtës",
    "Lartesi": "I lartë (> 3m)",
    "Gjendja": "E mirë",
    "KordinataX": 21.15846,
    "KordinataY": 42.66276,
    "Photo": ""
  },
  {
    "id": 420346,
    "Lloji": "Gjethëmbajtës",
    "Lartesi": "I lartë (> 3m)",
    "Gjendja": "E mirë",
    "KordinataX": 21.15851,
    "KordinataY": 42.66275,
    "Photo": ""
  },
  {
    "id": 420347,
    "Lloji": "Gjethëmbajtës",
    "Lartesi": "I lartë (> 3m)",
    "Gjendja": "E mirë",
    "KordinataX": 21.15855,
    "KordinataY": 42.66274,
    "Photo": ""
  },
  {
    "id": 420348,
    "Lloji": "Gjethërënës",
    "Lartesi": "I lartë (> 3m)",
    "Gjendja": "E mirë",
    "KordinataX": 21.15849,
    "KordinataY": 42.66277,
    "Photo": ""
  },
  {
    "id": 420349,
    "Lloji": "Gjethërënës",
    "Lartesi": "I lartë (> 3m)",
    "Gjendja": "E mirë",
    "KordinataX": 21.1584,
    "KordinataY": 42.66295,
    "Photo": ""
  },
  {
    "id": 420350,
    "Lloji": "Gjethërënës",
    "Lartesi": "I lartë (> 3m)",
    "Gjendja": "E mirë",
    "KordinataX": 21.15848,
    "KordinataY": 42.66296,
    "Photo": ""
  },
  {
    "id": 420351,
    "Lloji": "Gjethërënës",
    "Lartesi": "I lartë (> 3m)",
    "Gjendja": "E mirë",
    "KordinataX": 21.15845,
    "KordinataY": 42.66305,
    "Photo": ""
  },
  {
    "id": 420352,
    "Lloji": "Gjethërënës",
    "Lartesi": "I lartë (> 3m)",
    "Gjendja": "E mirë",
    "KordinataX": 21.15845,
    "KordinataY": 42.66313,
    "Photo": ""
  },
  {
    "id": 420353,
    "Lloji": "Gjethërënës",
    "Lartesi": "I lartë (> 3m)",
    "Gjendja": "E mirë",
    "KordinataX": 21.15841,
    "KordinataY": 42.663,
    "Photo": ""
  },
  {
    "id": 420354,
    "Lloji": "Gjethëmbajtës",
    "Lartesi": "I lartë (> 3m)",
    "Gjendja": "E mirë",
    "KordinataX": 21.15861,
    "KordinataY": 42.6628,
    "Photo": ""
  },
  {
    "id": 420355,
    "Lloji": "Gjethëmbajtës",
    "Lartesi": "I lartë (> 3m)",
    "Gjendja": "E mirë",
    "KordinataX": 21.1586,
    "KordinataY": 42.66278,
    "Photo": ""
  },
  {
    "id": 420356,
    "Lloji": "Gjethëmbajtës",
    "Lartesi": "I lartë (> 3m)",
    "Gjendja": "E mirë",
    "KordinataX": 21.15859,
    "KordinataY": 42.66276,
    "Photo": ""
  },
  {
    "id": 420367,
    "Lloji": "Gjethëmbajtës",
    "Lartesi": "I lartë (> 3m)",
    "Gjendja": "E mirë",
    "KordinataX": 21.15857,
    "KordinataY": 42.66274,
    "Photo": ""
  },
  {
    "id": 420366,
    "Lloji": "Gjethëmbajtës",
    "Lartesi": "I lartë (> 3m)",
    "Gjendja": "E mirë",
    "KordinataX": 21.15816,
    "KordinataY": 42.66241,
    "Photo": ""
  },
  {
    "id": 420367,
    "Lloji": "Gjethërënës",
    "Lartesi": "I lartë (> 3m)",
    "Gjendja": "E mirë",
    "KordinataX": 21.15802,
    "KordinataY": 42.6624,
    "Photo": ""
  },
  {
    "id": 420368,
    "Lloji": "Gjethërënës",
    "Lartesi": "I lartë (> 3m)",
    "Gjendja": "E mirë",
    "KordinataX": 21.15801,
    "KordinataY": 42.66237,
    "Photo": ""
  },
  {
    "id": 420369,
    "Lloji": "Gjethëmbajtës",
    "Lartesi": "I lartë (> 3m)",
    "Gjendja": "E mirë",
    "KordinataX": 21.15838,
    "KordinataY": 42.6624,
    "Photo": ""
  },
  {
    "id": 420370,
    "Lloji": "Gjethëmbajtës",
    "Lartesi": "I lartë (> 3m)",
    "Gjendja": "E mirë",
    "KordinataX": 21.1584,
    "KordinataY": 42.66242,
    "Photo": ""
  },
  {
    "id": 420371,
    "Lloji": "Gjethëmbajtës",
    "Lartesi": "I lartë (> 3m)",
    "Gjendja": "E mirë",
    "KordinataX": 21.15841,
    "KordinataY": 42.66244,
    "Photo": ""
  },
  {
    "id": 420372,
    "Lloji": "Gjethëmbajtës",
    "Lartesi": "I lartë (> 3m)",
    "Gjendja": "E mirë",
    "KordinataX": 21.15842,
    "KordinataY": 42.66246,
    "Photo": ""
  },
  {
    "id": 420372,
    "Lloji": "Gjethëmbajtës",
    "Lartesi": "I lartë (> 3m)",
    "Gjendja": "E mirë",
    "KordinataX": 21.15843,
    "KordinataY": 42.66249,
    "Photo": ""
  },
  {
    "id": 420373,
    "Lloji": "Gjethëmbajtës",
    "Lartesi": "I lartë (> 3m)",
    "Gjendja": "E mirë",
    "KordinataX": 21.15844,
    "KordinataY": 42.66251,
    "Photo": ""
  },
  {
    "id": 420374,
    "Lloji": "Gjethëmbajtës",
    "Lartesi": "I lartë (> 3m)",
    "Gjendja": "E mirë",
    "KordinataX": 21.15846,
    "KordinataY": 42.66254,
    "Photo": ""
  },
  {
    "id": 420375,
    "Lloji": "Gjethëmbajtës",
    "Lartesi": "I lartë (> 3m)",
    "Gjendja": "E mirë",
    "KordinataX": 21.15847,
    "KordinataY": 42.66256,
    "Photo": ""
  },
  {
    "id": 420376,
    "Lloji": "Gjethëmbajtës",
    "Lartesi": "I lartë (> 3m)",
    "Gjendja": "E mirë",
    "KordinataX": 21.15848,
    "KordinataY": 42.66259,
    "Photo": ""
  },
  {
    "id": 420377,
    "Lloji": "Gjethëmbajtës",
    "Lartesi": "I lartë (> 3m)",
    "Gjendja": "E mirë",
    "KordinataX": 21.15849,
    "KordinataY": 42.66261,
    "Photo": ""
  },
  {
    "id": 420377,
    "Lloji": "Gjethëmbajtës",
    "Lartesi": "I lartë (> 3m)",
    "Gjendja": "E mirë",
    "KordinataX": 21.1585,
    "KordinataY": 42.66263,
    "Photo": ""
  },
  {
    "id": 420379,
    "Lloji": "Gjethëmbajtës",
    "Lartesi": "I lartë (> 3m)",
    "Gjendja": "E mirë",
    "KordinataX": 21.15852,
    "KordinataY": 42.66265,
    "Photo": ""
  },
  {
    "id": 420380,
    "Lloji": "Gjethëmbajtës",
    "Lartesi": "I lartë (> 3m)",
    "Gjendja": "E mirë",
    "KordinataX": 21.15853,
    "KordinataY": 42.66267,
    "Photo": ""
  },
  {
    "id": 420381,
    "Lloji": "Gjethëmbajtës",
    "Lartesi": "I lartë (> 3m)",
    "Gjendja": "E mirë",
    "KordinataX": 21.15821,
    "KordinataY": 42.66209,
    "Photo": ""
  },
  {
    "id": 420382,
    "Lloji": "Gjethëmbajtës",
    "Lartesi": "I lartë (> 3m)",
    "Gjendja": "E mirë",
    "KordinataX": 21.15822,
    "KordinataY": 42.66211,
    "Photo": ""
  },
  {
    "id": 420383,
    "Lloji": "Gjethëmbajtës",
    "Lartesi": "I lartë (> 3m)",
    "Gjendja": "E mirë",
    "KordinataX": 21.15823,
    "KordinataY": 42.66213,
    "Photo": ""
  },
  {
    "id": 420384,
    "Lloji": "Gjethëmbajtës",
    "Lartesi": "I lartë (> 3m)",
    "Gjendja": "E mirë",
    "KordinataX": 21.15824,
    "KordinataY": 42.66215,
    "Photo": ""
  },
  {
    "id": 420385,
    "Lloji": "Gjethëmbajtës",
    "Lartesi": "I lartë (> 3m)",
    "Gjendja": "E mirë",
    "KordinataX": 21.15825,
    "KordinataY": 42.66216,
    "Photo": ""
  },
  {
    "id": 420386,
    "Lloji": "Gjethëmbajtës",
    "Lartesi": "I lartë (> 3m)",
    "Gjendja": "E mirë",
    "KordinataX": 21.15826,
    "KordinataY": 42.66218,
    "Photo": ""
  },
  {
    "id": 420387,
    "Lloji": "Gjethëmbajtës",
    "Lartesi": "I lartë (> 3m)",
    "Gjendja": "E mirë",
    "KordinataX": 21.15826,
    "KordinataY": 42.66219,
    "Photo": ""
  },
  {
    "id": 420388,
    "Lloji": "Gjethëmbajtës",
    "Lartesi": "I lartë (> 3m)",
    "Gjendja": "E mirë",
    "KordinataX": 21.15827,
    "KordinataY": 42.6622,
    "Photo": ""
  },
  {
    "id": 420389,
    "Lloji": "Gjethëmbajtës",
    "Lartesi": "I lartë (> 3m)",
    "Gjendja": "E mirë",
    "KordinataX": 21.15828,
    "KordinataY": 42.66222,
    "Photo": ""
  },
  {
    "id": 420390,
    "Lloji": "Gjethëmbajtës",
    "Lartesi": "I lartë (> 3m)",
    "Gjendja": "E mirë",
    "KordinataX": 21.15829,
    "KordinataY": 42.66223,
    "Photo": ""
  },
  {
    "id": 420391,
    "Lloji": "Gjethëmbajtës",
    "Lartesi": "I lartë (> 3m)",
    "Gjendja": "E mirë",
    "KordinataX": 21.1583,
    "KordinataY": 42.66225,
    "Photo": ""
  },
  {
    "id": 420402,
    "Lloji": "Gjethëmbajtës",
    "Lartesi": "I lartë (> 3m)",
    "Gjendja": "E mirë",
    "KordinataX": 21.15838,
    "KordinataY": 42.66198,
    "Photo": ""
  },
  {
    "id": 420403,
    "Lloji": "Gjethëmbajtës",
    "Lartesi": "I lartë (> 3m)",
    "Gjendja": "E mirë",
    "KordinataX": 21.15834,
    "KordinataY": 42.66201,
    "Photo": ""
  },
  {
    "id": 420404,
    "Lloji": "Gjethëmbajtës",
    "Lartesi": "I lartë (> 3m)",
    "Gjendja": "E mirë",
    "KordinataX": 21.15832,
    "KordinataY": 42.66201,
    "Photo": ""
  },
  {
    "id": 420405,
    "Lloji": "Gjethëmbajtës",
    "Lartesi": "I lartë (> 3m)",
    "Gjendja": "E mirë",
    "KordinataX": 21.1583,
    "KordinataY": 42.66202,
    "Photo": ""
  },
  {
    "id": 420406,
    "Lloji": "Gjethëmbajtës",
    "Lartesi": "I lartë (> 3m)",
    "Gjendja": "E mirë",
    "KordinataX": 21.15829,
    "KordinataY": 42.66203,
    "Photo": ""
  },
  {
    "id": 450407,
    "Lloji": "Gjethëmbajtës",
    "Lartesi": "I lartë (> 3m)",
    "Gjendja": "E mirë",
    "KordinataX": 21.15827,
    "KordinataY": 42.66203,
    "Photo": ""
  },
  {
    "id": 420408,
    "Lloji": "Gjethëmbajtës",
    "Lartesi": "I lartë (> 3m)",
    "Gjendja": "E mirë",
    "KordinataX": 21.15826,
    "KordinataY": 42.66203,
    "Photo": ""
  },
  {
    "id": 420409,
    "Lloji": "Gjethëmbajtës",
    "Lartesi": "I lartë (> 3m)",
    "Gjendja": "E mirë",
    "KordinataX": 21.15824,
    "KordinataY": 42.66204,
    "Photo": ""
  },
  {
    "id": 420410,
    "Lloji": "Gjethëmbajtës",
    "Lartesi": "I lartë (> 3m)",
    "Gjendja": "E mirë",
    "KordinataX": 21.15823,
    "KordinataY": 42.66204,
    "Photo": ""
  },
  {
    "id": 420411,
    "Lloji": "Gjethëmbajtës",
    "Lartesi": "I lartë (> 3m)",
    "Gjendja": "E mirë",
    "KordinataX": 21.15821,
    "KordinataY": 42.66205,
    "Photo": ""
  },
  {
    "id": 420412,
    "Lloji": "Gjethëmbajtës",
    "Lartesi": "I lartë (> 3m)",
    "Gjendja": "E mirë",
    "KordinataX": 21.15861,
    "KordinataY": 42.66197,
    "Photo": ""
  },
  {
    "id": 420413,
    "Lloji": "Gjethërënës",
    "Lartesi": "I lartë (> 3m)",
    "Gjendja": "E mirë",
    "KordinataX": 21.15859,
    "KordinataY": 42.66199,
    "Photo": ""
  },
  {
    "id": 420414,
    "Lloji": "Gjethërënës",
    "Lartesi": "I lartë (> 3m)",
    "Gjendja": "E mirë",
    "KordinataX": 21.15861,
    "KordinataY": 42.66199,
    "Photo": ""
  },
  {
    "id": 420414,
    "Lloji": "Gjethërënës",
    "Lartesi": "I mesëm (1 - 3m)",
    "Gjendja": "E mirë",
    "KordinataX": 21.15861,
    "KordinataY": 42.66201,
    "Photo": ""
  },
  {
    "id": 420415,
    "Lloji": "Gjethërënës",
    "Lartesi": "I mesëm (1 - 3m)",
    "Gjendja": "E mirë",
    "KordinataX": 21.15856,
    "KordinataY": 42.66203,
    "Photo": ""
  },
  {
    "id": 420415,
    "Lloji": "Gjethërënës",
    "Lartesi": "I lartë (> 3m)",
    "Gjendja": "E mirë",
    "KordinataX": 21.1585,
    "KordinataY": 42.66194,
    "Photo": ""
  },
  {
    "id": 420416,
    "Lloji": "Gjethërënës",
    "Lartesi": "I lartë (> 3m)",
    "Gjendja": "E mirë",
    "KordinataX": 21.15851,
    "KordinataY": 42.66196,
    "Photo": ""
  },
  {
    "id": 420417,
    "Lloji": "Gjethërënës",
    "Lartesi": "I lartë (> 3m)",
    "Gjendja": "E mirë",
    "KordinataX": 21.15851,
    "KordinataY": 42.66197,
    "Photo": ""
  },
  {
    "id": 420418,
    "Lloji": "Gjethëmbajtës",
    "Lartesi": "I lartë (> 3m)",
    "Gjendja": "E mirë",
    "KordinataX": 21.15844,
    "KordinataY": 42.66199,
    "Photo": ""
  },
  {
    "id": 420419,
    "Lloji": "Gjethëmbajtës",
    "Lartesi": "I lartë (> 3m)",
    "Gjendja": "E mirë",
    "KordinataX": 21.15846,
    "KordinataY": 42.66201,
    "Photo": ""
  },
  {
    "id": 420420,
    "Lloji": "Gjethërënës",
    "Lartesi": "I mesëm (1 - 3m)",
    "Gjendja": "E mirë",
    "KordinataX": 21.15844,
    "KordinataY": 42.66196,
    "Photo": ""
  },
  {
    "id": 420421,
    "Lloji": "Gjethërënës",
    "Lartesi": "I lartë (> 3m)",
    "Gjendja": "E mirë",
    "KordinataX": 21.15862,
    "KordinataY": 42.6619,
    "Photo": ""
  },
  {
    "id": 420422,
    "Lloji": "Gjethëmbajtës",
    "Lartesi": "I lartë (> 3m)",
    "Gjendja": "E mirë",
    "KordinataX": 21.15879,
    "KordinataY": 42.66187,
    "Photo": ""
  },
  {
    "id": 420423,
    "Lloji": "Gjethërënës",
    "Lartesi": "I lartë (> 3m)",
    "Gjendja": "E mirë",
    "KordinataX": 21.15868,
    "KordinataY": 42.66186,
    "Photo": ""
  },
  {
    "id": 420424,
    "Lloji": "Gjethërënës",
    "Lartesi": "I lartë (> 3m)",
    "Gjendja": "E mirë",
    "KordinataX": 21.15878,
    "KordinataY": 42.66183,
    "Photo": ""
  },
  {
    "id": 420425,
    "Lloji": "Gjethërënës",
    "Lartesi": "I lartë (> 3m)",
    "Gjendja": "E mirë",
    "KordinataX": 21.15884,
    "KordinataY": 42.66181,
    "Photo": ""
  },
  {
    "id": 420426,
    "Lloji": "Gjethërënës",
    "Lartesi": "I lartë (> 3m)",
    "Gjendja": "E mirë",
    "KordinataX": 21.15892,
    "KordinataY": 42.66181,
    "Photo": ""
  },
  {
    "id": 420427,
    "Lloji": "Gjethërënës",
    "Lartesi": "I lartë (> 3m)",
    "Gjendja": "E mirë",
    "KordinataX": 21.15895,
    "KordinataY": 42.66184,
    "Photo": ""
  },
  {
    "id": 420428,
    "Lloji": "Gjethërënës",
    "Lartesi": "I lartë (> 3m)",
    "Gjendja": "E mirë",
    "KordinataX": 21.15868,
    "KordinataY": 42.66193,
    "Photo": ""
  },
  {
    "id": 420429,
    "Lloji": "Gjethërënës",
    "Lartesi": "I lartë (> 3m)",
    "Gjendja": "E mirë",
    "KordinataX": 21.15875,
    "KordinataY": 42.6619,
    "Photo": ""
  },
  {
    "id": 420430,
    "Lloji": "Gjethërënës",
    "Lartesi": "I lartë (> 3m)",
    "Gjendja": "E mirë",
    "KordinataX": 21.15862,
    "KordinataY": 42.66192,
    "Photo": ""
  },
  {
    "id": 420431,
    "Lloji": "Gjethërënës",
    "Lartesi": "I lartë (> 3m)",
    "Gjendja": "E mirë",
    "KordinataX": 21.15863,
    "KordinataY": 42.66194,
    "Photo": ""
  },
  {
    "id": 420435,
    "Lloji": "Gjethëmbajtës",
    "Lartesi": "I mesëm (1 - 3m)",
    "Gjendja": "E mirë",
    "KordinataX": 21.15914,
    "KordinataY": 42.66173,
    "Photo": ""
  },
  {
    "id": 420436,
    "Lloji": "Gjethëmbajtës",
    "Lartesi": "I mesëm (1 - 3m)",
    "Gjendja": "E mirë",
    "KordinataX": 21.15914,
    "KordinataY": 42.66173,
    "Photo": ""
  },
  {
    "id": 420437,
    "Lloji": "Gjethëmbajtës",
    "Lartesi": "I mesëm (1 - 3m)",
    "Gjendja": "E mirë",
    "KordinataX": 21.15914,
    "KordinataY": 42.66173,
    "Photo": ""
  },
  {
    "id": 420438,
    "Lloji": "Gjethëmbajtës",
    "Lartesi": "I mesëm (1 - 3m)",
    "Gjendja": "E mirë",
    "KordinataX": 21.15913,
    "KordinataY": 42.66173,
    "Photo": ""
  },
  {
    "id": 420439,
    "Lloji": "Gjethëmbajtës",
    "Lartesi": "I mesëm (1 - 3m)",
    "Gjendja": "E mirë",
    "KordinataX": 21.15913,
    "KordinataY": 42.66174,
    "Photo": ""
  },
  {
    "id": 420440,
    "Lloji": "Gjethëmbajtës",
    "Lartesi": "I mesëm (1 - 3m)",
    "Gjendja": "E mirë",
    "KordinataX": 21.15913,
    "KordinataY": 42.66174,
    "Photo": ""
  },
  {
    "id": 420441,
    "Lloji": "Gjethëmbajtës",
    "Lartesi": "I mesëm (1 - 3m)",
    "Gjendja": "E mirë",
    "KordinataX": 21.15915,
    "KordinataY": 42.66173,
    "Photo": ""
  },
  {
    "id": 420442,
    "Lloji": "Gjethëmbajtës",
    "Lartesi": "I mesëm (1 - 3m)",
    "Gjendja": "E mirë",
    "KordinataX": 21.15914,
    "KordinataY": 42.66173,
    "Photo": ""
  },
  {
    "id": 420443,
    "Lloji": "Gjethërënës",
    "Lartesi": "I lartë (> 3m)",
    "Gjendja": "E mirë",
    "KordinataX": 21.15898,
    "KordinataY": 42.66164,
    "Photo": ""
  },
  {
    "id": 420444,
    "Lloji": "Gjethërënës",
    "Lartesi": "I mesëm (1 - 3m)",
    "Gjendja": "E mirë",
    "KordinataX": 21.15901,
    "KordinataY": 42.66161,
    "Photo": ""
  },
  {
    "id": 420445,
    "Lloji": "Gjethërënës",
    "Lartesi": "I mesëm (1 - 3m)",
    "Gjendja": "E mirë",
    "KordinataX": 21.15903,
    "KordinataY": 42.66157,
    "Photo": ""
  },
  {
    "id": 420446,
    "Lloji": "Gjethërënës",
    "Lartesi": "I mesëm (1 - 3m)",
    "Gjendja": "E mirë",
    "KordinataX": 21.15905,
    "KordinataY": 42.66155,
    "Photo": ""
  },
  {
    "id": 420447,
    "Lloji": "Gjethërënës",
    "Lartesi": "I mesëm (1 - 3m)",
    "Gjendja": "E mirë",
    "KordinataX": 21.15907,
    "KordinataY": 42.66155,
    "Photo": ""
  },
  {
    "id": 420448,
    "Lloji": "Gjethërënës",
    "Lartesi": "I mesëm (1 - 3m)",
    "Gjendja": "E mirë",
    "KordinataX": 21.15908,
    "KordinataY": 42.66154,
    "Photo": ""
  },
  {
    "id": 420449,
    "Lloji": "Gjethërënës",
    "Lartesi": "I mesëm (1 - 3m)",
    "Gjendja": "E mirë",
    "KordinataX": 21.1591,
    "KordinataY": 42.66154,
    "Photo": ""
  },
  {
    "id": 420450,
    "Lloji": "Gjethërënës",
    "Lartesi": "I lartë (> 3m)",
    "Gjendja": "E mirë",
    "KordinataX": 21.15918,
    "KordinataY": 42.6615,
    "Photo": ""
  },
  {
    "id": 420452,
    "Lloji": "Gjethërënës",
    "Lartesi": "I ulët (< 1m)",
    "Gjendja": "E mirë",
    "KordinataX": 21.15899,
    "KordinataY": 42.66163,
    "Photo": ""
  },
  {
    "id": 120453,
    "Lloji": "Gjethërënës",
    "Lartesi": "I ulët (< 1m)",
    "Gjendja": "E mirë",
    "KordinataX": 21.15899,
    "KordinataY": 42.66162,
    "Photo": ""
  },
  {
    "id": 420454,
    "Lloji": "Gjethërënës",
    "Lartesi": "I ulët (< 1m)",
    "Gjendja": "E mirë",
    "KordinataX": 21.159,
    "KordinataY": 42.66162,
    "Photo": ""
  },
  {
    "id": 420455,
    "Lloji": "Gjethërënës",
    "Lartesi": "I ulët (< 1m)",
    "Gjendja": "E mirë",
    "KordinataX": 21.159,
    "KordinataY": 42.66161,
    "Photo": ""
  },
  {
    "id": 420456,
    "Lloji": "Gjethërënës",
    "Lartesi": "I ulët (< 1m)",
    "Gjendja": "E mirë",
    "KordinataX": 21.15902,
    "KordinataY": 42.66158,
    "Photo": ""
  },
  {
    "id": 420457,
    "Lloji": "Gjethërënës",
    "Lartesi": "I ulët (< 1m)",
    "Gjendja": "E mirë",
    "KordinataX": 21.15901,
    "KordinataY": 42.66159,
    "Photo": ""
  },
  {
    "id": 420458,
    "Lloji": "Gjethërënës",
    "Lartesi": "I ulët (< 1m)",
    "Gjendja": "E mirë",
    "KordinataX": 21.15904,
    "KordinataY": 42.66156,
    "Photo": ""
  },
  {
    "id": 420459,
    "Lloji": "Gjethërënës",
    "Lartesi": "I ulët (< 1m)",
    "Gjendja": "E mirë",
    "KordinataX": 21.15909,
    "KordinataY": 42.66154,
    "Photo": ""
  },
  {
    "id": 420460,
    "Lloji": "Gjethërënës",
    "Lartesi": "I ulët (< 1m)",
    "Gjendja": "E mirë",
    "KordinataX": 21.15907,
    "KordinataY": 42.66155,
    "Photo": ""
  },
  {
    "id": 420461,
    "Lloji": "Gjethërënës",
    "Lartesi": "I ulët (< 1m)",
    "Gjendja": "E mirë",
    "KordinataX": 21.15909,
    "KordinataY": 42.66154,
    "Photo": ""
  },
  {
    "id": 420462,
    "Lloji": "Gjethërënës",
    "Lartesi": "I ulët (< 1m)",
    "Gjendja": "E mirë",
    "KordinataX": 21.15908,
    "KordinataY": 42.66154,
    "Photo": ""
  },
  {
    "id": 420483,
    "Lloji": "Gjethëmbajtës",
    "Lartesi": "I lartë (> 3m)",
    "Gjendja": "E mirë",
    "KordinataX": 21.15956,
    "KordinataY": 42.66284,
    "Photo": ""
  },
  {
    "id": 420484,
    "Lloji": "Gjethëmbajtës",
    "Lartesi": "I lartë (> 3m)",
    "Gjendja": "E mirë",
    "KordinataX": 21.15954,
    "KordinataY": 42.66325,
    "Photo": ""
  }
]