[
  {
    "id": 33001,
    "Lloji": "Gjethërënës",
    "Lartesi": "I mesëm (1 - 3m)",
    "Gjendja": "E mirë",
    "KordinataX": 21.15949,
    "KordinataY": 42.66135,
    "Photo": ""
  },
  {
    "id": 33002,
    "Lloji": "Gjethërënës",
    "Lartesi": "I mesëm (1 - 3m)",
    "Gjendja": "E mirë",
    "KordinataX": 21.15957,
    "KordinataY": 42.6613,
    "Photo": ""
  },
  {
    "id": 33003,
    "Lloji": "Gjethërënës",
    "Lartesi": "I mesëm (1 - 3m)",
    "Gjendja": "E mirë",
    "KordinataX": 21.1597,
    "KordinataY": 42.66125,
    "Photo": ""
  },
  {
    "id": 33004,
    "Lloji": "Gjethërënës",
    "Lartesi": "I mesëm (1 - 3m)",
    "Gjendja": "E mirë",
    "KordinataX": 21.15978,
    "KordinataY": 42.66122,
    "Photo": ""
  },
  {
    "id": 33005,
    "Lloji": "Gjethërënës",
    "Lartesi": "I mesëm (1 - 3m)",
    "Gjendja": "E mirë",
    "KordinataX": 21.15996,
    "KordinataY": 42.66114,
    "Photo": ""
  },
  {
    "id": 33006,
    "Lloji": "Gjethërënës",
    "Lartesi": "I mesëm (1 - 3m)",
    "Gjendja": "E mirë",
    "KordinataX": 21.16004,
    "KordinataY": 42.6611,
    "Photo": ""
  },
  {
    "id": 33007,
    "Lloji": "Gjethërënës",
    "Lartesi": "I mesëm (1 - 3m)",
    "Gjendja": "E mirë",
    "KordinataX": 21.1605,
    "KordinataY": 42.66092,
    "Photo": ""
  },
  {
    "id": 33008,
    "Lloji": "Gjethërënës",
    "Lartesi": "I mesëm (1 - 3m)",
    "Gjendja": "E mirë",
    "KordinataX": 21.16038,
    "KordinataY": 42.66099,
    "Photo": ""
  },
  {
    "id": 33009,
    "Lloji": "Gjethërënës",
    "Lartesi": "I mesëm (1 - 3m)",
    "Gjendja": "E mirë",
    "KordinataX": 21.16046,
    "KordinataY": 42.661,
    "Photo": ""
  },
  {
    "id": 33010,
    "Lloji": "Gjethërënës",
    "Lartesi": "I mesëm (1 - 3m)",
    "Gjendja": "E mirë",
    "KordinataX": 21.16062,
    "KordinataY": 42.66084,
    "Photo": ""
  },
  {
    "id": 33011,
    "Lloji": "Gjethërënës",
    "Lartesi": "I mesëm (1 - 3m)",
    "Gjendja": "E mirë",
    "KordinataX": 21.16063,
    "KordinataY": 42.66089,
    "Photo": ""
  },
  {
    "id": 33012,
    "Lloji": "Gjethërënës",
    "Lartesi": "I mesëm (1 - 3m)",
    "Gjendja": "E mirë",
    "KordinataX": 21.16064,
    "KordinataY": 42.66094,
    "Photo": ""
  },
  {
    "id": 33013,
    "Lloji": "Gjethërënës",
    "Lartesi": "I mesëm (1 - 3m)",
    "Gjendja": "E mirë",
    "KordinataX": 21.1607,
    "KordinataY": 42.66098,
    "Photo": ""
  },
  {
    "id": 33014,
    "Lloji": "Gjethërënës",
    "Lartesi": "I mesëm (1 - 3m)",
    "Gjendja": "E mirë",
    "KordinataX": 21.16075,
    "KordinataY": 42.66102,
    "Photo": ""
  },
  {
    "id": 33015,
    "Lloji": "Gjethërënës",
    "Lartesi": "I mesëm (1 - 3m)",
    "Gjendja": "E mirë",
    "KordinataX": 21.16057,
    "KordinataY": 42.66112,
    "Photo": ""
  },
  {
    "id": 33016,
    "Lloji": "Gjethërënës",
    "Lartesi": "I mesëm (1 - 3m)",
    "Gjendja": "E mirë",
    "KordinataX": 21.16034,
    "KordinataY": 42.66106,
    "Photo": ""
  },
  {
    "id": 33017,
    "Lloji": "Gjethërënës",
    "Lartesi": "I mesëm (1 - 3m)",
    "Gjendja": "E mirë",
    "KordinataX": 21.1604,
    "KordinataY": 42.66109,
    "Photo": ""
  },
  {
    "id": 33018,
    "Lloji": "Gjethërënës",
    "Lartesi": "I mesëm (1 - 3m)",
    "Gjendja": "E mirë",
    "KordinataX": 21.16044,
    "KordinataY": 42.66113,
    "Photo": ""
  },
  {
    "id": 33020,
    "Lloji": "Gjethërënës",
    "Lartesi": "I mesëm (1 - 3m)",
    "Gjendja": "E mirë",
    "KordinataX": 21.16072,
    "KordinataY": 42.66079,
    "Photo": ""
  },
  {
    "id": 33021,
    "Lloji": "Gjethërënës",
    "Lartesi": "I mesëm (1 - 3m)",
    "Gjendja": "E mirë",
    "KordinataX": 21.16127,
    "KordinataY": 42.6608,
    "Photo": ""
  },
  {
    "id": 33022,
    "Lloji": "Gjethërënës",
    "Lartesi": "I mesëm (1 - 3m)",
    "Gjendja": "E mirë",
    "KordinataX": 21.16136,
    "KordinataY": 42.66085,
    "Photo": ""
  },
  {
    "id": 33023,
    "Lloji": "Gjethërënës",
    "Lartesi": "I mesëm (1 - 3m)",
    "Gjendja": "E mirë",
    "KordinataX": 21.16148,
    "KordinataY": 42.66097,
    "Photo": ""
  },
  {
    "id": 33024,
    "Lloji": "Gjethërënës",
    "Lartesi": "I mesëm (1 - 3m)",
    "Gjendja": "E mirë",
    "KordinataX": 21.16135,
    "KordinataY": 42.66061,
    "Photo": ""
  },
  {
    "id": 33025,
    "Lloji": "Gjethërënës",
    "Lartesi": "I mesëm (1 - 3m)",
    "Gjendja": "E mirë",
    "KordinataX": 21.16139,
    "KordinataY": 42.66065,
    "Photo": ""
  },
  {
    "id": 33026,
    "Lloji": "Gjethërënës",
    "Lartesi": "I mesëm (1 - 3m)",
    "Gjendja": "E mirë",
    "KordinataX": 21.16146,
    "KordinataY": 42.66073,
    "Photo": ""
  },
  {
    "id": 33027,
    "Lloji": "Gjethërënës",
    "Lartesi": "I mesëm (1 - 3m)",
    "Gjendja": "E mirë",
    "KordinataX": 21.16123,
    "KordinataY": 42.66065,
    "Photo": ""
  },
  {
    "id": 33028,
    "Lloji": "Gjethërënës",
    "Lartesi": "I mesëm (1 - 3m)",
    "Gjendja": "E mirë",
    "KordinataX": 21.16127,
    "KordinataY": 42.66069,
    "Photo": ""
  },
  {
    "id": 33029,
    "Lloji": "Gjethërënës",
    "Lartesi": "I mesëm (1 - 3m)",
    "Gjendja": "E mirë",
    "KordinataX": 21.16131,
    "KordinataY": 42.66073,
    "Photo": ""
  },
  {
    "id": 33030,
    "Lloji": "Gjethërënës",
    "Lartesi": "I mesëm (1 - 3m)",
    "Gjendja": "E mirë",
    "KordinataX": 21.16136,
    "KordinataY": 42.66077,
    "Photo": ""
  },
  {
    "id": 33031,
    "Lloji": "Gjethërënës",
    "Lartesi": "I mesëm (1 - 3m)",
    "Gjendja": "E mirë",
    "KordinataX": 21.16142,
    "KordinataY": 42.66068,
    "Photo": ""
  },
  {
    "id": 33032,
    "Lloji": "Gjethërënës",
    "Lartesi": "I mesëm (1 - 3m)",
    "Gjendja": "E mirë",
    "KordinataX": 21.16145,
    "KordinataY": 42.66072,
    "Photo": ""
  },
  {
    "id": 33033,
    "Lloji": "Gjethërënës",
    "Lartesi": "I mesëm (1 - 3m)",
    "Gjendja": "E mirë",
    "KordinataX": 21.16141,
    "KordinataY": 42.66082,
    "Photo": ""
  },
  {
    "id": 33034,
    "Lloji": "Gjethërënës",
    "Lartesi": "I mesëm (1 - 3m)",
    "Gjendja": "E mirë",
    "KordinataX": 21.16145,
    "KordinataY": 42.66087,
    "Photo": ""
  },
  {
    "id": 33035,
    "Lloji": "Gjethërënës",
    "Lartesi": "I mesëm (1 - 3m)",
    "Gjendja": "E mirë",
    "KordinataX": 21.16151,
    "KordinataY": 42.66092,
    "Photo": ""
  },
  {
    "id": 33037,
    "Lloji": "Gjethërënës",
    "Lartesi": "I mesëm (1 - 3m)",
    "Gjendja": "E mirë",
    "KordinataX": 21.16159,
    "KordinataY": 42.661,
    "Photo": ""
  },
  {
    "id": 33038,
    "Lloji": "Gjethërënës",
    "Lartesi": "I mesëm (1 - 3m)",
    "Gjendja": "E mirë",
    "KordinataX": 21.16163,
    "KordinataY": 42.66104,
    "Photo": ""
  },
  {
    "id": 33039,
    "Lloji": "Gjethërënës",
    "Lartesi": "I mesëm (1 - 3m)",
    "Gjendja": "E mirë",
    "KordinataX": 21.16167,
    "KordinataY": 42.66108,
    "Photo": ""
  },
  {
    "id": 33040,
    "Lloji": "Gjethërënës",
    "Lartesi": "I mesëm (1 - 3m)",
    "Gjendja": "E mirë",
    "KordinataX": 21.16171,
    "KordinataY": 42.66112,
    "Photo": ""
  },
  {
    "id": 33041,
    "Lloji": "Gjethëmbajtës",
    "Lartesi": "I mesëm (1 - 3m)",
    "Gjendja": "E mirë",
    "KordinataX": 21.16157,
    "KordinataY": 42.66106,
    "Photo": ""
  },
  {
    "id": 33042,
    "Lloji": "Gjethëmbajtës",
    "Lartesi": "I mesëm (1 - 3m)",
    "Gjendja": "E mirë",
    "KordinataX": 21.16159,
    "KordinataY": 42.66108,
    "Photo": ""
  },
  {
    "id": 33043,
    "Lloji": "Gjethëmbajtës",
    "Lartesi": "I mesëm (1 - 3m)",
    "Gjendja": "E mirë",
    "KordinataX": 21.16161,
    "KordinataY": 42.6611,
    "Photo": ""
  },
  {
    "id": 33044,
    "Lloji": "Gjethërënës",
    "Lartesi": "I mesëm (1 - 3m)",
    "Gjendja": "E mirë",
    "KordinataX": 21.16175,
    "KordinataY": 42.66116,
    "Photo": ""
  },
  {
    "id": 33045,
    "Lloji": "Gjethërënës",
    "Lartesi": "I mesëm (1 - 3m)",
    "Gjendja": "E mirë",
    "KordinataX": 21.16179,
    "KordinataY": 42.66119,
    "Photo": ""
  },
  {
    "id": 33046,
    "Lloji": "Gjethërënës",
    "Lartesi": "I lartë (> 3m)",
    "Gjendja": "E mirë",
    "KordinataX": 21.16178,
    "KordinataY": 42.66128,
    "Photo": ""
  },
  {
    "id": 33047,
    "Lloji": "Gjethërënës",
    "Lartesi": "I mesëm (1 - 3m)",
    "Gjendja": "E mirë",
    "KordinataX": 21.16171,
    "KordinataY": 42.66121,
    "Photo": ""
  },
  {
    "id": 33048,
    "Lloji": "Gjethërënës",
    "Lartesi": "I mesëm (1 - 3m)",
    "Gjendja": "E mirë",
    "KordinataX": 21.1619,
    "KordinataY": 42.66115,
    "Photo": ""
  },
  {
    "id": 33049,
    "Lloji": "Gjethërënës",
    "Lartesi": "I mesëm (1 - 3m)",
    "Gjendja": "E mirë",
    "KordinataX": 21.16195,
    "KordinataY": 42.66119,
    "Photo": ""
  },
  {
    "id": 33050,
    "Lloji": "Gjethërënës",
    "Lartesi": "I mesëm (1 - 3m)",
    "Gjendja": "E mirë",
    "KordinataX": 21.162,
    "KordinataY": 42.66124,
    "Photo": ""
  },
  {
    "id": 33051,
    "Lloji": "Gjethërënës",
    "Lartesi": "I mesëm (1 - 3m)",
    "Gjendja": "E mirë",
    "KordinataX": 21.16182,
    "KordinataY": 42.66123,
    "Photo": ""
  },
  {
    "id": 33052,
    "Lloji": "Gjethërënës",
    "Lartesi": "I mesëm (1 - 3m)",
    "Gjendja": "E mirë",
    "KordinataX": 21.16187,
    "KordinataY": 42.66127,
    "Photo": ""
  },
  {
    "id": 33053,
    "Lloji": "Gjethërënës",
    "Lartesi": "I mesëm (1 - 3m)",
    "Gjendja": "E mirë",
    "KordinataX": 21.16192,
    "KordinataY": 42.66133,
    "Photo": ""
  },
  {
    "id": 33054,
    "Lloji": "Gjethërënës",
    "Lartesi": "I mesëm (1 - 3m)",
    "Gjendja": "E mirë",
    "KordinataX": 21.16197,
    "KordinataY": 42.66137,
    "Photo": ""
  },
  {
    "id": 33055,
    "Lloji": "Gjethëmbajtës",
    "Lartesi": "I mesëm (1 - 3m)",
    "Gjendja": "E mirë",
    "KordinataX": 21.16186,
    "KordinataY": 42.66135,
    "Photo": ""
  },
  {
    "id": 33056,
    "Lloji": "Gjethërënës",
    "Lartesi": "I mesëm (1 - 3m)",
    "Gjendja": "E mirë",
    "KordinataX": 21.16189,
    "KordinataY": 42.66137,
    "Photo": ""
  },
  {
    "id": 33057,
    "Lloji": "Gjethërënës",
    "Lartesi": "I mesëm (1 - 3m)",
    "Gjendja": "E mirë",
    "KordinataX": 21.16204,
    "KordinataY": 42.66144,
    "Photo": ""
  },
  {
    "id": 33058,
    "Lloji": "Gjethërënës",
    "Lartesi": "I mesëm (1 - 3m)",
    "Gjendja": "E mirë",
    "KordinataX": 21.16209,
    "KordinataY": 42.66149,
    "Photo": ""
  },
  {
    "id": 33059,
    "Lloji": "Gjethërënës",
    "Lartesi": "I mesëm (1 - 3m)",
    "Gjendja": "E mirë",
    "KordinataX": 21.16213,
    "KordinataY": 42.66153,
    "Photo": ""
  },
  {
    "id": 33060,
    "Lloji": "Gjethërënës",
    "Lartesi": "I mesëm (1 - 3m)",
    "Gjendja": "E mirë",
    "KordinataX": 21.16217,
    "KordinataY": 42.66158,
    "Photo": ""
  },
  {
    "id": 33061,
    "Lloji": "Gjethërënës",
    "Lartesi": "I mesëm (1 - 3m)",
    "Gjendja": "E mirë",
    "KordinataX": 21.16223,
    "KordinataY": 42.66163,
    "Photo": ""
  },
  {
    "id": 33062,
    "Lloji": "Gjethërënës",
    "Lartesi": "I mesëm (1 - 3m)",
    "Gjendja": "E mirë",
    "KordinataX": 21.16227,
    "KordinataY": 42.66168,
    "Photo": ""
  },
  {
    "id": 33063,
    "Lloji": "Gjethëmbajtës",
    "Lartesi": "I mesëm (1 - 3m)",
    "Gjendja": "E mirë",
    "KordinataX": 21.16203,
    "KordinataY": 42.66151,
    "Photo": ""
  },
  {
    "id": 33069,
    "Lloji": "Gjethëmbajtës",
    "Lartesi": "I mesëm (1 - 3m)",
    "Gjendja": "E mirë",
    "KordinataX": 21.16207,
    "KordinataY": 42.66154,
    "Photo": ""
  },
  {
    "id": 33070,
    "Lloji": "Gjethëmbajtës",
    "Lartesi": "I mesëm (1 - 3m)",
    "Gjendja": "E mirë",
    "KordinataX": 21.16214,
    "KordinataY": 42.66161,
    "Photo": ""
  },
  {
    "id": 33071,
    "Lloji": "Gjethëmbajtës",
    "Lartesi": "I mesëm (1 - 3m)",
    "Gjendja": "E mirë",
    "KordinataX": 21.16217,
    "KordinataY": 42.66164,
    "Photo": ""
  },
  {
    "id": 33072,
    "Lloji": "Gjethërënës",
    "Lartesi": "I lartë (> 3m)",
    "Gjendja": "E mirë",
    "KordinataX": 21.16251,
    "KordinataY": 42.66169,
    "Photo": ""
  },
  {
    "id": 33073,
    "Lloji": "Gjethërënës",
    "Lartesi": "I lartë (> 3m)",
    "Gjendja": "E mirë",
    "KordinataX": 21.16239,
    "KordinataY": 42.66163,
    "Photo": ""
  },
  {
    "id": 33073,
    "Lloji": "Gjethërënës",
    "Lartesi": "I lartë (> 3m)",
    "Gjendja": "E mirë",
    "KordinataX": 21.16245,
    "KordinataY": 42.66157,
    "Photo": ""
  },
  {
    "id": 33074,
    "Lloji": "Gjethëmbajtës",
    "Lartesi": "I mesëm (1 - 3m)",
    "Gjendja": "E mirë",
    "KordinataX": 21.16237,
    "KordinataY": 42.66149,
    "Photo": ""
  },
  {
    "id": 33075,
    "Lloji": "Gjethëmbajtës",
    "Lartesi": "I mesëm (1 - 3m)",
    "Gjendja": "E mirë",
    "KordinataX": 21.16239,
    "KordinataY": 42.66147,
    "Photo": ""
  },
  {
    "id": 33076,
    "Lloji": "Gjethëmbajtës",
    "Lartesi": "I mesëm (1 - 3m)",
    "Gjendja": "E mirë",
    "KordinataX": 21.16228,
    "KordinataY": 42.66139,
    "Photo": ""
  },
  {
    "id": 33077,
    "Lloji": "Gjethërënës",
    "Lartesi": "I lartë (> 3m)",
    "Gjendja": "E mirë",
    "KordinataX": 21.16215,
    "KordinataY": 42.66138,
    "Photo": ""
  },
  {
    "id": 33077,
    "Lloji": "Gjethërënës",
    "Lartesi": "I lartë (> 3m)",
    "Gjendja": "E mirë",
    "KordinataX": 21.16223,
    "KordinataY": 42.66128,
    "Photo": ""
  },
  {
    "id": 33078,
    "Lloji": "Gjethërënës",
    "Lartesi": "I lartë (> 3m)",
    "Gjendja": "E mirë",
    "KordinataX": 21.16234,
    "KordinataY": 42.66137,
    "Photo": ""
  },
  {
    "id": 33079,
    "Lloji": "Gjethëmbajtës",
    "Lartesi": "I mesëm (1 - 3m)",
    "Gjendja": "E mirë",
    "KordinataX": 21.16221,
    "KordinataY": 42.66133,
    "Photo": ""
  },
  {
    "id": 33079,
    "Lloji": "Gjethërënës",
    "Lartesi": "I mesëm (1 - 3m)",
    "Gjendja": "E mirë",
    "KordinataX": 21.16242,
    "KordinataY": 42.66144,
    "Photo": ""
  },
  {
    "id": 33080,
    "Lloji": "Gjethërënës",
    "Lartesi": "I mesëm (1 - 3m)",
    "Gjendja": "E mirë",
    "KordinataX": 21.16171,
    "KordinataY": 42.6618,
    "Photo": ""
  },
  {
    "id": 33081,
    "Lloji": "Gjethërënës",
    "Lartesi": "I mesëm (1 - 3m)",
    "Gjendja": "E mirë",
    "KordinataX": 21.16173,
    "KordinataY": 42.66183,
    "Photo": ""
  },
  {
    "id": 33082,
    "Lloji": "Gjethërënës",
    "Lartesi": "I mesëm (1 - 3m)",
    "Gjendja": "E mirë",
    "KordinataX": 21.16175,
    "KordinataY": 42.66186,
    "Photo": ""
  },
  {
    "id": 33083,
    "Lloji": "Gjethërënës",
    "Lartesi": "I mesëm (1 - 3m)",
    "Gjendja": "E mirë",
    "KordinataX": 21.16173,
    "KordinataY": 42.66196,
    "Photo": ""
  },
  {
    "id": 33084,
    "Lloji": "Gjethërënës",
    "Lartesi": "I mesëm (1 - 3m)",
    "Gjendja": "E mirë",
    "KordinataX": 21.16148,
    "KordinataY": 42.66205,
    "Photo": ""
  },
  {
    "id": 33085,
    "Lloji": "Gjethërënës",
    "Lartesi": "I mesëm (1 - 3m)",
    "Gjendja": "E mirë",
    "KordinataX": 21.16138,
    "KordinataY": 42.66209,
    "Photo": ""
  },
  {
    "id": 33086,
    "Lloji": "Gjethërënës",
    "Lartesi": "I mesëm (1 - 3m)",
    "Gjendja": "E mirë",
    "KordinataX": 21.1604,
    "KordinataY": 42.66246,
    "Photo": ""
  },
  {
    "id": 33087,
    "Lloji": "Gjethërënës",
    "Lartesi": "I mesëm (1 - 3m)",
    "Gjendja": "E mirë",
    "KordinataX": 21.16022,
    "KordinataY": 42.6626,
    "Photo": ""
  },
  {
    "id": 33089,
    "Lloji": "Gjethërënës",
    "Lartesi": "I mesëm (1 - 3m)",
    "Gjendja": "E mirë",
    "KordinataX": 21.16009,
    "KordinataY": 42.66251,
    "Photo": ""
  },
  {
    "id": 33091,
    "Lloji": "Gjethërënës",
    "Lartesi": "I mesëm (1 - 3m)",
    "Gjendja": "E mirë",
    "KordinataX": 21.16,
    "KordinataY": 42.66233,
    "Photo": ""
  },
  {
    "id": 33093,
    "Lloji": "Gjethërënës",
    "Lartesi": "I mesëm (1 - 3m)",
    "Gjendja": "E mirë",
    "KordinataX": 21.15994,
    "KordinataY": 42.66221,
    "Photo": ""
  },
  {
    "id": 33094,
    "Lloji": "Gjethërënës",
    "Lartesi": "I mesëm (1 - 3m)",
    "Gjendja": "E mirë",
    "KordinataX": 21.15988,
    "KordinataY": 42.66213,
    "Photo": ""
  },
  {
    "id": 33095,
    "Lloji": "Gjethërënës",
    "Lartesi": "I mesëm (1 - 3m)",
    "Gjendja": "E mirë",
    "KordinataX": 21.15988,
    "KordinataY": 42.66208,
    "Photo": ""
  },
  {
    "id": 33096,
    "Lloji": "Gjethërënës",
    "Lartesi": "I mesëm (1 - 3m)",
    "Gjendja": "E mirë",
    "KordinataX": 21.15982,
    "KordinataY": 42.66197,
    "Photo": ""
  },
  {
    "id": 33097,
    "Lloji": "Gjethërënës",
    "Lartesi": "I mesëm (1 - 3m)",
    "Gjendja": "E mirë",
    "KordinataX": 21.15975,
    "KordinataY": 42.66185,
    "Photo": ""
  },
  {
    "id": 33098,
    "Lloji": "Gjethërënës",
    "Lartesi": "I mesëm (1 - 3m)",
    "Gjendja": "E mirë",
    "KordinataX": 21.15973,
    "KordinataY": 42.66177,
    "Photo": ""
  },
  {
    "id": 33099,
    "Lloji": "Gjethërënës",
    "Lartesi": "I mesëm (1 - 3m)",
    "Gjendja": "E mirë",
    "KordinataX": 21.15966,
    "KordinataY": 42.66166,
    "Photo": ""
  },
  {
    "id": 33100,
    "Lloji": "Gjethërënës",
    "Lartesi": "I mesëm (1 - 3m)",
    "Gjendja": "E mirë",
    "KordinataX": 21.15955,
    "KordinataY": 42.66147,
    "Photo": ""
  },
  {
    "id": 33101,
    "Lloji": "Gjethërënës",
    "Lartesi": "I mesëm (1 - 3m)",
    "Gjendja": "E mirë",
    "KordinataX": 21.15953,
    "KordinataY": 42.66143,
    "Photo": ""
  },
  {
    "id": 33102,
    "Lloji": "Gjethërënës",
    "Lartesi": "I mesëm (1 - 3m)",
    "Gjendja": "E mirë",
    "KordinataX": 21.16022,
    "KordinataY": 42.66216,
    "Photo": ""
  },
  {
    "id": 330103,
    "Lloji": "Gjethërënës",
    "Lartesi": "I mesëm (1 - 3m)",
    "Gjendja": "E mirë",
    "KordinataX": 21.16026,
    "KordinataY": 42.66215,
    "Photo": ""
  },
  {
    "id": 33104,
    "Lloji": "Gjethërënës",
    "Lartesi": "I mesëm (1 - 3m)",
    "Gjendja": "E mirë",
    "KordinataX": 21.16044,
    "KordinataY": 42.66206,
    "Photo": ""
  },
  {
    "id": 33105,
    "Lloji": "Gjethërënës",
    "Lartesi": "I mesëm (1 - 3m)",
    "Gjendja": "E mirë",
    "KordinataX": 21.16038,
    "KordinataY": 42.66196,
    "Photo": ""
  },
  {
    "id": 33106,
    "Lloji": "Gjethërënës",
    "Lartesi": "I mesëm (1 - 3m)",
    "Gjendja": "E mirë",
    "KordinataX": 21.16013,
    "KordinataY": 42.66196,
    "Photo": ""
  },
  {
    "id": 33107,
    "Lloji": "Gjethërënës",
    "Lartesi": "I mesëm (1 - 3m)",
    "Gjendja": "E mirë",
    "KordinataX": 21.16018,
    "KordinataY": 42.66204,
    "Photo": ""
  },
  {
    "id": 33108,
    "Lloji": "Gjethërënës",
    "Lartesi": "I mesëm (1 - 3m)",
    "Gjendja": "E mirë",
    "KordinataX": 21.16011,
    "KordinataY": 42.66173,
    "Photo": ""
  },
  {
    "id": 33109,
    "Lloji": "Gjethërënës",
    "Lartesi": "I mesëm (1 - 3m)",
    "Gjendja": "E mirë",
    "KordinataX": 21.16024,
    "KordinataY": 42.66134,
    "Photo": ""
  },
  {
    "id": 33110,
    "Lloji": "Gjethërënës",
    "Lartesi": "I mesëm (1 - 3m)",
    "Gjendja": "E mirë",
    "KordinataX": 21.16029,
    "KordinataY": 42.6615,
    "Photo": ""
  },
  {
    "id": 33111,
    "Lloji": "Gjethërënës",
    "Lartesi": "I mesëm (1 - 3m)",
    "Gjendja": "E mirë",
    "KordinataX": 21.16052,
    "KordinataY": 42.66176,
    "Photo": ""
  },
  {
    "id": 33112,
    "Lloji": "Gjethërënës",
    "Lartesi": "I mesëm (1 - 3m)",
    "Gjendja": "E mirë",
    "KordinataX": 21.16067,
    "KordinataY": 42.66198,
    "Photo": ""
  },
  {
    "id": 33113,
    "Lloji": "Gjethërënës",
    "Lartesi": "I mesëm (1 - 3m)",
    "Gjendja": "E mirë",
    "KordinataX": 21.1606,
    "KordinataY": 42.66187,
    "Photo": ""
  },
  {
    "id": 33114,
    "Lloji": "Gjethërënës",
    "Lartesi": "I mesëm (1 - 3m)",
    "Gjendja": "E mirë",
    "KordinataX": 21.16061,
    "KordinataY": 42.66172,
    "Photo": ""
  },
  {
    "id": 33115,
    "Lloji": "Gjethërënës",
    "Lartesi": "I mesëm (1 - 3m)",
    "Gjendja": "E mirë",
    "KordinataX": 21.16113,
    "KordinataY": 42.66191,
    "Photo": ""
  },
  {
    "id": 33116,
    "Lloji": "Gjethërënës",
    "Lartesi": "I mesëm (1 - 3m)",
    "Gjendja": "E mirë",
    "KordinataX": 21.16131,
    "KordinataY": 42.66135,
    "Photo": ""
  },
  {
    "id": 33117,
    "Lloji": "Gjethërënës",
    "Lartesi": "I mesëm (1 - 3m)",
    "Gjendja": "E mirë",
    "KordinataX": 21.16135,
    "KordinataY": 42.66142,
    "Photo": ""
  },
  {
    "id": 33118,
    "Lloji": "Gjethërënës",
    "Lartesi": "I mesëm (1 - 3m)",
    "Gjendja": "E mirë",
    "KordinataX": 21.16145,
    "KordinataY": 42.66153,
    "Photo": ""
  },
  {
    "id": 33119,
    "Lloji": "Gjethërënës",
    "Lartesi": "I mesëm (1 - 3m)",
    "Gjendja": "E mirë",
    "KordinataX": 21.16151,
    "KordinataY": 42.66161,
    "Photo": ""
  },
  {
    "id": 33120,
    "Lloji": "Gjethërënës",
    "Lartesi": "I mesëm (1 - 3m)",
    "Gjendja": "E mirë",
    "KordinataX": 21.1615,
    "KordinataY": 42.66148,
    "Photo": ""
  },
  {
    "id": 33121,
    "Lloji": "Gjethërënës",
    "Lartesi": "I mesëm (1 - 3m)",
    "Gjendja": "E mirë",
    "KordinataX": 21.16154,
    "KordinataY": 42.66153,
    "Photo": ""
  },
  {
    "id": 33122,
    "Lloji": "Gjethërënës",
    "Lartesi": "I mesëm (1 - 3m)",
    "Gjendja": "E mirë",
    "KordinataX": 21.16142,
    "KordinataY": 42.66141,
    "Photo": ""
  },
  {
    "id": 33123,
    "Lloji": "Gjethërënës",
    "Lartesi": "I mesëm (1 - 3m)",
    "Gjendja": "E mirë",
    "KordinataX": 21.16137,
    "KordinataY": 42.66131,
    "Photo": ""
  },
  {
    "id": 33124,
    "Lloji": "Gjethërënës",
    "Lartesi": "I lartë (> 3m)",
    "Gjendja": "E mirë",
    "KordinataX": 21.16054,
    "KordinataY": 42.66135,
    "Photo": ""
  },
  {
    "id": 33125,
    "Lloji": "Gjethërënës",
    "Lartesi": "I mesëm (1 - 3m)",
    "Gjendja": "E mirë",
    "KordinataX": 21.1624,
    "KordinataY": 42.66083,
    "Photo": ""
  },
  {
    "id": 33126,
    "Lloji": "Gjethërënës",
    "Lartesi": "I mesëm (1 - 3m)",
    "Gjendja": "E mirë",
    "KordinataX": 21.1626,
    "KordinataY": 42.66082,
    "Photo": ""
  },
  {
    "id": 33127,
    "Lloji": "Gjethërënës",
    "Lartesi": "I mesëm (1 - 3m)",
    "Gjendja": "E mirë",
    "KordinataX": 21.16264,
    "KordinataY": 42.6611,
    "Photo": ""
  },
  {
    "id": 33128,
    "Lloji": "Gjethërënës",
    "Lartesi": "I mesëm (1 - 3m)",
    "Gjendja": "E mirë",
    "KordinataX": 21.16301,
    "KordinataY": 42.66108,
    "Photo": ""
  },
  {
    "id": 33129,
    "Lloji": "Gjethërënës",
    "Lartesi": "I mesëm (1 - 3m)",
    "Gjendja": "E mirë",
    "KordinataX": 21.16295,
    "KordinataY": 42.66117,
    "Photo": ""
  },
  {
    "id": 33130,
    "Lloji": "Gjethërënës",
    "Lartesi": "I mesëm (1 - 3m)",
    "Gjendja": "E mirë",
    "KordinataX": 21.16294,
    "KordinataY": 42.66141,
    "Photo": ""
  },
  {
    "id": 33131,
    "Lloji": "Gjethërënës",
    "Lartesi": "I mesëm (1 - 3m)",
    "Gjendja": "E mirë",
    "KordinataX": 21.16274,
    "KordinataY": 42.66142,
    "Photo": ""
  },
  {
    "id": 33132,
    "Lloji": "Gjethërënës",
    "Lartesi": "I mesëm (1 - 3m)",
    "Gjendja": "E mirë",
    "KordinataX": 21.16281,
    "KordinataY": 42.66085,
    "Photo": ""
  },
  {
    "id": 33135,
    "Lloji": "Gjethërënës",
    "Lartesi": "I mesëm (1 - 3m)",
    "Gjendja": "E mirë",
    "KordinataX": 21.16297,
    "KordinataY": 42.6613,
    "Photo": ""
  },
  {
    "id": 33136,
    "Lloji": "Gjethërënës",
    "Lartesi": "I mesëm (1 - 3m)",
    "Gjendja": "E mirë",
    "KordinataX": 21.16305,
    "KordinataY": 42.66138,
    "Photo": ""
  },
  {
    "id": 33137,
    "Lloji": "Gjethërënës",
    "Lartesi": "I mesëm (1 - 3m)",
    "Gjendja": "E mirë",
    "KordinataX": 21.16271,
    "KordinataY": 42.66116,
    "Photo": ""
  },
  {
    "id": 33138,
    "Lloji": "Gjethërënës",
    "Lartesi": "I mesëm (1 - 3m)",
    "Gjendja": "E mirë",
    "KordinataX": 21.16249,
    "KordinataY": 42.66089,
    "Photo": ""
  },
  {
    "id": 33139,
    "Lloji": "Gjethërënës",
    "Lartesi": "I mesëm (1 - 3m)",
    "Gjendja": "E mirë",
    "KordinataX": 21.16247,
    "KordinataY": 42.66047,
    "Photo": ""
  },
  {
    "id": 33140,
    "Lloji": "Gjethërënës",
    "Lartesi": "I mesëm (1 - 3m)",
    "Gjendja": "E mirë",
    "KordinataX": 21.16242,
    "KordinataY": 42.66043,
    "Photo": ""
  },
  {
    "id": 33141,
    "Lloji": "Gjethërënës",
    "Lartesi": "I mesëm (1 - 3m)",
    "Gjendja": "E mirë",
    "KordinataX": 21.16238,
    "KordinataY": 42.66039,
    "Photo": ""
  },
  {
    "id": 33142,
    "Lloji": "Gjethërënës",
    "Lartesi": "I mesëm (1 - 3m)",
    "Gjendja": "E mirë",
    "KordinataX": 21.16218,
    "KordinataY": 42.66071,
    "Photo": ""
  },
  {
    "id": 33143,
    "Lloji": "Gjethërënës",
    "Lartesi": "I mesëm (1 - 3m)",
    "Gjendja": "E mirë",
    "KordinataX": 21.1623,
    "KordinataY": 42.66064,
    "Photo": ""
  },
  {
    "id": 33143,
    "Lloji": "Gjethërënës",
    "Lartesi": "I mesëm (1 - 3m)",
    "Gjendja": "E mirë",
    "KordinataX": 21.16233,
    "KordinataY": 42.66062,
    "Photo": ""
  },
  {
    "id": 33144,
    "Lloji": "Gjethërënës",
    "Lartesi": "I mesëm (1 - 3m)",
    "Gjendja": "E mirë",
    "KordinataX": 21.16238,
    "KordinataY": 42.66064,
    "Photo": ""
  },
  {
    "id": 33169,
    "Lloji": "Gjethërënës",
    "Lartesi": "I mesëm (1 - 3m)",
    "Gjendja": "E mirë",
    "KordinataX": 21.16218,
    "KordinataY": 42.66102,
    "Photo": ""
  },
  {
    "id": 33170,
    "Lloji": "Gjethërënës",
    "Lartesi": "I mesëm (1 - 3m)",
    "Gjendja": "E mirë",
    "KordinataX": 21.16203,
    "KordinataY": 42.66111,
    "Photo": ""
  }
]