[
  {
    "id": 320418,
    "Lloji": "Gjethëmbajtës",
    "Lartesi": "I lartë (> 3m)",
    "Gjendja": "E mirë",
    "KordinataX": 21.16248,
    "KordinataY": 42.66211,
    "Photo": ""
  },
  {
    "id": 320419,
    "Lloji": "Gjethërënës",
    "Lartesi": "I ulët (< 1m)",
    "Gjendja": "E mirë",
    "KordinataX": 21.16246,
    "KordinataY": 42.66208,
    "Photo": ""
  },
  {
    "id": 320421,
    "Lloji": "Gjethërënës",
    "Lartesi": "I ulët (< 1m)",
    "Gjendja": "E mirë",
    "KordinataX": 21.16247,
    "KordinataY": 42.66207,
    "Photo": ""
  },
  {
    "id": 320428,
    "Lloji": "Gjethërënës",
    "Lartesi": "I lartë (> 3m)",
    "Gjendja": "E mirë",
    "KordinataX": 21.16262,
    "KordinataY": 42.66211,
    "Photo": ""
  },
  {
    "id": 320430,
    "Lloji": "Gjethërënës",
    "Lartesi": "I mesëm (1 - 3m)",
    "Gjendja": "E mirë",
    "KordinataX": 21.16267,
    "KordinataY": 42.66218,
    "Photo": ""
  },
  {
    "id": 320431,
    "Lloji": "Gjethërënës",
    "Lartesi": "I mesëm (1 - 3m)",
    "Gjendja": "E mirë",
    "KordinataX": 21.16268,
    "KordinataY": 42.66219,
    "Photo": ""
  },
  {
    "id": 320432,
    "Lloji": "Gjethërënës",
    "Lartesi": "I mesëm (1 - 3m)",
    "Gjendja": "E mirë",
    "KordinataX": 21.16271,
    "KordinataY": 42.66223,
    "Photo": ""
  },
  {
    "id": 320433,
    "Lloji": "Gjethërënës",
    "Lartesi": "I mesëm (1 - 3m)",
    "Gjendja": "E mirë",
    "KordinataX": 21.16274,
    "KordinataY": 42.66226,
    "Photo": ""
  },
  {
    "id": 320434,
    "Lloji": "Gjethërënës",
    "Lartesi": "I mesëm (1 - 3m)",
    "Gjendja": "E mirë",
    "KordinataX": 21.16277,
    "KordinataY": 42.66229,
    "Photo": ""
  },
  {
    "id": 320435,
    "Lloji": "Gjethërënës",
    "Lartesi": "I mesëm (1 - 3m)",
    "Gjendja": "E mirë",
    "KordinataX": 21.16281,
    "KordinataY": 42.66232,
    "Photo": ""
  },
  {
    "id": 320436,
    "Lloji": "Gjethëmbajtës",
    "Lartesi": "I lartë (> 3m)",
    "Gjendja": "E mirë",
    "KordinataX": 21.16263,
    "KordinataY": 42.66225,
    "Photo": ""
  },
  {
    "id": 320437,
    "Lloji": "Gjethërënës",
    "Lartesi": "I lartë (> 3m)",
    "Gjendja": "E mirë",
    "KordinataX": 21.16256,
    "KordinataY": 42.66223,
    "Photo": ""
  },
  {
    "id": 320438,
    "Lloji": "Gjethërënës",
    "Lartesi": "I lartë (> 3m)",
    "Gjendja": "E mirë",
    "KordinataX": 21.16251,
    "KordinataY": 42.66222,
    "Photo": ""
  },
  {
    "id": 320439,
    "Lloji": "Gjethërënës",
    "Lartesi": "I lartë (> 3m)",
    "Gjendja": "E mirë",
    "KordinataX": 21.16253,
    "KordinataY": 42.66224,
    "Photo": ""
  },
  {
    "id": 320440,
    "Lloji": "Gjethërënës",
    "Lartesi": "I ulët (< 1m)",
    "Gjendja": "E mirë",
    "KordinataX": 21.16263,
    "KordinataY": 42.66221,
    "Photo": ""
  },
  {
    "id": 320441,
    "Lloji": "Gjethërënës",
    "Lartesi": "I ulët (< 1m)",
    "Gjendja": "E mirë",
    "KordinataX": 21.1626,
    "KordinataY": 42.66222,
    "Photo": ""
  },
  {
    "id": 320442,
    "Lloji": "Gjethëmbajtës",
    "Lartesi": "I mesëm (1 - 3m)",
    "Gjendja": "E mirë",
    "KordinataX": 21.16268,
    "KordinataY": 42.66226,
    "Photo": ""
  },
  {
    "id": 320443,
    "Lloji": "Gjethëmbajtës",
    "Lartesi": "I mesëm (1 - 3m)",
    "Gjendja": "E mirë",
    "KordinataX": 21.16268,
    "KordinataY": 42.66228,
    "Photo": ""
  },
  {
    "id": 320444,
    "Lloji": "Gjethëmbajtës",
    "Lartesi": "I mesëm (1 - 3m)",
    "Gjendja": "E mirë",
    "KordinataX": 21.16267,
    "KordinataY": 42.6623,
    "Photo": ""
  },
  {
    "id": 320445,
    "Lloji": "Gjethëmbajtës",
    "Lartesi": "I mesëm (1 - 3m)",
    "Gjendja": "E mirë",
    "KordinataX": 21.16271,
    "KordinataY": 42.6623,
    "Photo": ""
  },
  {
    "id": 320446,
    "Lloji": "Gjethërënës",
    "Lartesi": "I lartë (> 3m)",
    "Gjendja": "E mirë",
    "KordinataX": 21.16278,
    "KordinataY": 42.66234,
    "Photo": ""
  },
  {
    "id": 320447,
    "Lloji": "Gjethërënës",
    "Lartesi": "I lartë (> 3m)",
    "Gjendja": "E mirë",
    "KordinataX": 21.16275,
    "KordinataY": 42.66236,
    "Photo": ""
  },
  {
    "id": 320448,
    "Lloji": "Gjethërënës",
    "Lartesi": "I lartë (> 3m)",
    "Gjendja": "E mirë",
    "KordinataX": 21.16272,
    "KordinataY": 42.66237,
    "Photo": ""
  },
  {
    "id": 320449,
    "Lloji": "Gjethërënës",
    "Lartesi": "I lartë (> 3m)",
    "Gjendja": "E mirë",
    "KordinataX": 21.16269,
    "KordinataY": 42.66239,
    "Photo": ""
  },
  {
    "id": 320450,
    "Lloji": "Gjethërënës",
    "Lartesi": "I lartë (> 3m)",
    "Gjendja": "E mirë",
    "KordinataX": 21.16257,
    "KordinataY": 42.66231,
    "Photo": ""
  },
  {
    "id": 320451,
    "Lloji": "Gjethërënës",
    "Lartesi": "I lartë (> 3m)",
    "Gjendja": "E mirë",
    "KordinataX": 21.16261,
    "KordinataY": 42.66234,
    "Photo": ""
  },
  {
    "id": 320452,
    "Lloji": "Gjethërënës",
    "Lartesi": "I lartë (> 3m)",
    "Gjendja": "E mirë",
    "KordinataX": 21.16265,
    "KordinataY": 42.66235,
    "Photo": ""
  },
  {
    "id": 320453,
    "Lloji": "Gjethërënës",
    "Lartesi": "I lartë (> 3m)",
    "Gjendja": "E mirë",
    "KordinataX": 21.16262,
    "KordinataY": 42.66232,
    "Photo": ""
  },
  {
    "id": 320454,
    "Lloji": "Gjethërënës",
    "Lartesi": "I lartë (> 3m)",
    "Gjendja": "E mirë",
    "KordinataX": 21.16259,
    "KordinataY": 42.66228,
    "Photo": ""
  },
  {
    "id": 320455,
    "Lloji": "Gjethërënës",
    "Lartesi": "I lartë (> 3m)",
    "Gjendja": "E mirë",
    "KordinataX": 21.16266,
    "KordinataY": 42.66233,
    "Photo": ""
  },
  {
    "id": 320456,
    "Lloji": "Gjethërënës",
    "Lartesi": "I lartë (> 3m)",
    "Gjendja": "E mirë",
    "KordinataX": 21.16264,
    "KordinataY": 42.66229,
    "Photo": ""
  },
  {
    "id": 320459,
    "Lloji": "Gjethërënës",
    "Lartesi": "I lartë (> 3m)",
    "Gjendja": "E mirë",
    "KordinataX": 21.16284,
    "KordinataY": 42.66258,
    "Photo": ""
  },
  {
    "id": 320474,
    "Lloji": "Gjethërënës",
    "Lartesi": "I mesëm (1 - 3m)",
    "Gjendja": "E mirë",
    "KordinataX": 21.16291,
    "KordinataY": 42.66243,
    "Photo": ""
  },
  {
    "id": 320475,
    "Lloji": "Gjethërënës",
    "Lartesi": "I lartë (> 3m)",
    "Gjendja": "E mirë",
    "KordinataX": 21.16293,
    "KordinataY": 42.66244,
    "Photo": ""
  },
  {
    "id": 320476,
    "Lloji": "Gjethërënës",
    "Lartesi": "I lartë (> 3m)",
    "Gjendja": "E mirë",
    "KordinataX": 21.16296,
    "KordinataY": 42.66247,
    "Photo": ""
  },
  {
    "id": 320477,
    "Lloji": "Gjethërënës",
    "Lartesi": "I lartë (> 3m)",
    "Gjendja": "E mirë",
    "KordinataX": 21.16291,
    "KordinataY": 42.66246,
    "Photo": ""
  },
  {
    "id": 320478,
    "Lloji": "Gjethërënës",
    "Lartesi": "I lartë (> 3m)",
    "Gjendja": "E mirë",
    "KordinataX": 21.16289,
    "KordinataY": 42.66247,
    "Photo": ""
  },
  {
    "id": 320479,
    "Lloji": "Gjethëmbajtës",
    "Lartesi": "I lartë (> 3m)",
    "Gjendja": "E mirë",
    "KordinataX": 21.16286,
    "KordinataY": 42.66247,
    "Photo": ""
  },
  {
    "id": 320480,
    "Lloji": "Gjethëmbajtës",
    "Lartesi": "I lartë (> 3m)",
    "Gjendja": "E mirë",
    "KordinataX": 21.16282,
    "KordinataY": 42.66251,
    "Photo": ""
  },
  {
    "id": 320481,
    "Lloji": "Gjethëmbajtës",
    "Lartesi": "I mesëm (1 - 3m)",
    "Gjendja": "E mirë",
    "KordinataX": 21.16287,
    "KordinataY": 42.6625,
    "Photo": ""
  },
  {
    "id": 320482,
    "Lloji": "Gjethëmbajtës",
    "Lartesi": "I lartë (> 3m)",
    "Gjendja": "E mirë",
    "KordinataX": 21.16284,
    "KordinataY": 42.66249,
    "Photo": ""
  },
  {
    "id": 320483,
    "Lloji": "Gjethërënës",
    "Lartesi": "I lartë (> 3m)",
    "Gjendja": "E mirë",
    "KordinataX": 21.16277,
    "KordinataY": 42.66247,
    "Photo": ""
  },
  {
    "id": 320484,
    "Lloji": "Gjethërënës",
    "Lartesi": "I lartë (> 3m)",
    "Gjendja": "E mirë",
    "KordinataX": 21.1628,
    "KordinataY": 42.66245,
    "Photo": ""
  },
  {
    "id": 320485,
    "Lloji": "Gjethërënës",
    "Lartesi": "I lartë (> 3m)",
    "Gjendja": "E mirë",
    "KordinataX": 21.16284,
    "KordinataY": 42.66242,
    "Photo": ""
  },
  {
    "id": 320488,
    "Lloji": "Gjethërënës",
    "Lartesi": "I mesëm (1 - 3m)",
    "Gjendja": "E mirë",
    "KordinataX": 21.1631,
    "KordinataY": 42.66261,
    "Photo": ""
  },
  {
    "id": 320489,
    "Lloji": "Gjethërënës",
    "Lartesi": "I mesëm (1 - 3m)",
    "Gjendja": "E mirë",
    "KordinataX": 21.16312,
    "KordinataY": 42.66263,
    "Photo": ""
  },
  {
    "id": 320490,
    "Lloji": "Gjethërënës",
    "Lartesi": "I mesëm (1 - 3m)",
    "Gjendja": "E mirë",
    "KordinataX": 21.16314,
    "KordinataY": 42.66264,
    "Photo": ""
  },
  {
    "id": 320491,
    "Lloji": "Gjethërënës",
    "Lartesi": "I mesëm (1 - 3m)",
    "Gjendja": "E mirë",
    "KordinataX": 21.16316,
    "KordinataY": 42.66266,
    "Photo": ""
  },
  {
    "id": 320492,
    "Lloji": "Gjethërënës",
    "Lartesi": "I lartë (> 3m)",
    "Gjendja": "E mirë",
    "KordinataX": 21.16301,
    "KordinataY": 42.66273,
    "Photo": ""
  },
  {
    "id": 320493,
    "Lloji": "Gjethërënës",
    "Lartesi": "I lartë (> 3m)",
    "Gjendja": "E mirë",
    "KordinataX": 21.16304,
    "KordinataY": 42.66272,
    "Photo": ""
  },
  {
    "id": 320494,
    "Lloji": "Gjethërënës",
    "Lartesi": "I lartë (> 3m)",
    "Gjendja": "E mirë",
    "KordinataX": 21.16303,
    "KordinataY": 42.6627,
    "Photo": ""
  },
  {
    "id": 320495,
    "Lloji": "Gjethërënës",
    "Lartesi": "I lartë (> 3m)",
    "Gjendja": "E mirë",
    "KordinataX": 21.16307,
    "KordinataY": 42.6627,
    "Photo": ""
  },
  {
    "id": 320496,
    "Lloji": "Gjethërënës",
    "Lartesi": "I lartë (> 3m)",
    "Gjendja": "E mirë",
    "KordinataX": 21.163,
    "KordinataY": 42.66278,
    "Photo": ""
  },
  {
    "id": 3203497,
    "Lloji": "Gjethërënës",
    "Lartesi": "I lartë (> 3m)",
    "Gjendja": "E mirë",
    "KordinataX": 21.16307,
    "KordinataY": 42.66276,
    "Photo": ""
  },
  {
    "id": 320498,
    "Lloji": "Gjethërënës",
    "Lartesi": "I lartë (> 3m)",
    "Gjendja": "E mirë",
    "KordinataX": 21.16315,
    "KordinataY": 42.66273,
    "Photo": ""
  },
  {
    "id": 320499,
    "Lloji": "Gjethëmbajtës",
    "Lartesi": "I mesëm (1 - 3m)",
    "Gjendja": "E mirë",
    "KordinataX": 21.16315,
    "KordinataY": 42.66271,
    "Photo": ""
  },
  {
    "id": 320500,
    "Lloji": "Gjethëmbajtës",
    "Lartesi": "I mesëm (1 - 3m)",
    "Gjendja": "E mirë",
    "KordinataX": 21.16313,
    "KordinataY": 42.66271,
    "Photo": ""
  },
  {
    "id": 320501,
    "Lloji": "Gjethëmbajtës",
    "Lartesi": "I mesëm (1 - 3m)",
    "Gjendja": "E mirë",
    "KordinataX": 21.16312,
    "KordinataY": 42.66272,
    "Photo": ""
  },
  {
    "id": 320502,
    "Lloji": "Gjethëmbajtës",
    "Lartesi": "I mesëm (1 - 3m)",
    "Gjendja": "E mirë",
    "KordinataX": 21.16295,
    "KordinataY": 42.66271,
    "Photo": ""
  },
  {
    "id": 320503,
    "Lloji": "Gjethërënës",
    "Lartesi": "I lartë (> 3m)",
    "Gjendja": "E mirë",
    "KordinataX": 21.16298,
    "KordinataY": 42.66274,
    "Photo": ""
  },
  {
    "id": 320504,
    "Lloji": "Gjethërënës",
    "Lartesi": "I lartë (> 3m)",
    "Gjendja": "E mirë",
    "KordinataX": 21.16302,
    "KordinataY": 42.66275,
    "Photo": ""
  },
  {
    "id": 320506,
    "Lloji": "Gjethërënës",
    "Lartesi": "I ulët (< 1m)",
    "Gjendja": "E mirë",
    "KordinataX": 21.16304,
    "KordinataY": 42.66275,
    "Photo": ""
  },
  {
    "id": 320507,
    "Lloji": "Gjethërënës",
    "Lartesi": "I ulët (< 1m)",
    "Gjendja": "E mirë",
    "KordinataX": 21.16299,
    "KordinataY": 42.66279,
    "Photo": ""
  },
  {
    "id": 320508,
    "Lloji": "Gjethërënës",
    "Lartesi": "I mesëm (1 - 3m)",
    "Gjendja": "E mirë",
    "KordinataX": 21.16302,
    "KordinataY": 42.66279,
    "Photo": ""
  },
  {
    "id": 320508,
    "Lloji": "Gjethërënës",
    "Lartesi": "I mesëm (1 - 3m)",
    "Gjendja": "E mirë",
    "KordinataX": 21.16303,
    "KordinataY": 42.66278,
    "Photo": ""
  },
  {
    "id": 320511,
    "Lloji": "Gjethërënës",
    "Lartesi": "I mesëm (1 - 3m)",
    "Gjendja": "E mirë",
    "KordinataX": 21.16335,
    "KordinataY": 42.66284,
    "Photo": ""
  },
  {
    "id": 320526,
    "Lloji": "Gjethërënës",
    "Lartesi": "I lartë (> 3m)",
    "Gjendja": "E mirë",
    "KordinataX": 21.16352,
    "KordinataY": 42.66274,
    "Photo": ""
  },
  {
    "id": 320528,
    "Lloji": "Gjethërënës",
    "Lartesi": "I lartë (> 3m)",
    "Gjendja": "E mirë",
    "KordinataX": 21.16354,
    "KordinataY": 42.66278,
    "Photo": ""
  },
  {
    "id": 320530,
    "Lloji": "Gjethërënës",
    "Lartesi": "I lartë (> 3m)",
    "Gjendja": "E mirë",
    "KordinataX": 21.16353,
    "KordinataY": 42.66279,
    "Photo": ""
  },
  {
    "id": 320531,
    "Lloji": "Gjethërënës",
    "Lartesi": "I lartë (> 3m)",
    "Gjendja": "E mirë",
    "KordinataX": 21.16358,
    "KordinataY": 42.66283,
    "Photo": ""
  },
  {
    "id": 320534,
    "Lloji": "Gjethërënës",
    "Lartesi": "I lartë (> 3m)",
    "Gjendja": "E mirë",
    "KordinataX": 21.1636,
    "KordinataY": 42.66288,
    "Photo": ""
  },
  {
    "id": 320539,
    "Lloji": "Gjethërënës",
    "Lartesi": "I lartë (> 3m)",
    "Gjendja": "E mirë",
    "KordinataX": 21.16366,
    "KordinataY": 42.66297,
    "Photo": ""
  },
  {
    "id": 320541,
    "Lloji": "Gjethërënës",
    "Lartesi": "I lartë (> 3m)",
    "Gjendja": "E mirë",
    "KordinataX": 21.16368,
    "KordinataY": 42.663,
    "Photo": ""
  },
  {
    "id": 320545,
    "Lloji": "Gjethërënës",
    "Lartesi": "I lartë (> 3m)",
    "Gjendja": "E mirë",
    "KordinataX": 21.16371,
    "KordinataY": 42.66305,
    "Photo": ""
  },
  {
    "id": 320549,
    "Lloji": "Gjethërënës",
    "Lartesi": "I lartë (> 3m)",
    "Gjendja": "E mirë",
    "KordinataX": 21.16374,
    "KordinataY": 42.66308,
    "Photo": ""
  },
  {
    "id": 320554,
    "Lloji": "Gjethërënës",
    "Lartesi": "I lartë (> 3m)",
    "Gjendja": "E mirë",
    "KordinataX": 21.1637,
    "KordinataY": 42.66303,
    "Photo": ""
  },
  {
    "id": 320558,
    "Lloji": "Gjethërënës",
    "Lartesi": "I lartë (> 3m)",
    "Gjendja": "E mirë",
    "KordinataX": 21.16363,
    "KordinataY": 42.66292,
    "Photo": ""
  },
  {
    "id": 320567,
    "Lloji": "Gjethërënës",
    "Lartesi": "I lartë (> 3m)",
    "Gjendja": "E mirë",
    "KordinataX": 21.1634,
    "KordinataY": 42.66285,
    "Photo": ""
  },
  {
    "id": 320572,
    "Lloji": "Gjethërënës",
    "Lartesi": "I lartë (> 3m)",
    "Gjendja": "E mirë",
    "KordinataX": 21.16341,
    "KordinataY": 42.66289,
    "Photo": ""
  },
  {
    "id": 320575,
    "Lloji": "Gjethërënës",
    "Lartesi": "I lartë (> 3m)",
    "Gjendja": "E mirë",
    "KordinataX": 21.16343,
    "KordinataY": 42.66292,
    "Photo": ""
  },
  {
    "id": 320578,
    "Lloji": "Gjethërënës",
    "Lartesi": "I lartë (> 3m)",
    "Gjendja": "E mirë",
    "KordinataX": 21.16345,
    "KordinataY": 42.66294,
    "Photo": ""
  },
  {
    "id": 320580,
    "Lloji": "Gjethërënës",
    "Lartesi": "I lartë (> 3m)",
    "Gjendja": "E mirë",
    "KordinataX": 21.16347,
    "KordinataY": 42.66298,
    "Photo": ""
  },
  {
    "id": 320582,
    "Lloji": "Gjethërënës",
    "Lartesi": "I lartë (> 3m)",
    "Gjendja": "E mirë",
    "KordinataX": 21.16349,
    "KordinataY": 42.663,
    "Photo": ""
  },
  {
    "id": 320585,
    "Lloji": "Gjethërënës",
    "Lartesi": "I lartë (> 3m)",
    "Gjendja": "E mirë",
    "KordinataX": 21.1635,
    "KordinataY": 42.66304,
    "Photo": ""
  },
  {
    "id": 320587,
    "Lloji": "Gjethërënës",
    "Lartesi": "I lartë (> 3m)",
    "Gjendja": "E mirë",
    "KordinataX": 21.16353,
    "KordinataY": 42.66307,
    "Photo": ""
  },
  {
    "id": 320589,
    "Lloji": "Gjethërënës",
    "Lartesi": "I lartë (> 3m)",
    "Gjendja": "E mirë",
    "KordinataX": 21.16355,
    "KordinataY": 42.66311,
    "Photo": ""
  },
  {
    "id": 320591,
    "Lloji": "Gjethërënës",
    "Lartesi": "I lartë (> 3m)",
    "Gjendja": "E mirë",
    "KordinataX": 21.16353,
    "KordinataY": 42.66322,
    "Photo": ""
  },
  {
    "id": 320592,
    "Lloji": "Gjethërënës",
    "Lartesi": "I lartë (> 3m)",
    "Gjendja": "E mirë",
    "KordinataX": 21.16355,
    "KordinataY": 42.66326,
    "Photo": ""
  },
  {
    "id": 320593,
    "Lloji": "Gjethërënës",
    "Lartesi": "I lartë (> 3m)",
    "Gjendja": "E mirë",
    "KordinataX": 21.16359,
    "KordinataY": 42.66331,
    "Photo": ""
  },
  {
    "id": 320594,
    "Lloji": "Gjethërënës",
    "Lartesi": "I mesëm (1 - 3m)",
    "Gjendja": "E mirë",
    "KordinataX": 21.1636,
    "KordinataY": 42.66319,
    "Photo": ""
  },
  {
    "id": 32095,
    "Lloji": "Gjethërënës",
    "Lartesi": "I lartë (> 3m)",
    "Gjendja": "E mirë",
    "KordinataX": 21.16363,
    "KordinataY": 42.66323,
    "Photo": ""
  },
  {
    "id": 320596,
    "Lloji": "Gjethërënës",
    "Lartesi": "I lartë (> 3m)",
    "Gjendja": "E mirë",
    "KordinataX": 21.16366,
    "KordinataY": 42.66327,
    "Photo": ""
  },
  {
    "id": 320601,
    "Lloji": "Gjethërënës",
    "Lartesi": "I lartë (> 3m)",
    "Gjendja": "E mirë",
    "KordinataX": 21.16376,
    "KordinataY": 42.66314,
    "Photo": ""
  },
  {
    "id": 320602,
    "Lloji": "Gjethërënës",
    "Lartesi": "I lartë (> 3m)",
    "Gjendja": "E mirë",
    "KordinataX": 21.16381,
    "KordinataY": 42.66318,
    "Photo": ""
  },
  {
    "id": 320603,
    "Lloji": "Gjethërënës",
    "Lartesi": "I lartë (> 3m)",
    "Gjendja": "E mirë",
    "KordinataX": 21.16383,
    "KordinataY": 42.66323,
    "Photo": ""
  },
  {
    "id": 320001,
    "Lloji": "Gjethërënës",
    "Lartesi": "I lartë (> 3m)",
    "Gjendja": "E mirë",
    "KordinataX": 21.16461,
    "KordinataY": 42.66097,
    "Photo": ""
  },
  {
    "id": 320002,
    "Lloji": "Gjethërënës",
    "Lartesi": "I lartë (> 3m)",
    "Gjendja": "E mirë",
    "KordinataX": 21.16461,
    "KordinataY": 42.661,
    "Photo": ""
  },
  {
    "id": 320003,
    "Lloji": "Gjethërënës",
    "Lartesi": "I lartë (> 3m)",
    "Gjendja": "E mirë",
    "KordinataX": 21.16458,
    "KordinataY": 42.66099,
    "Photo": ""
  },
  {
    "id": 320004,
    "Lloji": "Gjethërënës",
    "Lartesi": "I mesëm (1 - 3m)",
    "Gjendja": "E mirë",
    "KordinataX": 21.16454,
    "KordinataY": 42.661,
    "Photo": ""
  },
  {
    "id": 320005,
    "Lloji": "Gjethërënës",
    "Lartesi": "I mesëm (1 - 3m)",
    "Gjendja": "E mirë",
    "KordinataX": 21.16452,
    "KordinataY": 42.66101,
    "Photo": ""
  },
  {
    "id": 320006,
    "Lloji": "Gjethërënës",
    "Lartesi": "I mesëm (1 - 3m)",
    "Gjendja": "E mirë",
    "KordinataX": 21.1645,
    "KordinataY": 42.66101,
    "Photo": ""
  },
  {
    "id": 320007,
    "Lloji": "Gjethërënës",
    "Lartesi": "I lartë (> 3m)",
    "Gjendja": "E mirë",
    "KordinataX": 21.16461,
    "KordinataY": 42.66112,
    "Photo": ""
  },
  {
    "id": 320009,
    "Lloji": "Gjethërënës",
    "Lartesi": "I mesëm (1 - 3m)",
    "Gjendja": "E mirë",
    "KordinataX": 21.16447,
    "KordinataY": 42.66136,
    "Photo": ""
  },
  {
    "id": 320010,
    "Lloji": "Gjethërënës",
    "Lartesi": "I mesëm (1 - 3m)",
    "Gjendja": "E mirë",
    "KordinataX": 21.16447,
    "KordinataY": 42.66139,
    "Photo": ""
  },
  {
    "id": 320011,
    "Lloji": "Gjethërënës",
    "Lartesi": "I mesëm (1 - 3m)",
    "Gjendja": "E mirë",
    "KordinataX": 21.16444,
    "KordinataY": 42.66139,
    "Photo": ""
  },
  {
    "id": 320012,
    "Lloji": "Gjethërënës",
    "Lartesi": "I lartë (> 3m)",
    "Gjendja": "E mirë",
    "KordinataX": 21.16431,
    "KordinataY": 42.66137,
    "Photo": ""
  },
  {
    "id": 320013,
    "Lloji": "Gjethërënës",
    "Lartesi": "I mesëm (1 - 3m)",
    "Gjendja": "E mirë",
    "KordinataX": 21.16433,
    "KordinataY": 42.66133,
    "Photo": ""
  },
  {
    "id": 320014,
    "Lloji": "Gjethërënës",
    "Lartesi": "I lartë (> 3m)",
    "Gjendja": "E mirë",
    "KordinataX": 21.16455,
    "KordinataY": 42.6616,
    "Photo": ""
  },
  {
    "id": 320015,
    "Lloji": "Gjethërënës",
    "Lartesi": "I lartë (> 3m)",
    "Gjendja": "E mirë",
    "KordinataX": 21.1645,
    "KordinataY": 42.6616,
    "Photo": ""
  },
  {
    "id": 320016,
    "Lloji": "Gjethërënës",
    "Lartesi": "I lartë (> 3m)",
    "Gjendja": "E mirë",
    "KordinataX": 21.16448,
    "KordinataY": 42.66159,
    "Photo": ""
  },
  {
    "id": 320017,
    "Lloji": "Gjethërënës",
    "Lartesi": "I lartë (> 3m)",
    "Gjendja": "E mirë",
    "KordinataX": 21.16444,
    "KordinataY": 42.66179,
    "Photo": ""
  },
  {
    "id": 320018,
    "Lloji": "Gjethërënës",
    "Lartesi": "I mesëm (1 - 3m)",
    "Gjendja": "E mirë",
    "KordinataX": 21.16441,
    "KordinataY": 42.66174,
    "Photo": ""
  },
  {
    "id": 320019,
    "Lloji": "Gjethërënës",
    "Lartesi": "I mesëm (1 - 3m)",
    "Gjendja": "E mirë",
    "KordinataX": 21.16442,
    "KordinataY": 42.66177,
    "Photo": ""
  },
  {
    "id": 320020,
    "Lloji": "Gjethërënës",
    "Lartesi": "I ulët (< 1m)",
    "Gjendja": "Jo e mirë",
    "KordinataX": 21.16455,
    "KordinataY": 42.66167,
    "Photo": ""
  },
  {
    "id": 320021,
    "Lloji": "Gjethërënës",
    "Lartesi": "I ulët (< 1m)",
    "Gjendja": "Jo e mirë",
    "KordinataX": 21.16456,
    "KordinataY": 42.66166,
    "Photo": ""
  },
  {
    "id": 320022,
    "Lloji": "Gjethërënës",
    "Lartesi": "I mesëm (1 - 3m)",
    "Gjendja": "E mirë",
    "KordinataX": 21.16452,
    "KordinataY": 42.66166,
    "Photo": ""
  },
  {
    "id": 320023,
    "Lloji": "Gjethërënës",
    "Lartesi": "I mesëm (1 - 3m)",
    "Gjendja": "E mirë",
    "KordinataX": 21.16452,
    "KordinataY": 42.66163,
    "Photo": ""
  },
  {
    "id": 320024,
    "Lloji": "Gjethëmbajtës",
    "Lartesi": "I lartë (> 3m)",
    "Gjendja": "E mirë",
    "KordinataX": 21.16443,
    "KordinataY": 42.66167,
    "Photo": ""
  },
  {
    "id": 320025,
    "Lloji": "Gjethërënës",
    "Lartesi": "I ulët (< 1m)",
    "Gjendja": "E mirë",
    "KordinataX": 21.16449,
    "KordinataY": 42.66166,
    "Photo": ""
  },
  {
    "id": 320030,
    "Lloji": "Gjethëmbajtës",
    "Lartesi": "I mesëm (1 - 3m)",
    "Gjendja": "E mirë",
    "KordinataX": 21.16434,
    "KordinataY": 42.6617,
    "Photo": ""
  },
  {
    "id": 320031,
    "Lloji": "Gjethëmbajtës",
    "Lartesi": "I mesëm (1 - 3m)",
    "Gjendja": "E mirë",
    "KordinataX": 21.16428,
    "KordinataY": 42.66133,
    "Photo": ""
  },
  {
    "id": 320032,
    "Lloji": "Gjethëmbajtës",
    "Lartesi": "I lartë (> 3m)",
    "Gjendja": "E mirë",
    "KordinataX": 21.16438,
    "KordinataY": 42.66116,
    "Photo": ""
  },
  {
    "id": 320033,
    "Lloji": "Gjethëmbajtës",
    "Lartesi": "I lartë (> 3m)",
    "Gjendja": "E mirë",
    "KordinataX": 21.16436,
    "KordinataY": 42.66112,
    "Photo": ""
  },
  {
    "id": 320034,
    "Lloji": "Gjethërënës",
    "Lartesi": "I lartë (> 3m)",
    "Gjendja": "E mirë",
    "KordinataX": 21.16438,
    "KordinataY": 42.66114,
    "Photo": ""
  },
  {
    "id": 320035,
    "Lloji": "Gjethërënës",
    "Lartesi": "I lartë (> 3m)",
    "Gjendja": "E mirë",
    "KordinataX": 21.16419,
    "KordinataY": 42.66113,
    "Photo": ""
  },
  {
    "id": 320036,
    "Lloji": "Gjethërënës",
    "Lartesi": "I ulët (< 1m)",
    "Gjendja": "E mirë",
    "KordinataX": 21.16421,
    "KordinataY": 42.66114,
    "Photo": ""
  },
  {
    "id": 320037,
    "Lloji": "Gjethërënës",
    "Lartesi": "I mesëm (1 - 3m)",
    "Gjendja": "E mirë",
    "KordinataX": 21.16421,
    "KordinataY": 42.66115,
    "Photo": ""
  },
  {
    "id": 320038,
    "Lloji": "Gjethërënës",
    "Lartesi": "I mesëm (1 - 3m)",
    "Gjendja": "E mirë",
    "KordinataX": 21.16422,
    "KordinataY": 42.66117,
    "Photo": ""
  },
  {
    "id": 320039,
    "Lloji": "Gjethërënës",
    "Lartesi": "I ulët (< 1m)",
    "Gjendja": "E mirë",
    "KordinataX": 21.16424,
    "KordinataY": 42.66117,
    "Photo": ""
  },
  {
    "id": 320040,
    "Lloji": "Gjethërënës",
    "Lartesi": "I mesëm (1 - 3m)",
    "Gjendja": "E mirë",
    "KordinataX": 21.16422,
    "KordinataY": 42.66118,
    "Photo": ""
  },
  {
    "id": 320041,
    "Lloji": "Gjethërënës",
    "Lartesi": "I mesëm (1 - 3m)",
    "Gjendja": "E mirë",
    "KordinataX": 21.1642,
    "KordinataY": 42.66115,
    "Photo": ""
  },
  {
    "id": 320042,
    "Lloji": "Gjethërënës",
    "Lartesi": "I mesëm (1 - 3m)",
    "Gjendja": "E mirë",
    "KordinataX": 21.16418,
    "KordinataY": 42.66113,
    "Photo": ""
  },
  {
    "id": 320043,
    "Lloji": "Gjethërënës",
    "Lartesi": "I mesëm (1 - 3m)",
    "Gjendja": "E mirë",
    "KordinataX": 21.16421,
    "KordinataY": 42.66112,
    "Photo": ""
  },
  {
    "id": 320044,
    "Lloji": "Gjethërënës",
    "Lartesi": "I ulët (< 1m)",
    "Gjendja": "E mirë",
    "KordinataX": 21.16418,
    "KordinataY": 42.66118,
    "Photo": ""
  },
  {
    "id": 320045,
    "Lloji": "Gjethërënës",
    "Lartesi": "I ulët (< 1m)",
    "Gjendja": "E mirë",
    "KordinataX": 21.16417,
    "KordinataY": 42.66117,
    "Photo": ""
  },
  {
    "id": 320046,
    "Lloji": "Gjethërënës",
    "Lartesi": "I ulët (< 1m)",
    "Gjendja": "E mirë",
    "KordinataX": 21.16417,
    "KordinataY": 42.66116,
    "Photo": ""
  },
  {
    "id": 320047,
    "Lloji": "Gjethërënës",
    "Lartesi": "I ulët (< 1m)",
    "Gjendja": "E mirë",
    "KordinataX": 21.16416,
    "KordinataY": 42.66115,
    "Photo": ""
  },
  {
    "id": 320048,
    "Lloji": "Gjethëmbajtës",
    "Lartesi": "I mesëm (1 - 3m)",
    "Gjendja": "E mirë",
    "KordinataX": 21.16417,
    "KordinataY": 42.66117,
    "Photo": ""
  },
  {
    "id": 320049,
    "Lloji": "Gjethëmbajtës",
    "Lartesi": "I lartë (> 3m)",
    "Gjendja": "E mirë",
    "KordinataX": 21.1641,
    "KordinataY": 42.66115,
    "Photo": ""
  },
  {
    "id": 320051,
    "Lloji": "Gjethëmbajtës",
    "Lartesi": "I lartë (> 3m)",
    "Gjendja": "E mirë",
    "KordinataX": 21.16408,
    "KordinataY": 42.66116,
    "Photo": ""
  },
  {
    "id": 320052,
    "Lloji": "Gjethërënës",
    "Lartesi": "I lartë (> 3m)",
    "Gjendja": "E mirë",
    "KordinataX": 21.16407,
    "KordinataY": 42.66115,
    "Photo": ""
  },
  {
    "id": 320053,
    "Lloji": "Gjethëmbajtës",
    "Lartesi": "I lartë (> 3m)",
    "Gjendja": "E mirë",
    "KordinataX": 21.16406,
    "KordinataY": 42.66121,
    "Photo": ""
  },
  {
    "id": 320054,
    "Lloji": "Gjethëmbajtës",
    "Lartesi": "I lartë (> 3m)",
    "Gjendja": "E mirë",
    "KordinataX": 21.16407,
    "KordinataY": 42.66121,
    "Photo": ""
  },
  {
    "id": 320055,
    "Lloji": "Gjethëmbajtës",
    "Lartesi": "I lartë (> 3m)",
    "Gjendja": "E mirë",
    "KordinataX": 21.1641,
    "KordinataY": 42.6612,
    "Photo": ""
  },
  {
    "id": 320056,
    "Lloji": "Gjethëmbajtës",
    "Lartesi": "I lartë (> 3m)",
    "Gjendja": "E mirë",
    "KordinataX": 21.16412,
    "KordinataY": 42.66119,
    "Photo": ""
  },
  {
    "id": 320057,
    "Lloji": "Gjethërënës",
    "Lartesi": "I lartë (> 3m)",
    "Gjendja": "E mirë",
    "KordinataX": 21.16402,
    "KordinataY": 42.66118,
    "Photo": ""
  },
  {
    "id": 320058,
    "Lloji": "Gjethërënës",
    "Lartesi": "I lartë (> 3m)",
    "Gjendja": "E mirë",
    "KordinataX": 21.16406,
    "KordinataY": 42.66129,
    "Photo": ""
  },
  {
    "id": 320059,
    "Lloji": "Gjethërënës",
    "Lartesi": "I lartë (> 3m)",
    "Gjendja": "E mirë",
    "KordinataX": 21.16397,
    "KordinataY": 42.66119,
    "Photo": ""
  },
  {
    "id": 320060,
    "Lloji": "Gjethërënës",
    "Lartesi": "I lartë (> 3m)",
    "Gjendja": "E mirë",
    "KordinataX": 21.16386,
    "KordinataY": 42.66123,
    "Photo": ""
  },
  {
    "id": 320061,
    "Lloji": "Gjethërënës",
    "Lartesi": "I lartë (> 3m)",
    "Gjendja": "E mirë",
    "KordinataX": 21.1638,
    "KordinataY": 42.66124,
    "Photo": ""
  },
  {
    "id": 320062,
    "Lloji": "Gjethërënës",
    "Lartesi": "I lartë (> 3m)",
    "Gjendja": "E mirë",
    "KordinataX": 21.16376,
    "KordinataY": 42.66126,
    "Photo": ""
  },
  {
    "id": 320063,
    "Lloji": "Gjethëmbajtës",
    "Lartesi": "I mesëm (1 - 3m)",
    "Gjendja": "E mirë",
    "KordinataX": 21.16377,
    "KordinataY": 42.66128,
    "Photo": ""
  },
  {
    "id": 320064,
    "Lloji": "Gjethëmbajtës",
    "Lartesi": "I mesëm (1 - 3m)",
    "Gjendja": "E mirë",
    "KordinataX": 21.16379,
    "KordinataY": 42.66127,
    "Photo": ""
  },
  {
    "id": 320065,
    "Lloji": "Gjethëmbajtës",
    "Lartesi": "I mesëm (1 - 3m)",
    "Gjendja": "E mirë",
    "KordinataX": 21.16381,
    "KordinataY": 42.66126,
    "Photo": ""
  },
  {
    "id": 320066,
    "Lloji": "Gjethërënës",
    "Lartesi": "I mesëm (1 - 3m)",
    "Gjendja": "E mirë",
    "KordinataX": 21.16384,
    "KordinataY": 42.66125,
    "Photo": ""
  },
  {
    "id": 320067,
    "Lloji": "Gjethëmbajtës",
    "Lartesi": "I mesëm (1 - 3m)",
    "Gjendja": "E mirë",
    "KordinataX": 21.16386,
    "KordinataY": 42.66124,
    "Photo": ""
  },
  {
    "id": 320068,
    "Lloji": "Gjethëmbajtës",
    "Lartesi": "I mesëm (1 - 3m)",
    "Gjendja": "E mirë",
    "KordinataX": 21.16388,
    "KordinataY": 42.66124,
    "Photo": ""
  },
  {
    "id": 320069,
    "Lloji": "Gjethëmbajtës",
    "Lartesi": "I mesëm (1 - 3m)",
    "Gjendja": "E mirë",
    "KordinataX": 21.1639,
    "KordinataY": 42.66123,
    "Photo": ""
  },
  {
    "id": 320070,
    "Lloji": "Gjethëmbajtës",
    "Lartesi": "I lartë (> 3m)",
    "Gjendja": "E mirë",
    "KordinataX": 21.16375,
    "KordinataY": 42.66133,
    "Photo": ""
  },
  {
    "id": 320071,
    "Lloji": "Gjethëmbajtës",
    "Lartesi": "I lartë (> 3m)",
    "Gjendja": "E mirë",
    "KordinataX": 21.16381,
    "KordinataY": 42.66152,
    "Photo": ""
  },
  {
    "id": 320072,
    "Lloji": "Gjethërënës",
    "Lartesi": "I lartë (> 3m)",
    "Gjendja": "E mirë",
    "KordinataX": 21.1638,
    "KordinataY": 42.66148,
    "Photo": ""
  },
  {
    "id": 320073,
    "Lloji": "Gjethëmbajtës",
    "Lartesi": "I lartë (> 3m)",
    "Gjendja": "E mirë",
    "KordinataX": 21.1639,
    "KordinataY": 42.66149,
    "Photo": ""
  },
  {
    "id": 320074,
    "Lloji": "Gjethërënës",
    "Lartesi": "I lartë (> 3m)",
    "Gjendja": "E mirë",
    "KordinataX": 21.16382,
    "KordinataY": 42.66149,
    "Photo": ""
  },
  {
    "id": 320075,
    "Lloji": "Gjethëmbajtës",
    "Lartesi": "I lartë (> 3m)",
    "Gjendja": "E mirë",
    "KordinataX": 21.16388,
    "KordinataY": 42.66144,
    "Photo": ""
  },
  {
    "id": 320076,
    "Lloji": "Gjethëmbajtës",
    "Lartesi": "I lartë (> 3m)",
    "Gjendja": "E mirë",
    "KordinataX": 21.16384,
    "KordinataY": 42.66139,
    "Photo": ""
  },
  {
    "id": 320077,
    "Lloji": "Gjethëmbajtës",
    "Lartesi": "I lartë (> 3m)",
    "Gjendja": "E mirë",
    "KordinataX": 21.16394,
    "KordinataY": 42.6614,
    "Photo": ""
  },
  {
    "id": 320078,
    "Lloji": "Gjethëmbajtës",
    "Lartesi": "I lartë (> 3m)",
    "Gjendja": "E mirë",
    "KordinataX": 21.16389,
    "KordinataY": 42.66138,
    "Photo": ""
  },
  {
    "id": 320079,
    "Lloji": "Gjethëmbajtës",
    "Lartesi": "I lartë (> 3m)",
    "Gjendja": "E mirë",
    "KordinataX": 21.16379,
    "KordinataY": 42.6614,
    "Photo": ""
  },
  {
    "id": 320080,
    "Lloji": "Gjethërënës",
    "Lartesi": "I lartë (> 3m)",
    "Gjendja": "E mirë",
    "KordinataX": 21.16373,
    "KordinataY": 42.66144,
    "Photo": ""
  },
  {
    "id": 320081,
    "Lloji": "Gjethërënës",
    "Lartesi": "I lartë (> 3m)",
    "Gjendja": "E mirë",
    "KordinataX": 21.16371,
    "KordinataY": 42.66139,
    "Photo": ""
  },
  {
    "id": 320083,
    "Lloji": "Gjethërënës",
    "Lartesi": "I lartë (> 3m)",
    "Gjendja": "E mirë",
    "KordinataX": 21.1637,
    "KordinataY": 42.66137,
    "Photo": ""
  },
  {
    "id": 320083,
    "Lloji": "Gjethërënës",
    "Lartesi": "I mesëm (1 - 3m)",
    "Gjendja": "E mirë",
    "KordinataX": 21.16376,
    "KordinataY": 42.66138,
    "Photo": ""
  },
  {
    "id": 320084,
    "Lloji": "Gjethërënës",
    "Lartesi": "I mesëm (1 - 3m)",
    "Gjendja": "E mirë",
    "KordinataX": 21.1638,
    "KordinataY": 42.66142,
    "Photo": ""
  },
  {
    "id": 320085,
    "Lloji": "Gjethëmbajtës",
    "Lartesi": "I lartë (> 3m)",
    "Gjendja": "E mirë",
    "KordinataX": 21.16402,
    "KordinataY": 42.66143,
    "Photo": ""
  },
  {
    "id": 320086,
    "Lloji": "Gjethëmbajtës",
    "Lartesi": "I ulët (< 1m)",
    "Gjendja": "E mirë",
    "KordinataX": 21.16395,
    "KordinataY": 42.66143,
    "Photo": ""
  },
  {
    "id": 320087,
    "Lloji": "Gjethërënës",
    "Lartesi": "I ulët (< 1m)",
    "Gjendja": "E mirë",
    "KordinataX": 21.16393,
    "KordinataY": 42.66147,
    "Photo": ""
  },
  {
    "id": 320088,
    "Lloji": "Gjethërënës",
    "Lartesi": "I lartë (> 3m)",
    "Gjendja": "E mirë",
    "KordinataX": 21.16349,
    "KordinataY": 42.66137,
    "Photo": ""
  },
  {
    "id": 320089,
    "Lloji": "Gjethërënës",
    "Lartesi": "I lartë (> 3m)",
    "Gjendja": "E mirë",
    "KordinataX": 21.16356,
    "KordinataY": 42.66141,
    "Photo": ""
  },
  {
    "id": 320090,
    "Lloji": "Gjethërënës",
    "Lartesi": "I lartë (> 3m)",
    "Gjendja": "E mirë",
    "KordinataX": 21.16359,
    "KordinataY": 42.66139,
    "Photo": ""
  },
  {
    "id": 320091,
    "Lloji": "Gjethërënës",
    "Lartesi": "I lartë (> 3m)",
    "Gjendja": "E mirë",
    "KordinataX": 21.16352,
    "KordinataY": 42.66142,
    "Photo": ""
  },
  {
    "id": 320092,
    "Lloji": "Gjethëmbajtës",
    "Lartesi": "I lartë (> 3m)",
    "Gjendja": "E mirë",
    "KordinataX": 21.16345,
    "KordinataY": 42.66145,
    "Photo": ""
  },
  {
    "id": 320093,
    "Lloji": "Gjethërënës",
    "Lartesi": "I lartë (> 3m)",
    "Gjendja": "E mirë",
    "KordinataX": 21.16338,
    "KordinataY": 42.66143,
    "Photo": ""
  },
  {
    "id": 320094,
    "Lloji": "Gjethëmbajtës",
    "Lartesi": "I lartë (> 3m)",
    "Gjendja": "E mirë",
    "KordinataX": 21.16336,
    "KordinataY": 42.66145,
    "Photo": ""
  },
  {
    "id": 320095,
    "Lloji": "Gjethërënës",
    "Lartesi": "I ulët (< 1m)",
    "Gjendja": "E mirë",
    "KordinataX": 21.16335,
    "KordinataY": 42.66144,
    "Photo": ""
  },
  {
    "id": 320096,
    "Lloji": "Gjethërënës",
    "Lartesi": "I ulët (< 1m)",
    "Gjendja": "E mirë",
    "KordinataX": 21.16333,
    "KordinataY": 42.66144,
    "Photo": ""
  },
  {
    "id": 320097,
    "Lloji": "Gjethërënës",
    "Lartesi": "I ulët (< 1m)",
    "Gjendja": "E mirë",
    "KordinataX": 21.16331,
    "KordinataY": 42.66145,
    "Photo": ""
  },
  {
    "id": 320098,
    "Lloji": "Gjethërënës",
    "Lartesi": "I ulët (< 1m)",
    "Gjendja": "E mirë",
    "KordinataX": 21.16329,
    "KordinataY": 42.66146,
    "Photo": ""
  },
  {
    "id": 320099,
    "Lloji": "Gjethërënës",
    "Lartesi": "I lartë (> 3m)",
    "Gjendja": "E mirë",
    "KordinataX": 21.16327,
    "KordinataY": 42.66149,
    "Photo": ""
  },
  {
    "id": 320100,
    "Lloji": "Gjethërënës",
    "Lartesi": "I lartë (> 3m)",
    "Gjendja": "E mirë",
    "KordinataX": 21.16325,
    "KordinataY": 42.66147,
    "Photo": ""
  },
  {
    "id": 320101,
    "Lloji": "Gjethëmbajtës",
    "Lartesi": "I lartë (> 3m)",
    "Gjendja": "E mirë",
    "KordinataX": 21.16324,
    "KordinataY": 42.66151,
    "Photo": ""
  },
  {
    "id": 320102,
    "Lloji": "Gjethërënës",
    "Lartesi": "I mesëm (1 - 3m)",
    "Gjendja": "E mirë",
    "KordinataX": 21.16323,
    "KordinataY": 42.66148,
    "Photo": ""
  },
  {
    "id": 320103,
    "Lloji": "Gjethëmbajtës",
    "Lartesi": "I lartë (> 3m)",
    "Gjendja": "E mirë",
    "KordinataX": 21.16324,
    "KordinataY": 42.66153,
    "Photo": ""
  },
  {
    "id": 320104,
    "Lloji": "Gjethërënës",
    "Lartesi": "I lartë (> 3m)",
    "Gjendja": "E mirë",
    "KordinataX": 21.16329,
    "KordinataY": 42.66154,
    "Photo": ""
  },
  {
    "id": 320105,
    "Lloji": "Gjethërënës",
    "Lartesi": "I lartë (> 3m)",
    "Gjendja": "E mirë",
    "KordinataX": 21.16315,
    "KordinataY": 42.66156,
    "Photo": ""
  },
  {
    "id": 320106,
    "Lloji": "Gjethërënës",
    "Lartesi": "I lartë (> 3m)",
    "Gjendja": "E mirë",
    "KordinataX": 21.16318,
    "KordinataY": 42.66158,
    "Photo": ""
  },
  {
    "id": 328107,
    "Lloji": "Gjethërënës",
    "Lartesi": "I lartë (> 3m)",
    "Gjendja": "E mirë",
    "KordinataX": 21.16295,
    "KordinataY": 42.66161,
    "Photo": ""
  },
  {
    "id": 320108,
    "Lloji": "Gjethëmbajtës",
    "Lartesi": "I ulët (< 1m)",
    "Gjendja": "E mirë",
    "KordinataX": 21.16302,
    "KordinataY": 42.66166,
    "Photo": ""
  },
  {
    "id": 320109,
    "Lloji": "Gjethëmbajtës",
    "Lartesi": "I ulët (< 1m)",
    "Gjendja": "E mirë",
    "KordinataX": 21.16301,
    "KordinataY": 42.66165,
    "Photo": ""
  },
  {
    "id": 320110,
    "Lloji": "Gjethëmbajtës",
    "Lartesi": "I ulët (< 1m)",
    "Gjendja": "E mirë",
    "KordinataX": 21.16299,
    "KordinataY": 42.66163,
    "Photo": ""
  },
  {
    "id": 320111,
    "Lloji": "Gjethëmbajtës",
    "Lartesi": "I ulët (< 1m)",
    "Gjendja": "E mirë",
    "KordinataX": 21.16298,
    "KordinataY": 42.66162,
    "Photo": ""
  },
  {
    "id": 320112,
    "Lloji": "Gjethëmbajtës",
    "Lartesi": "I ulët (< 1m)",
    "Gjendja": "E mirë",
    "KordinataX": 21.16298,
    "KordinataY": 42.66167,
    "Photo": ""
  },
  {
    "id": 320113,
    "Lloji": "Gjethëmbajtës",
    "Lartesi": "I ulët (< 1m)",
    "Gjendja": "E mirë",
    "KordinataX": 21.16295,
    "KordinataY": 42.66166,
    "Photo": ""
  },
  {
    "id": 320114,
    "Lloji": "Gjethëmbajtës",
    "Lartesi": "I ulët (< 1m)",
    "Gjendja": "E mirë",
    "KordinataX": 21.16296,
    "KordinataY": 42.66168,
    "Photo": ""
  },
  {
    "id": 320115,
    "Lloji": "Gjethërënës",
    "Lartesi": "I mesëm (1 - 3m)",
    "Gjendja": "E mirë",
    "KordinataX": 21.16293,
    "KordinataY": 42.66166,
    "Photo": ""
  },
  {
    "id": 320116,
    "Lloji": "Gjethëmbajtës",
    "Lartesi": "I ulët (< 1m)",
    "Gjendja": "E mirë",
    "KordinataX": 21.16292,
    "KordinataY": 42.66165,
    "Photo": ""
  },
  {
    "id": 320117,
    "Lloji": "Gjethërënës",
    "Lartesi": "I lartë (> 3m)",
    "Gjendja": "E mirë",
    "KordinataX": 21.16291,
    "KordinataY": 42.66168,
    "Photo": ""
  },
  {
    "id": 320119,
    "Lloji": "Gjethërënës",
    "Lartesi": "I lartë (> 3m)",
    "Gjendja": "E mirë",
    "KordinataX": 21.16283,
    "KordinataY": 42.66172,
    "Photo": ""
  },
  {
    "id": 320120,
    "Lloji": "Gjethërënës",
    "Lartesi": "I lartë (> 3m)",
    "Gjendja": "E mirë",
    "KordinataX": 21.16287,
    "KordinataY": 42.66165,
    "Photo": ""
  },
  {
    "id": 320121,
    "Lloji": "Gjethërënës",
    "Lartesi": "I lartë (> 3m)",
    "Gjendja": "E mirë",
    "KordinataX": 21.1628,
    "KordinataY": 42.66168,
    "Photo": ""
  },
  {
    "id": 320122,
    "Lloji": "Gjethërënës",
    "Lartesi": "I lartë (> 3m)",
    "Gjendja": "E mirë",
    "KordinataX": 21.16269,
    "KordinataY": 42.66172,
    "Photo": ""
  },
  {
    "id": 320123,
    "Lloji": "Gjethëmbajtës",
    "Lartesi": "I ulët (< 1m)",
    "Gjendja": "E mirë",
    "KordinataX": 21.16289,
    "KordinataY": 42.66173,
    "Photo": ""
  },
  {
    "id": 320124,
    "Lloji": "Gjethërënës",
    "Lartesi": "I ulët (< 1m)",
    "Gjendja": "E mirë",
    "KordinataX": 21.16291,
    "KordinataY": 42.66173,
    "Photo": ""
  },
  {
    "id": 320124,
    "Lloji": "Gjethëmbajtës",
    "Lartesi": "I mesëm (1 - 3m)",
    "Gjendja": "E mirë",
    "KordinataX": 21.16283,
    "KordinataY": 42.66175,
    "Photo": ""
  },
  {
    "id": 320125,
    "Lloji": "Gjethërënës",
    "Lartesi": "I mesëm (1 - 3m)",
    "Gjendja": "E mirë",
    "KordinataX": 21.16282,
    "KordinataY": 42.66176,
    "Photo": ""
  },
  {
    "id": 320126,
    "Lloji": "Gjethëmbajtës",
    "Lartesi": "I mesëm (1 - 3m)",
    "Gjendja": "E mirë",
    "KordinataX": 21.16282,
    "KordinataY": 42.66175,
    "Photo": ""
  },
  {
    "id": 320127,
    "Lloji": "Gjethëmbajtës",
    "Lartesi": "I mesëm (1 - 3m)",
    "Gjendja": "E mirë",
    "KordinataX": 21.16267,
    "KordinataY": 42.66181,
    "Photo": ""
  },
  {
    "id": 320128,
    "Lloji": "Gjethëmbajtës",
    "Lartesi": "I mesëm (1 - 3m)",
    "Gjendja": "E mirë",
    "KordinataX": 21.16267,
    "KordinataY": 42.66179,
    "Photo": ""
  },
  {
    "id": 320129,
    "Lloji": "Gjethëmbajtës",
    "Lartesi": "I mesëm (1 - 3m)",
    "Gjendja": "E mirë",
    "KordinataX": 21.16268,
    "KordinataY": 42.66179,
    "Photo": ""
  },
  {
    "id": 320130,
    "Lloji": "Gjethëmbajtës",
    "Lartesi": "I mesëm (1 - 3m)",
    "Gjendja": "E mirë",
    "KordinataX": 21.16264,
    "KordinataY": 42.6618,
    "Photo": ""
  },
  {
    "id": 320131,
    "Lloji": "Gjethëmbajtës",
    "Lartesi": "I ulët (< 1m)",
    "Gjendja": "E mirë",
    "KordinataX": 21.16273,
    "KordinataY": 42.66185,
    "Photo": ""
  },
  {
    "id": 1320132,
    "Lloji": "Gjethëmbajtës",
    "Lartesi": "I ulët (< 1m)",
    "Gjendja": "Jo e mirë",
    "KordinataX": 21.16279,
    "KordinataY": 42.66192,
    "Photo": ""
  },
  {
    "id": 320133,
    "Lloji": "Gjethërënës",
    "Lartesi": "I mesëm (1 - 3m)",
    "Gjendja": "Jo e mirë",
    "KordinataX": 21.1628,
    "KordinataY": 42.66193,
    "Photo": ""
  },
  {
    "id": 320135,
    "Lloji": "Gjethërënës",
    "Lartesi": "I lartë (> 3m)",
    "Gjendja": "E mirë",
    "KordinataX": 21.1629,
    "KordinataY": 42.66193,
    "Photo": ""
  },
  {
    "id": 320136,
    "Lloji": "Gjethërënës",
    "Lartesi": "I lartë (> 3m)",
    "Gjendja": "E mirë",
    "KordinataX": 21.16285,
    "KordinataY": 42.66194,
    "Photo": ""
  },
  {
    "id": 320137,
    "Lloji": "Gjethëmbajtës",
    "Lartesi": "I mesëm (1 - 3m)",
    "Gjendja": "E mirë",
    "KordinataX": 21.16289,
    "KordinataY": 42.66195,
    "Photo": ""
  },
  {
    "id": 320138,
    "Lloji": "Gjethëmbajtës",
    "Lartesi": "I ulët (< 1m)",
    "Gjendja": "E mirë",
    "KordinataX": 21.16282,
    "KordinataY": 42.66192,
    "Photo": ""
  },
  {
    "id": 320139,
    "Lloji": "Gjethëmbajtës",
    "Lartesi": "I lartë (> 3m)",
    "Gjendja": "E mirë",
    "KordinataX": 21.16291,
    "KordinataY": 42.66197,
    "Photo": ""
  },
  {
    "id": 320140,
    "Lloji": "Gjethëmbajtës",
    "Lartesi": "I lartë (> 3m)",
    "Gjendja": "E mirë",
    "KordinataX": 21.1629,
    "KordinataY": 42.66199,
    "Photo": ""
  },
  {
    "id": 320141,
    "Lloji": "Gjethëmbajtës",
    "Lartesi": "I lartë (> 3m)",
    "Gjendja": "E mirë",
    "KordinataX": 21.16293,
    "KordinataY": 42.66198,
    "Photo": ""
  },
  {
    "id": 320142,
    "Lloji": "Gjethëmbajtës",
    "Lartesi": "I lartë (> 3m)",
    "Gjendja": "E mirë",
    "KordinataX": 21.16293,
    "KordinataY": 42.66201,
    "Photo": ""
  },
  {
    "id": 320143,
    "Lloji": "Gjethërënës",
    "Lartesi": "I lartë (> 3m)",
    "Gjendja": "E mirë",
    "KordinataX": 21.16296,
    "KordinataY": 42.66201,
    "Photo": ""
  },
  {
    "id": 320144,
    "Lloji": "Gjethërënës",
    "Lartesi": "I lartë (> 3m)",
    "Gjendja": "E mirë",
    "KordinataX": 21.16301,
    "KordinataY": 42.66207,
    "Photo": ""
  },
  {
    "id": 320145,
    "Lloji": "Gjethërënës",
    "Lartesi": "I lartë (> 3m)",
    "Gjendja": "E mirë",
    "KordinataX": 21.16301,
    "KordinataY": 42.66209,
    "Photo": ""
  },
  {
    "id": 320146,
    "Lloji": "Gjethërënës",
    "Lartesi": "I lartë (> 3m)",
    "Gjendja": "E mirë",
    "KordinataX": 21.16303,
    "KordinataY": 42.66211,
    "Photo": ""
  },
  {
    "id": 320147,
    "Lloji": "Gjethërënës",
    "Lartesi": "I lartë (> 3m)",
    "Gjendja": "E mirë",
    "KordinataX": 21.1631,
    "KordinataY": 42.66215,
    "Photo": ""
  },
  {
    "id": 320148,
    "Lloji": "Gjethëmbajtës",
    "Lartesi": "I mesëm (1 - 3m)",
    "Gjendja": "E mirë",
    "KordinataX": 21.16311,
    "KordinataY": 42.66216,
    "Photo": ""
  },
  {
    "id": 320149,
    "Lloji": "Gjethëmbajtës",
    "Lartesi": "I mesëm (1 - 3m)",
    "Gjendja": "E mirë",
    "KordinataX": 21.1631,
    "KordinataY": 42.66216,
    "Photo": ""
  },
  {
    "id": 320150,
    "Lloji": "Gjethërënës",
    "Lartesi": "I mesëm (1 - 3m)",
    "Gjendja": "E mirë",
    "KordinataX": 21.16312,
    "KordinataY": 42.66219,
    "Photo": ""
  },
  {
    "id": 320151,
    "Lloji": "Gjethërënës",
    "Lartesi": "I lartë (> 3m)",
    "Gjendja": "E mirë",
    "KordinataX": 21.16314,
    "KordinataY": 42.66219,
    "Photo": ""
  },
  {
    "id": 320152,
    "Lloji": "Gjethërënës",
    "Lartesi": "I lartë (> 3m)",
    "Gjendja": "E mirë",
    "KordinataX": 21.1631,
    "KordinataY": 42.66221,
    "Photo": ""
  },
  {
    "id": 320153,
    "Lloji": "Gjethëmbajtës",
    "Lartesi": "I ulët (< 1m)",
    "Gjendja": "E mirë",
    "KordinataX": 21.16315,
    "KordinataY": 42.6622,
    "Photo": ""
  },
  {
    "id": 320154,
    "Lloji": "Gjethëmbajtës",
    "Lartesi": "I ulët (< 1m)",
    "Gjendja": "E mirë",
    "KordinataX": 21.16313,
    "KordinataY": 42.66221,
    "Photo": ""
  },
  {
    "id": 320155,
    "Lloji": "Gjethëmbajtës",
    "Lartesi": "I ulët (< 1m)",
    "Gjendja": "E mirë",
    "KordinataX": 21.16311,
    "KordinataY": 42.66222,
    "Photo": ""
  },
  {
    "id": 320156,
    "Lloji": "Gjethëmbajtës",
    "Lartesi": "I ulët (< 1m)",
    "Gjendja": "E mirë",
    "KordinataX": 21.16309,
    "KordinataY": 42.66223,
    "Photo": ""
  },
  {
    "id": 320157,
    "Lloji": "Gjethëmbajtës",
    "Lartesi": "I ulët (< 1m)",
    "Gjendja": "E mirë",
    "KordinataX": 21.16317,
    "KordinataY": 42.6622,
    "Photo": ""
  },
  {
    "id": 320158,
    "Lloji": "Gjethëmbajtës",
    "Lartesi": "I ulët (< 1m)",
    "Gjendja": "E mirë",
    "KordinataX": 21.1631,
    "KordinataY": 42.66222,
    "Photo": ""
  },
  {
    "id": 320159,
    "Lloji": "Gjethëmbajtës",
    "Lartesi": "I lartë (> 3m)",
    "Gjendja": "E mirë",
    "KordinataX": 21.16317,
    "KordinataY": 42.66224,
    "Photo": ""
  },
  {
    "id": 320160,
    "Lloji": "Gjethëmbajtës",
    "Lartesi": "I lartë (> 3m)",
    "Gjendja": "E mirë",
    "KordinataX": 21.16313,
    "KordinataY": 42.66223,
    "Photo": ""
  },
  {
    "id": 320162,
    "Lloji": "Gjethërënës",
    "Lartesi": "I lartë (> 3m)",
    "Gjendja": "E mirë",
    "KordinataX": 21.16319,
    "KordinataY": 42.66228,
    "Photo": ""
  },
  {
    "id": 320163,
    "Lloji": "Gjethëmbajtës",
    "Lartesi": "I mesëm (1 - 3m)",
    "Gjendja": "E mirë",
    "KordinataX": 21.1632,
    "KordinataY": 42.66224,
    "Photo": ""
  },
  {
    "id": 320164,
    "Lloji": "Gjethëmbajtës",
    "Lartesi": "I mesëm (1 - 3m)",
    "Gjendja": "E mirë",
    "KordinataX": 21.16319,
    "KordinataY": 42.66225,
    "Photo": ""
  },
  {
    "id": 320165,
    "Lloji": "Gjethëmbajtës",
    "Lartesi": "I mesëm (1 - 3m)",
    "Gjendja": "E mirë",
    "KordinataX": 21.16317,
    "KordinataY": 42.66225,
    "Photo": ""
  },
  {
    "id": 320166,
    "Lloji": "Gjethëmbajtës",
    "Lartesi": "I mesëm (1 - 3m)",
    "Gjendja": "E mirë",
    "KordinataX": 21.16316,
    "KordinataY": 42.66226,
    "Photo": ""
  },
  {
    "id": 320167,
    "Lloji": "Gjethëmbajtës",
    "Lartesi": "I mesëm (1 - 3m)",
    "Gjendja": "E mirë",
    "KordinataX": 21.16314,
    "KordinataY": 42.66227,
    "Photo": ""
  },
  {
    "id": 320174,
    "Lloji": "Gjethëmbajtës",
    "Lartesi": "I mesëm (1 - 3m)",
    "Gjendja": "Jo e mirë",
    "KordinataX": 21.16388,
    "KordinataY": 42.66216,
    "Photo": ""
  },
  {
    "id": 320175,
    "Lloji": "Gjethërënës",
    "Lartesi": "I mesëm (1 - 3m)",
    "Gjendja": "E mirë",
    "KordinataX": 21.16387,
    "KordinataY": 42.66215,
    "Photo": ""
  },
  {
    "id": 320176,
    "Lloji": "Gjethëmbajtës",
    "Lartesi": "I mesëm (1 - 3m)",
    "Gjendja": "E mirë",
    "KordinataX": 21.16389,
    "KordinataY": 42.66217,
    "Photo": ""
  },
  {
    "id": 320174,
    "Lloji": "Gjethëmbajtës",
    "Lartesi": "I mesëm (1 - 3m)",
    "Gjendja": "E mirë",
    "KordinataX": 21.16353,
    "KordinataY": 42.66219,
    "Photo": ""
  },
  {
    "id": 320175,
    "Lloji": "Gjethërënës",
    "Lartesi": "I mesëm (1 - 3m)",
    "Gjendja": "E mirë",
    "KordinataX": 21.1635,
    "KordinataY": 42.6622,
    "Photo": ""
  },
  {
    "id": 320176,
    "Lloji": "Gjethëmbajtës",
    "Lartesi": "I mesëm (1 - 3m)",
    "Gjendja": "Jo e mirë",
    "KordinataX": 21.16346,
    "KordinataY": 42.66222,
    "Photo": ""
  },
  {
    "id": 320177,
    "Lloji": "Gjethërënës",
    "Lartesi": "I lartë (> 3m)",
    "Gjendja": "E mirë",
    "KordinataX": 21.16345,
    "KordinataY": 42.66173,
    "Photo": ""
  },
  {
    "id": 320178,
    "Lloji": "Gjethërënës",
    "Lartesi": "I lartë (> 3m)",
    "Gjendja": "E mirë",
    "KordinataX": 21.16342,
    "KordinataY": 42.66172,
    "Photo": ""
  },
  {
    "id": 320179,
    "Lloji": "Gjethërënës",
    "Lartesi": "I lartë (> 3m)",
    "Gjendja": "E mirë",
    "KordinataX": 21.16339,
    "KordinataY": 42.6617,
    "Photo": ""
  },
  {
    "id": 320179,
    "Lloji": "Gjethërënës",
    "Lartesi": "I lartë (> 3m)",
    "Gjendja": "E mirë",
    "KordinataX": 21.16348,
    "KordinataY": 42.66166,
    "Photo": ""
  },
  {
    "id": 320182,
    "Lloji": "Gjethërënës",
    "Lartesi": "I mesëm (1 - 3m)",
    "Gjendja": "E mirë",
    "KordinataX": 21.16341,
    "KordinataY": 42.66178,
    "Photo": ""
  },
  {
    "id": 320182,
    "Lloji": "Gjethërënës",
    "Lartesi": "I mesëm (1 - 3m)",
    "Gjendja": "E mirë",
    "KordinataX": 21.16336,
    "KordinataY": 42.66178,
    "Photo": ""
  },
  {
    "id": 320184,
    "Lloji": "Gjethërënës",
    "Lartesi": "I mesëm (1 - 3m)",
    "Gjendja": "E mirë",
    "KordinataX": 21.16343,
    "KordinataY": 42.66175,
    "Photo": ""
  },
  {
    "id": 320185,
    "Lloji": "Gjethërënës",
    "Lartesi": "I mesëm (1 - 3m)",
    "Gjendja": "E mirë",
    "KordinataX": 21.16344,
    "KordinataY": 42.66176,
    "Photo": ""
  },
  {
    "id": 320186,
    "Lloji": "Gjethërënës",
    "Lartesi": "I mesëm (1 - 3m)",
    "Gjendja": "E mirë",
    "KordinataX": 21.16345,
    "KordinataY": 42.66175,
    "Photo": ""
  },
  {
    "id": 320187,
    "Lloji": "Gjethërënës",
    "Lartesi": "I mesëm (1 - 3m)",
    "Gjendja": "E mirë",
    "KordinataX": 21.16345,
    "KordinataY": 42.66175,
    "Photo": ""
  },
  {
    "id": 320188,
    "Lloji": "Gjethërënës",
    "Lartesi": "I mesëm (1 - 3m)",
    "Gjendja": "E mirë",
    "KordinataX": 21.1631,
    "KordinataY": 42.66185,
    "Photo": ""
  },
  {
    "id": 320189,
    "Lloji": "Gjethërënës",
    "Lartesi": "I lartë (> 3m)",
    "Gjendja": "E mirë",
    "KordinataX": 21.16313,
    "KordinataY": 42.66181,
    "Photo": ""
  },
  {
    "id": 320190,
    "Lloji": "Gjethëmbajtës",
    "Lartesi": "I mesëm (1 - 3m)",
    "Gjendja": "E mirë",
    "KordinataX": 21.16335,
    "KordinataY": 42.66174,
    "Photo": ""
  },
  {
    "id": 320191,
    "Lloji": "Gjethëmbajtës",
    "Lartesi": "I mesëm (1 - 3m)",
    "Gjendja": "E mirë",
    "KordinataX": 21.16336,
    "KordinataY": 42.66171,
    "Photo": ""
  },
  {
    "id": 320192,
    "Lloji": "Gjethërënës",
    "Lartesi": "I mesëm (1 - 3m)",
    "Gjendja": "E mirë",
    "KordinataX": 21.1634,
    "KordinataY": 42.66168,
    "Photo": ""
  },
  {
    "id": 320193,
    "Lloji": "Gjethërënës",
    "Lartesi": "I lartë (> 3m)",
    "Gjendja": "E mirë",
    "KordinataX": 21.16359,
    "KordinataY": 42.66162,
    "Photo": ""
  },
  {
    "id": 320194,
    "Lloji": "Gjethërënës",
    "Lartesi": "I lartë (> 3m)",
    "Gjendja": "E mirë",
    "KordinataX": 21.16361,
    "KordinataY": 42.66161,
    "Photo": ""
  },
  {
    "id": 320195,
    "Lloji": "Gjethërënës",
    "Lartesi": "I lartë (> 3m)",
    "Gjendja": "E mirë",
    "KordinataX": 21.16364,
    "KordinataY": 42.6616,
    "Photo": ""
  },
  {
    "id": 320196,
    "Lloji": "Gjethërënës",
    "Lartesi": "I mesëm (1 - 3m)",
    "Gjendja": "E mirë",
    "KordinataX": 21.16366,
    "KordinataY": 42.66159,
    "Photo": ""
  },
  {
    "id": 320197,
    "Lloji": "Gjethërënës",
    "Lartesi": "I mesëm (1 - 3m)",
    "Gjendja": "E mirë",
    "KordinataX": 21.16391,
    "KordinataY": 42.66217,
    "Photo": ""
  },
  {
    "id": 320198,
    "Lloji": "Gjethërënës",
    "Lartesi": "I lartë (> 3m)",
    "Gjendja": "E mirë",
    "KordinataX": 21.16398,
    "KordinataY": 42.66212,
    "Photo": ""
  },
  {
    "id": 320204,
    "Lloji": "Gjethërënës",
    "Lartesi": "I lartë (> 3m)",
    "Gjendja": "E mirë",
    "KordinataX": 21.16481,
    "KordinataY": 42.66201,
    "Photo": ""
  },
  {
    "id": 320205,
    "Lloji": "Gjethërënës",
    "Lartesi": "I mesëm (1 - 3m)",
    "Gjendja": "E mirë",
    "KordinataX": 21.16481,
    "KordinataY": 42.66203,
    "Photo": ""
  },
  {
    "id": 320206,
    "Lloji": "Gjethërënës",
    "Lartesi": "I lartë (> 3m)",
    "Gjendja": "E mirë",
    "KordinataX": 21.16481,
    "KordinataY": 42.66203,
    "Photo": ""
  },
  {
    "id": 320207,
    "Lloji": "Gjethërënës",
    "Lartesi": "I lartë (> 3m)",
    "Gjendja": "E mirë",
    "KordinataX": 21.16478,
    "KordinataY": 42.6629,
    "Photo": ""
  },
  {
    "id": 320208,
    "Lloji": "Gjethërënës",
    "Lartesi": "I lartë (> 3m)",
    "Gjendja": "E mirë",
    "KordinataX": 21.16441,
    "KordinataY": 42.66296,
    "Photo": ""
  },
  {
    "id": 320210,
    "Lloji": "Gjethërënës",
    "Lartesi": "I lartë (> 3m)",
    "Gjendja": "E mirë",
    "KordinataX": 21.16448,
    "KordinataY": 42.66304,
    "Photo": ""
  },
  {
    "id": 320211,
    "Lloji": "Gjethërënës",
    "Lartesi": "I lartë (> 3m)",
    "Gjendja": "E mirë",
    "KordinataX": 21.1645,
    "KordinataY": 42.66304,
    "Photo": ""
  },
  {
    "id": 320211,
    "Lloji": "Gjethërënës",
    "Lartesi": "I lartë (> 3m)",
    "Gjendja": "E mirë",
    "KordinataX": 21.16456,
    "KordinataY": 42.663,
    "Photo": ""
  },
  {
    "id": 320212,
    "Lloji": "Gjethërënës",
    "Lartesi": "I lartë (> 3m)",
    "Gjendja": "E mirë",
    "KordinataX": 21.16458,
    "KordinataY": 42.66298,
    "Photo": ""
  },
  {
    "id": 320213,
    "Lloji": "Gjethërënës",
    "Lartesi": "I mesëm (1 - 3m)",
    "Gjendja": "E mirë",
    "KordinataX": 21.16444,
    "KordinataY": 42.663,
    "Photo": ""
  },
  {
    "id": 320217,
    "Lloji": "Gjethëmbajtës",
    "Lartesi": "I lartë (> 3m)",
    "Gjendja": "E mirë",
    "KordinataX": 21.16478,
    "KordinataY": 42.66323,
    "Photo": ""
  },
  {
    "id": 320218,
    "Lloji": "Gjethëmbajtës",
    "Lartesi": "I lartë (> 3m)",
    "Gjendja": "E mirë",
    "KordinataX": 21.16474,
    "KordinataY": 42.66327,
    "Photo": ""
  },
  {
    "id": 320221,
    "Lloji": "Gjethëmbajtës",
    "Lartesi": "I mesëm (1 - 3m)",
    "Gjendja": "E mirë",
    "KordinataX": 21.16469,
    "KordinataY": 42.66328,
    "Photo": ""
  },
  {
    "id": 320222,
    "Lloji": "Gjethëmbajtës",
    "Lartesi": "I ulët (< 1m)",
    "Gjendja": "E mirë",
    "KordinataX": 21.16468,
    "KordinataY": 42.66328,
    "Photo": ""
  },
  {
    "id": 320223,
    "Lloji": "Gjethëmbajtës",
    "Lartesi": "I ulët (< 1m)",
    "Gjendja": "E mirë",
    "KordinataX": 21.16462,
    "KordinataY": 42.6633,
    "Photo": ""
  },
  {
    "id": 320224,
    "Lloji": "Gjethëmbajtës",
    "Lartesi": "I lartë (> 3m)",
    "Gjendja": "E mirë",
    "KordinataX": 21.16457,
    "KordinataY": 42.66332,
    "Photo": ""
  },
  {
    "id": 320225,
    "Lloji": "Gjethëmbajtës",
    "Lartesi": "I lartë (> 3m)",
    "Gjendja": "E mirë",
    "KordinataX": 21.16455,
    "KordinataY": 42.66334,
    "Photo": ""
  },
  {
    "id": 320236,
    "Lloji": "Gjethërënës",
    "Lartesi": "I lartë (> 3m)",
    "Gjendja": "E mirë",
    "KordinataX": 21.16398,
    "KordinataY": 42.66314,
    "Photo": ""
  },
  {
    "id": 320237,
    "Lloji": "Gjethërënës",
    "Lartesi": "I lartë (> 3m)",
    "Gjendja": "E mirë",
    "KordinataX": 21.16396,
    "KordinataY": 42.66312,
    "Photo": ""
  },
  {
    "id": 320238,
    "Lloji": "Gjethërënës",
    "Lartesi": "I lartë (> 3m)",
    "Gjendja": "E mirë",
    "KordinataX": 21.16395,
    "KordinataY": 42.66308,
    "Photo": ""
  },
  {
    "id": 320241,
    "Lloji": "Gjethëmbajtës",
    "Lartesi": "I lartë (> 3m)",
    "Gjendja": "E mirë",
    "KordinataX": 21.16398,
    "KordinataY": 42.66233,
    "Photo": ""
  },
  {
    "id": 320242,
    "Lloji": "Gjethërënës",
    "Lartesi": "I lartë (> 3m)",
    "Gjendja": "E mirë",
    "KordinataX": 21.16402,
    "KordinataY": 42.66239,
    "Photo": ""
  },
  {
    "id": 320243,
    "Lloji": "Gjethërënës",
    "Lartesi": "I lartë (> 3m)",
    "Gjendja": "E mirë",
    "KordinataX": 21.16405,
    "KordinataY": 42.66242,
    "Photo": ""
  },
  {
    "id": 320245,
    "Lloji": "Gjethëmbajtës",
    "Lartesi": "I ulët (< 1m)",
    "Gjendja": "E mirë",
    "KordinataX": 21.16408,
    "KordinataY": 42.66222,
    "Photo": ""
  },
  {
    "id": 320246,
    "Lloji": "Gjethëmbajtës",
    "Lartesi": "I lartë (> 3m)",
    "Gjendja": "E mirë",
    "KordinataX": 21.16408,
    "KordinataY": 42.66221,
    "Photo": ""
  },
  {
    "id": 320247,
    "Lloji": "Gjethëmbajtës",
    "Lartesi": "I ulët (< 1m)",
    "Gjendja": "E mirë",
    "KordinataX": 21.1641,
    "KordinataY": 42.66222,
    "Photo": ""
  },
  {
    "id": 320248,
    "Lloji": "Gjethëmbajtës",
    "Lartesi": "I lartë (> 3m)",
    "Gjendja": "E mirë",
    "KordinataX": 21.16412,
    "KordinataY": 42.66224,
    "Photo": ""
  },
  {
    "id": 320249,
    "Lloji": "Gjethëmbajtës",
    "Lartesi": "I lartë (> 3m)",
    "Gjendja": "E mirë",
    "KordinataX": 21.16413,
    "KordinataY": 42.66224,
    "Photo": ""
  },
  {
    "id": 320250,
    "Lloji": "Gjethërënës",
    "Lartesi": "I lartë (> 3m)",
    "Gjendja": "E mirë",
    "KordinataX": 21.16414,
    "KordinataY": 42.66225,
    "Photo": ""
  },
  {
    "id": 320251,
    "Lloji": "Gjethërënës",
    "Lartesi": "I lartë (> 3m)",
    "Gjendja": "E mirë",
    "KordinataX": 21.16413,
    "KordinataY": 42.66225,
    "Photo": ""
  },
  {
    "id": 320252,
    "Lloji": "Gjethërënës",
    "Lartesi": "I lartë (> 3m)",
    "Gjendja": "E mirë",
    "KordinataX": 21.16439,
    "KordinataY": 42.66218,
    "Photo": ""
  },
  {
    "id": 320253,
    "Lloji": "Gjethërënës",
    "Lartesi": "I lartë (> 3m)",
    "Gjendja": "E mirë",
    "KordinataX": 21.16438,
    "KordinataY": 42.66214,
    "Photo": ""
  },
  {
    "id": 320259,
    "Lloji": "Gjethërënës",
    "Lartesi": "I mesëm (1 - 3m)",
    "Gjendja": "E mirë",
    "KordinataX": 21.16456,
    "KordinataY": 42.66199,
    "Photo": ""
  },
  {
    "id": 320260,
    "Lloji": "Gjethërënës",
    "Lartesi": "I mesëm (1 - 3m)",
    "Gjendja": "E mirë",
    "KordinataX": 21.16456,
    "KordinataY": 42.662,
    "Photo": ""
  },
  {
    "id": 320261,
    "Lloji": "Gjethërënës",
    "Lartesi": "I lartë (> 3m)",
    "Gjendja": "E mirë",
    "KordinataX": 21.16462,
    "KordinataY": 42.66198,
    "Photo": ""
  },
  {
    "id": 320262,
    "Lloji": "Gjethërënës",
    "Lartesi": "I lartë (> 3m)",
    "Gjendja": "E mirë",
    "KordinataX": 21.16466,
    "KordinataY": 42.66197,
    "Photo": ""
  },
  {
    "id": 32026,
    "Lloji": "Gjethërënës",
    "Lartesi": "I lartë (> 3m)",
    "Gjendja": "E mirë",
    "KordinataX": 21.1647,
    "KordinataY": 42.66196,
    "Photo": ""
  },
  {
    "id": 320264,
    "Lloji": "Gjethërënës",
    "Lartesi": "I lartë (> 3m)",
    "Gjendja": "E mirë",
    "KordinataX": 21.16467,
    "KordinataY": 42.66198,
    "Photo": ""
  },
  {
    "id": 320265,
    "Lloji": "Gjethërënës",
    "Lartesi": "I lartë (> 3m)",
    "Gjendja": "E mirë",
    "KordinataX": 21.16472,
    "KordinataY": 42.66197,
    "Photo": ""
  },
  {
    "id": 320266,
    "Lloji": "Gjethërënës",
    "Lartesi": "I lartë (> 3m)",
    "Gjendja": "E mirë",
    "KordinataX": 21.16475,
    "KordinataY": 42.66197,
    "Photo": ""
  },
  {
    "id": 320267,
    "Lloji": "Gjethërënës",
    "Lartesi": "I lartë (> 3m)",
    "Gjendja": "E mirë",
    "KordinataX": 21.16476,
    "KordinataY": 42.66197,
    "Photo": ""
  },
  {
    "id": 320268,
    "Lloji": "Gjethërënës",
    "Lartesi": "I lartë (> 3m)",
    "Gjendja": "E mirë",
    "KordinataX": 21.16478,
    "KordinataY": 42.66197,
    "Photo": ""
  },
  {
    "id": 320269,
    "Lloji": "Gjethërënës",
    "Lartesi": "I lartë (> 3m)",
    "Gjendja": "E mirë",
    "KordinataX": 21.16479,
    "KordinataY": 42.66197,
    "Photo": ""
  },
  {
    "id": 320270,
    "Lloji": "Gjethëmbajtës",
    "Lartesi": "I mesëm (1 - 3m)",
    "Gjendja": "E mirë",
    "KordinataX": 21.16478,
    "KordinataY": 42.66198,
    "Photo": ""
  },
  {
    "id": 320271,
    "Lloji": "Gjethëmbajtës",
    "Lartesi": "I mesëm (1 - 3m)",
    "Gjendja": "E mirë",
    "KordinataX": 21.16477,
    "KordinataY": 42.66198,
    "Photo": ""
  },
  {
    "id": 320273,
    "Lloji": "Gjethërënës",
    "Lartesi": "I mesëm (1 - 3m)",
    "Gjendja": "Jo e mirë",
    "KordinataX": 21.16452,
    "KordinataY": 42.66223,
    "Photo": ""
  },
  {
    "id": 320274,
    "Lloji": "Gjethërënës",
    "Lartesi": "I lartë (> 3m)",
    "Gjendja": "E mirë",
    "KordinataX": 21.16453,
    "KordinataY": 42.66231,
    "Photo": ""
  },
  {
    "id": 320275,
    "Lloji": "Gjethërënës",
    "Lartesi": "I lartë (> 3m)",
    "Gjendja": "E mirë",
    "KordinataX": 21.16456,
    "KordinataY": 42.66232,
    "Photo": ""
  },
  {
    "id": 320276,
    "Lloji": "Gjethërënës",
    "Lartesi": "I lartë (> 3m)",
    "Gjendja": "E mirë",
    "KordinataX": 21.16457,
    "KordinataY": 42.66234,
    "Photo": ""
  },
  {
    "id": 320277,
    "Lloji": "Gjethërënës",
    "Lartesi": "I lartë (> 3m)",
    "Gjendja": "E mirë",
    "KordinataX": 21.16457,
    "KordinataY": 42.66243,
    "Photo": ""
  },
  {
    "id": 320278,
    "Lloji": "Gjethërënës",
    "Lartesi": "I lartë (> 3m)",
    "Gjendja": "E mirë",
    "KordinataX": 21.16456,
    "KordinataY": 42.66244,
    "Photo": ""
  },
  {
    "id": 320279,
    "Lloji": "Gjethërënës",
    "Lartesi": "I lartë (> 3m)",
    "Gjendja": "E mirë",
    "KordinataX": 21.16465,
    "KordinataY": 42.66237,
    "Photo": ""
  },
  {
    "id": 320280,
    "Lloji": "Gjethërënës",
    "Lartesi": "I lartë (> 3m)",
    "Gjendja": "E mirë",
    "KordinataX": 21.16436,
    "KordinataY": 42.66237,
    "Photo": ""
  },
  {
    "id": 320281,
    "Lloji": "Gjethërënës",
    "Lartesi": "I lartë (> 3m)",
    "Gjendja": "E mirë",
    "KordinataX": 21.16438,
    "KordinataY": 42.66236,
    "Photo": ""
  },
  {
    "id": 320282,
    "Lloji": "Gjethërënës",
    "Lartesi": "I lartë (> 3m)",
    "Gjendja": "E mirë",
    "KordinataX": 21.16439,
    "KordinataY": 42.66235,
    "Photo": ""
  },
  {
    "id": 320283,
    "Lloji": "Gjethërënës",
    "Lartesi": "I lartë (> 3m)",
    "Gjendja": "E mirë",
    "KordinataX": 21.16447,
    "KordinataY": 42.66237,
    "Photo": ""
  },
  {
    "id": 320284,
    "Lloji": "Gjethërënës",
    "Lartesi": "I lartë (> 3m)",
    "Gjendja": "E mirë",
    "KordinataX": 21.16449,
    "KordinataY": 42.66235,
    "Photo": ""
  },
  {
    "id": 320285,
    "Lloji": "Gjethërënës",
    "Lartesi": "I lartë (> 3m)",
    "Gjendja": "E mirë",
    "KordinataX": 21.16452,
    "KordinataY": 42.66232,
    "Photo": ""
  },
  {
    "id": 320286,
    "Lloji": "Gjethërënës",
    "Lartesi": "I lartë (> 3m)",
    "Gjendja": "E mirë",
    "KordinataX": 21.16454,
    "KordinataY": 42.66233,
    "Photo": ""
  },
  {
    "id": 320287,
    "Lloji": "Gjethërënës",
    "Lartesi": "I lartë (> 3m)",
    "Gjendja": "E mirë",
    "KordinataX": 21.16455,
    "KordinataY": 42.66245,
    "Photo": ""
  },
  {
    "id": 320288,
    "Lloji": "Gjethërënës",
    "Lartesi": "I lartë (> 3m)",
    "Gjendja": "E mirë",
    "KordinataX": 21.16457,
    "KordinataY": 42.66245,
    "Photo": ""
  },
  {
    "id": 320286,
    "Lloji": "Gjethërënës",
    "Lartesi": "I lartë (> 3m)",
    "Gjendja": "E mirë",
    "KordinataX": 21.16457,
    "KordinataY": 42.66244,
    "Photo": ""
  },
  {
    "id": 320289,
    "Lloji": "Gjethëmbajtës",
    "Lartesi": "I ulët (< 1m)",
    "Gjendja": "E mirë",
    "KordinataX": 21.16459,
    "KordinataY": 42.66243,
    "Photo": ""
  },
  {
    "id": 320290,
    "Lloji": "Gjethëmbajtës",
    "Lartesi": "I ulët (< 1m)",
    "Gjendja": "E mirë",
    "KordinataX": 21.16459,
    "KordinataY": 42.66243,
    "Photo": ""
  },
  {
    "id": 320291,
    "Lloji": "Gjethëmbajtës",
    "Lartesi": "I ulët (< 1m)",
    "Gjendja": "E mirë",
    "KordinataX": 21.16459,
    "KordinataY": 42.66244,
    "Photo": ""
  },
  {
    "id": 320292,
    "Lloji": "Gjethëmbajtës",
    "Lartesi": "I ulët (< 1m)",
    "Gjendja": "E mirë",
    "KordinataX": 21.16459,
    "KordinataY": 42.66245,
    "Photo": ""
  },
  {
    "id": 320293,
    "Lloji": "Gjethëmbajtës",
    "Lartesi": "I ulët (< 1m)",
    "Gjendja": "E mirë",
    "KordinataX": 21.16459,
    "KordinataY": 42.66245,
    "Photo": ""
  },
  {
    "id": 320294,
    "Lloji": "Gjethëmbajtës",
    "Lartesi": "I ulët (< 1m)",
    "Gjendja": "E mirë",
    "KordinataX": 21.16459,
    "KordinataY": 42.66246,
    "Photo": ""
  },
  {
    "id": 320295,
    "Lloji": "Gjethëmbajtës",
    "Lartesi": "I ulët (< 1m)",
    "Gjendja": "E mirë",
    "KordinataX": 21.16459,
    "KordinataY": 42.66247,
    "Photo": ""
  },
  {
    "id": 320296,
    "Lloji": "Gjethëmbajtës",
    "Lartesi": "I ulët (< 1m)",
    "Gjendja": "E mirë",
    "KordinataX": 21.16459,
    "KordinataY": 42.66247,
    "Photo": ""
  },
  {
    "id": 320297,
    "Lloji": "Gjethëmbajtës",
    "Lartesi": "I ulët (< 1m)",
    "Gjendja": "E mirë",
    "KordinataX": 21.16459,
    "KordinataY": 42.66248,
    "Photo": ""
  },
  {
    "id": 320298,
    "Lloji": "Gjethëmbajtës",
    "Lartesi": "I ulët (< 1m)",
    "Gjendja": "E mirë",
    "KordinataX": 21.1646,
    "KordinataY": 42.66249,
    "Photo": ""
  },
  {
    "id": 320299,
    "Lloji": "Gjethëmbajtës",
    "Lartesi": "I ulët (< 1m)",
    "Gjendja": "E mirë",
    "KordinataX": 21.1646,
    "KordinataY": 42.66249,
    "Photo": ""
  },
  {
    "id": 320300,
    "Lloji": "Gjethëmbajtës",
    "Lartesi": "I mesëm (1 - 3m)",
    "Gjendja": "E mirë",
    "KordinataX": 21.16457,
    "KordinataY": 42.66246,
    "Photo": ""
  },
  {
    "id": 320301,
    "Lloji": "Gjethëmbajtës",
    "Lartesi": "I mesëm (1 - 3m)",
    "Gjendja": "E mirë",
    "KordinataX": 21.16458,
    "KordinataY": 42.66246,
    "Photo": ""
  },
  {
    "id": 320302,
    "Lloji": "Gjethëmbajtës",
    "Lartesi": "I ulët (< 1m)",
    "Gjendja": "E mirë",
    "KordinataX": 21.16458,
    "KordinataY": 42.66247,
    "Photo": ""
  },
  {
    "id": 320303,
    "Lloji": "Gjethëmbajtës",
    "Lartesi": "I mesëm (1 - 3m)",
    "Gjendja": "E mirë",
    "KordinataX": 21.16459,
    "KordinataY": 42.66247,
    "Photo": ""
  },
  {
    "id": 320304,
    "Lloji": "Gjethëmbajtës",
    "Lartesi": "I mesëm (1 - 3m)",
    "Gjendja": "E mirë",
    "KordinataX": 21.16458,
    "KordinataY": 42.66247,
    "Photo": ""
  },
  {
    "id": 320305,
    "Lloji": "Gjethërënës",
    "Lartesi": "I lartë (> 3m)",
    "Gjendja": "E mirë",
    "KordinataX": 21.16458,
    "KordinataY": 42.66252,
    "Photo": ""
  },
  {
    "id": 320306,
    "Lloji": "Gjethërënës",
    "Lartesi": "I lartë (> 3m)",
    "Gjendja": "E mirë",
    "KordinataX": 21.16457,
    "KordinataY": 42.66253,
    "Photo": ""
  },
  {
    "id": 320307,
    "Lloji": "Gjethërënës",
    "Lartesi": "I lartë (> 3m)",
    "Gjendja": "E mirë",
    "KordinataX": 21.16457,
    "KordinataY": 42.66254,
    "Photo": ""
  },
  {
    "id": 320308,
    "Lloji": "Gjethërënës",
    "Lartesi": "I lartë (> 3m)",
    "Gjendja": "E mirë",
    "KordinataX": 21.16456,
    "KordinataY": 42.66256,
    "Photo": ""
  },
  {
    "id": 320308,
    "Lloji": "Gjethërënës",
    "Lartesi": "I lartë (> 3m)",
    "Gjendja": "E mirë",
    "KordinataX": 21.16456,
    "KordinataY": 42.66257,
    "Photo": ""
  },
  {
    "id": 320312,
    "Lloji": "Gjethërënës",
    "Lartesi": "I lartë (> 3m)",
    "Gjendja": "E mirë",
    "KordinataX": 21.16456,
    "KordinataY": 42.6626,
    "Photo": ""
  },
  {
    "id": 320313,
    "Lloji": "Gjethërënës",
    "Lartesi": "I lartë (> 3m)",
    "Gjendja": "E mirë",
    "KordinataX": 21.16456,
    "KordinataY": 42.66261,
    "Photo": ""
  },
  {
    "id": 320314,
    "Lloji": "Gjethërënës",
    "Lartesi": "I lartë (> 3m)",
    "Gjendja": "E mirë",
    "KordinataX": 21.16456,
    "KordinataY": 42.66262,
    "Photo": ""
  },
  {
    "id": 320315,
    "Lloji": "Gjethërënës",
    "Lartesi": "I lartë (> 3m)",
    "Gjendja": "E mirë",
    "KordinataX": 21.1645,
    "KordinataY": 42.6627,
    "Photo": ""
  },
  {
    "id": 320316,
    "Lloji": "Gjethërënës",
    "Lartesi": "I mesëm (1 - 3m)",
    "Gjendja": "E mirë",
    "KordinataX": 21.16449,
    "KordinataY": 42.66257,
    "Photo": ""
  },
  {
    "id": 320319,
    "Lloji": "Gjethërënës",
    "Lartesi": "I lartë (> 3m)",
    "Gjendja": "E mirë",
    "KordinataX": 21.16436,
    "KordinataY": 42.66305,
    "Photo": ""
  },
  {
    "id": 320320,
    "Lloji": "Gjethërënës",
    "Lartesi": "I lartë (> 3m)",
    "Gjendja": "E mirë",
    "KordinataX": 21.16441,
    "KordinataY": 42.66306,
    "Photo": ""
  },
  {
    "id": 320321,
    "Lloji": "Gjethërënës",
    "Lartesi": "I lartë (> 3m)",
    "Gjendja": "E mirë",
    "KordinataX": 21.16438,
    "KordinataY": 42.66308,
    "Photo": ""
  },
  {
    "id": 320322,
    "Lloji": "Gjethërënës",
    "Lartesi": "I lartë (> 3m)",
    "Gjendja": "E mirë",
    "KordinataX": 21.16444,
    "KordinataY": 42.66306,
    "Photo": ""
  },
  {
    "id": 320323,
    "Lloji": "Gjethëmbajtës",
    "Lartesi": "I ulët (< 1m)",
    "Gjendja": "E mirë",
    "KordinataX": 21.16442,
    "KordinataY": 42.66235,
    "Photo": ""
  },
  {
    "id": 320324,
    "Lloji": "Gjethëmbajtës",
    "Lartesi": "I ulët (< 1m)",
    "Gjendja": "E mirë",
    "KordinataX": 21.16443,
    "KordinataY": 42.66234,
    "Photo": ""
  },
  {
    "id": 320325,
    "Lloji": "Gjethëmbajtës",
    "Lartesi": "I ulët (< 1m)",
    "Gjendja": "E mirë",
    "KordinataX": 21.16444,
    "KordinataY": 42.66234,
    "Photo": ""
  },
  {
    "id": 3203236,
    "Lloji": "Gjethëmbajtës",
    "Lartesi": "I ulët (< 1m)",
    "Gjendja": "E mirë",
    "KordinataX": 21.16446,
    "KordinataY": 42.66233,
    "Photo": ""
  },
  {
    "id": 320327,
    "Lloji": "Gjethëmbajtës",
    "Lartesi": "I ulët (< 1m)",
    "Gjendja": "E mirë",
    "KordinataX": 21.16443,
    "KordinataY": 42.66234,
    "Photo": ""
  },
  {
    "id": 320328,
    "Lloji": "Gjethërënës",
    "Lartesi": "I ulët (< 1m)",
    "Gjendja": "E mirë",
    "KordinataX": 21.16445,
    "KordinataY": 42.66233,
    "Photo": ""
  },
  {
    "id": 320329,
    "Lloji": "Gjethëmbajtës",
    "Lartesi": "I ulët (< 1m)",
    "Gjendja": "E mirë",
    "KordinataX": 21.16446,
    "KordinataY": 42.66233,
    "Photo": ""
  },
  {
    "id": 320330,
    "Lloji": "Gjethëmbajtës",
    "Lartesi": "I ulët (< 1m)",
    "Gjendja": "E mirë",
    "KordinataX": 21.16447,
    "KordinataY": 42.66233,
    "Photo": ""
  },
  {
    "id": 320332,
    "Lloji": "Gjethërënës",
    "Lartesi": "I ulët (< 1m)",
    "Gjendja": "E mirë",
    "KordinataX": 21.16447,
    "KordinataY": 42.66233,
    "Photo": ""
  },
  {
    "id": 320333,
    "Lloji": "Gjethëmbajtës",
    "Lartesi": "I ulët (< 1m)",
    "Gjendja": "E mirë",
    "KordinataX": 21.16448,
    "KordinataY": 42.66232,
    "Photo": ""
  },
  {
    "id": 320334,
    "Lloji": "Gjethërënës",
    "Lartesi": "I ulët (< 1m)",
    "Gjendja": "E mirë",
    "KordinataX": 21.16449,
    "KordinataY": 42.66232,
    "Photo": ""
  },
  {
    "id": 320335,
    "Lloji": "Gjethërënës",
    "Lartesi": "I ulët (< 1m)",
    "Gjendja": "E mirë",
    "KordinataX": 21.16449,
    "KordinataY": 42.66233,
    "Photo": ""
  },
  {
    "id": 320336,
    "Lloji": "Gjethëmbajtës",
    "Lartesi": "I ulët (< 1m)",
    "Gjendja": "E mirë",
    "KordinataX": 21.16449,
    "KordinataY": 42.66233,
    "Photo": ""
  },
  {
    "id": 320337,
    "Lloji": "Gjethëmbajtës",
    "Lartesi": "I mesëm (1 - 3m)",
    "Gjendja": "E mirë",
    "KordinataX": 21.1645,
    "KordinataY": 42.66234,
    "Photo": ""
  },
  {
    "id": 320338,
    "Lloji": "Gjethëmbajtës",
    "Lartesi": "I ulët (< 1m)",
    "Gjendja": "E mirë",
    "KordinataX": 21.1645,
    "KordinataY": 42.66234,
    "Photo": ""
  },
  {
    "id": 320339,
    "Lloji": "Gjethëmbajtës",
    "Lartesi": "I ulët (< 1m)",
    "Gjendja": "E mirë",
    "KordinataX": 21.16451,
    "KordinataY": 42.66234,
    "Photo": ""
  },
  {
    "id": 320340,
    "Lloji": "Gjethëmbajtës",
    "Lartesi": "I ulët (< 1m)",
    "Gjendja": "E mirë",
    "KordinataX": 21.16451,
    "KordinataY": 42.66235,
    "Photo": ""
  },
  {
    "id": 320341,
    "Lloji": "Gjethëmbajtës",
    "Lartesi": "I ulët (< 1m)",
    "Gjendja": "E mirë",
    "KordinataX": 21.16452,
    "KordinataY": 42.66235,
    "Photo": ""
  },
  {
    "id": 320342,
    "Lloji": "Gjethëmbajtës",
    "Lartesi": "I ulët (< 1m)",
    "Gjendja": "E mirë",
    "KordinataX": 21.16452,
    "KordinataY": 42.66235,
    "Photo": ""
  },
  {
    "id": 320343,
    "Lloji": "Gjethëmbajtës",
    "Lartesi": "I ulët (< 1m)",
    "Gjendja": "E mirë",
    "KordinataX": 21.16453,
    "KordinataY": 42.66236,
    "Photo": ""
  },
  {
    "id": 320344,
    "Lloji": "Gjethërënës",
    "Lartesi": "I lartë (> 3m)",
    "Gjendja": "E mirë",
    "KordinataX": 21.1626,
    "KordinataY": 42.66185,
    "Photo": ""
  },
  {
    "id": 320346,
    "Lloji": "Gjethërënës",
    "Lartesi": "I lartë (> 3m)",
    "Gjendja": "E mirë",
    "KordinataX": 21.16269,
    "KordinataY": 42.66189,
    "Photo": ""
  },
  {
    "id": 320347,
    "Lloji": "Gjethërënës",
    "Lartesi": "I lartë (> 3m)",
    "Gjendja": "E mirë",
    "KordinataX": 21.16275,
    "KordinataY": 42.66196,
    "Photo": ""
  },
  {
    "id": 320348,
    "Lloji": "Gjethërënës",
    "Lartesi": "I lartë (> 3m)",
    "Gjendja": "E mirë",
    "KordinataX": 21.16331,
    "KordinataY": 42.66252,
    "Photo": ""
  },
  {
    "id": 320349,
    "Lloji": "Gjethërënës",
    "Lartesi": "I lartë (> 3m)",
    "Gjendja": "E mirë",
    "KordinataX": 21.16297,
    "KordinataY": 42.66219,
    "Photo": ""
  },
  {
    "id": 320350,
    "Lloji": "Gjethërënës",
    "Lartesi": "I lartë (> 3m)",
    "Gjendja": "E mirë",
    "KordinataX": 21.16286,
    "KordinataY": 42.66207,
    "Photo": ""
  },
  {
    "id": 320351,
    "Lloji": "Gjethërënës",
    "Lartesi": "I lartë (> 3m)",
    "Gjendja": "E mirë",
    "KordinataX": 21.16311,
    "KordinataY": 42.66231,
    "Photo": ""
  },
  {
    "id": 320352,
    "Lloji": "Gjethërënës",
    "Lartesi": "I lartë (> 3m)",
    "Gjendja": "E mirë",
    "KordinataX": 21.16321,
    "KordinataY": 42.66243,
    "Photo": ""
  },
  {
    "id": 320353,
    "Lloji": "Gjethërënës",
    "Lartesi": "I lartë (> 3m)",
    "Gjendja": "E mirë",
    "KordinataX": 21.16326,
    "KordinataY": 42.66247,
    "Photo": ""
  },
  {
    "id": 320354,
    "Lloji": "Gjethërënës",
    "Lartesi": "I lartë (> 3m)",
    "Gjendja": "E mirë",
    "KordinataX": 21.16279,
    "KordinataY": 42.662,
    "Photo": ""
  },
  {
    "id": 320355,
    "Lloji": "Gjethërënës",
    "Lartesi": "I lartë (> 3m)",
    "Gjendja": "E mirë",
    "KordinataX": 21.1629,
    "KordinataY": 42.66212,
    "Photo": ""
  },
  {
    "id": 320356,
    "Lloji": "Gjethërënës",
    "Lartesi": "I lartë (> 3m)",
    "Gjendja": "E mirë",
    "KordinataX": 21.16303,
    "KordinataY": 42.66223,
    "Photo": ""
  },
  {
    "id": 320357,
    "Lloji": "Gjethërënës",
    "Lartesi": "I lartë (> 3m)",
    "Gjendja": "E mirë",
    "KordinataX": 21.16315,
    "KordinataY": 42.66237,
    "Photo": ""
  },
  {
    "id": 320358,
    "Lloji": "Gjethërënës",
    "Lartesi": "I lartë (> 3m)",
    "Gjendja": "E mirë",
    "KordinataX": 21.16307,
    "KordinataY": 42.66228,
    "Photo": ""
  },
  {
    "id": 320359,
    "Lloji": "Gjethërënës",
    "Lartesi": "I lartë (> 3m)",
    "Gjendja": "E mirë",
    "KordinataX": 21.16239,
    "KordinataY": 42.66188,
    "Photo": ""
  },
  {
    "id": 320360,
    "Lloji": "Gjethërënës",
    "Lartesi": "I lartë (> 3m)",
    "Gjendja": "E mirë",
    "KordinataX": 21.16232,
    "KordinataY": 42.66184,
    "Photo": ""
  },
  {
    "id": 320361,
    "Lloji": "Gjethërënës",
    "Lartesi": "I mesëm (1 - 3m)",
    "Gjendja": "E mirë",
    "KordinataX": 21.16233,
    "KordinataY": 42.66186,
    "Photo": ""
  },
  {
    "id": 320362,
    "Lloji": "Gjethëmbajtës",
    "Lartesi": "I mesëm (1 - 3m)",
    "Gjendja": "E mirë",
    "KordinataX": 21.16235,
    "KordinataY": 42.66187,
    "Photo": ""
  },
  {
    "id": 320363,
    "Lloji": "Gjethëmbajtës",
    "Lartesi": "I mesëm (1 - 3m)",
    "Gjendja": "E mirë",
    "KordinataX": 21.16237,
    "KordinataY": 42.6619,
    "Photo": ""
  },
  {
    "id": 320365,
    "Lloji": "Gjethërënës",
    "Lartesi": "I lartë (> 3m)",
    "Gjendja": "E mirë",
    "KordinataX": 21.16248,
    "KordinataY": 42.66195,
    "Photo": ""
  },
  {
    "id": 320366,
    "Lloji": "Gjethërënës",
    "Lartesi": "I lartë (> 3m)",
    "Gjendja": "E mirë",
    "KordinataX": 21.16255,
    "KordinataY": 42.66204,
    "Photo": ""
  },
  {
    "id": 320366,
    "Lloji": "Gjethërënës",
    "Lartesi": "I lartë (> 3m)",
    "Gjendja": "E mirë",
    "KordinataX": 21.16308,
    "KordinataY": 42.66254,
    "Photo": ""
  },
  {
    "id": 320367,
    "Lloji": "Gjethërënës",
    "Lartesi": "I lartë (> 3m)",
    "Gjendja": "E mirë",
    "KordinataX": 21.16305,
    "KordinataY": 42.66249,
    "Photo": ""
  },
  {
    "id": 320368,
    "Lloji": "Gjethërënës",
    "Lartesi": "I lartë (> 3m)",
    "Gjendja": "E mirë",
    "KordinataX": 21.16298,
    "KordinataY": 42.66245,
    "Photo": ""
  },
  {
    "id": 320369,
    "Lloji": "Gjethërënës",
    "Lartesi": "I lartë (> 3m)",
    "Gjendja": "E mirë",
    "KordinataX": 21.16286,
    "KordinataY": 42.66233,
    "Photo": ""
  },
  {
    "id": 320370,
    "Lloji": "Gjethërënës",
    "Lartesi": "I lartë (> 3m)",
    "Gjendja": "E mirë",
    "KordinataX": 21.16283,
    "KordinataY": 42.66229,
    "Photo": ""
  },
  {
    "id": 320371,
    "Lloji": "Gjethërënës",
    "Lartesi": "I lartë (> 3m)",
    "Gjendja": "E mirë",
    "KordinataX": 21.16278,
    "KordinataY": 42.66225,
    "Photo": ""
  },
  {
    "id": 320372,
    "Lloji": "Gjethërënës",
    "Lartesi": "I lartë (> 3m)",
    "Gjendja": "E mirë",
    "KordinataX": 21.16272,
    "KordinataY": 42.6622,
    "Photo": ""
  },
  {
    "id": 320374,
    "Lloji": "Gjethërënës",
    "Lartesi": "I lartë (> 3m)",
    "Gjendja": "E mirë",
    "KordinataX": 21.16267,
    "KordinataY": 42.66215,
    "Photo": ""
  },
  {
    "id": 320375,
    "Lloji": "Gjethërënës",
    "Lartesi": "I lartë (> 3m)",
    "Gjendja": "E mirë",
    "KordinataX": 21.1626,
    "KordinataY": 42.6621,
    "Photo": ""
  },
  {
    "id": 320398,
    "Lloji": "Gjethërënës",
    "Lartesi": "I mesëm (1 - 3m)",
    "Gjendja": "E mirë",
    "KordinataX": 21.1625,
    "KordinataY": 42.66202,
    "Photo": ""
  },
  {
    "id": 320399,
    "Lloji": "Gjethërënës",
    "Lartesi": "I lartë (> 3m)",
    "Gjendja": "E mirë",
    "KordinataX": 21.16251,
    "KordinataY": 42.66204,
    "Photo": ""
  },
  {
    "id": 320400,
    "Lloji": "Gjethërënës",
    "Lartesi": "I mesëm (1 - 3m)",
    "Gjendja": "E mirë",
    "KordinataX": 21.16252,
    "KordinataY": 42.66206,
    "Photo": ""
  },
  {
    "id": 320401,
    "Lloji": "Gjethërënës",
    "Lartesi": "I mesëm (1 - 3m)",
    "Gjendja": "E mirë",
    "KordinataX": 21.16255,
    "KordinataY": 42.66209,
    "Photo": ""
  },
  {
    "id": 320402,
    "Lloji": "Gjethërënës",
    "Lartesi": "I mesëm (1 - 3m)",
    "Gjendja": "E mirë",
    "KordinataX": 21.16258,
    "KordinataY": 42.66211,
    "Photo": ""
  },
  {
    "id": 320403,
    "Lloji": "Gjethërënës",
    "Lartesi": "I lartë (> 3m)",
    "Gjendja": "E mirë",
    "KordinataX": 21.16239,
    "KordinataY": 42.662,
    "Photo": ""
  },
  {
    "id": 320404,
    "Lloji": "Gjethërënës",
    "Lartesi": "I lartë (> 3m)",
    "Gjendja": "E mirë",
    "KordinataX": 21.16236,
    "KordinataY": 42.66202,
    "Photo": ""
  },
  {
    "id": 320405,
    "Lloji": "Gjethërënës",
    "Lartesi": "I ulët (< 1m)",
    "Gjendja": "E mirë",
    "KordinataX": 21.16236,
    "KordinataY": 42.662,
    "Photo": ""
  },
  {
    "id": 320406,
    "Lloji": "Gjethëmbajtës",
    "Lartesi": "I mesëm (1 - 3m)",
    "Gjendja": "E mirë",
    "KordinataX": 21.16239,
    "KordinataY": 42.66203,
    "Photo": ""
  },
  {
    "id": 320407,
    "Lloji": "Gjethëmbajtës",
    "Lartesi": "I mesëm (1 - 3m)",
    "Gjendja": "E mirë",
    "KordinataX": 21.16239,
    "KordinataY": 42.66202,
    "Photo": ""
  },
  {
    "id": 320408,
    "Lloji": "Gjethëmbajtës",
    "Lartesi": "I mesëm (1 - 3m)",
    "Gjendja": "E mirë",
    "KordinataX": 21.16241,
    "KordinataY": 42.66202,
    "Photo": ""
  },
  {
    "id": 320409,
    "Lloji": "Gjethëmbajtës",
    "Lartesi": "I mesëm (1 - 3m)",
    "Gjendja": "E mirë",
    "KordinataX": 21.16241,
    "KordinataY": 42.66203,
    "Photo": ""
  },
  {
    "id": 320410,
    "Lloji": "Gjethëmbajtës",
    "Lartesi": "I mesëm (1 - 3m)",
    "Gjendja": "E mirë",
    "KordinataX": 21.16241,
    "KordinataY": 42.66202,
    "Photo": ""
  },
  {
    "id": 320411,
    "Lloji": "Gjethëmbajtës",
    "Lartesi": "I mesëm (1 - 3m)",
    "Gjendja": "E mirë",
    "KordinataX": 21.16243,
    "KordinataY": 42.66203,
    "Photo": ""
  },
  {
    "id": 302412,
    "Lloji": "Gjethëmbajtës",
    "Lartesi": "I lartë (> 3m)",
    "Gjendja": "E mirë",
    "KordinataX": 21.16234,
    "KordinataY": 42.66204,
    "Photo": ""
  },
  {
    "id": 320413,
    "Lloji": "Gjethërënës",
    "Lartesi": "I lartë (> 3m)",
    "Gjendja": "E mirë",
    "KordinataX": 21.16236,
    "KordinataY": 42.66206,
    "Photo": ""
  },
  {
    "id": 320414,
    "Lloji": "Gjethërënës",
    "Lartesi": "I lartë (> 3m)",
    "Gjendja": "E mirë",
    "KordinataX": 21.16239,
    "KordinataY": 42.66209,
    "Photo": ""
  },
  {
    "id": 320415,
    "Lloji": "Gjethërënës",
    "Lartesi": "I lartë (> 3m)",
    "Gjendja": "E mirë",
    "KordinataX": 21.16241,
    "KordinataY": 42.66212,
    "Photo": ""
  },
  {
    "id": 320416,
    "Lloji": "Gjethëmbajtës",
    "Lartesi": "I mesëm (1 - 3m)",
    "Gjendja": "E mirë",
    "KordinataX": 21.16244,
    "KordinataY": 42.66215,
    "Photo": ""
  },
  {
    "id": 320417,
    "Lloji": "Gjethërënës",
    "Lartesi": "I lartë (> 3m)",
    "Gjendja": "E mirë",
    "KordinataX": 21.16246,
    "KordinataY": 42.66212,
    "Photo": ""
  }
]