[
  {
    "id": 344,
    "Lloji": "Gjethërënës",
    "Lartesi": "I lartë (> 3m)",
    "Gjendja": "E mirë",
    "KordinataX": 21.15897,
    "KordinataY": 42.66084,
    "Photo": ""
  },
  {
    "id": 345,
    "Lloji": "Gjethërënës",
    "Lartesi": "I lartë (> 3m)",
    "Gjendja": "E mirë",
    "KordinataX": 21.15894,
    "KordinataY": 42.66081,
    "Photo": ""
  },
  {
    "id": 346,
    "Lloji": "Gjethërënës",
    "Lartesi": "I lartë (> 3m)",
    "Gjendja": "E mirë",
    "KordinataX": 21.15904,
    "KordinataY": 42.66073,
    "Photo": ""
  },
  {
    "id": 347,
    "Lloji": "Gjethërënës",
    "Lartesi": "I lartë (> 3m)",
    "Gjendja": "E mirë",
    "KordinataX": 21.15906,
    "KordinataY": 42.66071,
    "Photo": ""
  },
  {
    "id": 348,
    "Lloji": "Gjethërënës",
    "Lartesi": "I lartë (> 3m)",
    "Gjendja": "E mirë",
    "KordinataX": 21.15911,
    "KordinataY": 42.66069,
    "Photo": ""
  },
  {
    "id": 349,
    "Lloji": "Gjethërënës",
    "Lartesi": "I lartë (> 3m)",
    "Gjendja": "E mirë",
    "KordinataX": 21.15916,
    "KordinataY": 42.66067,
    "Photo": ""
  },
  {
    "id": 3410,
    "Lloji": "Gjethërënës",
    "Lartesi": "I lartë (> 3m)",
    "Gjendja": "E mirë",
    "KordinataX": 21.1592,
    "KordinataY": 42.66066,
    "Photo": ""
  },
  {
    "id": 3411,
    "Lloji": "Gjethërënës",
    "Lartesi": "I lartë (> 3m)",
    "Gjendja": "E mirë",
    "KordinataX": 21.15926,
    "KordinataY": 42.66063,
    "Photo": ""
  },
  {
    "id": 3412,
    "Lloji": "Gjethërënës",
    "Lartesi": "I lartë (> 3m)",
    "Gjendja": "E mirë",
    "KordinataX": 21.15932,
    "KordinataY": 42.6606,
    "Photo": ""
  },
  {
    "id": 3413,
    "Lloji": "Gjethëmbajtës",
    "Lartesi": "I mesëm (1 - 3m)",
    "Gjendja": "E mirë",
    "KordinataX": 21.15937,
    "KordinataY": 42.66054,
    "Photo": ""
  },
  {
    "id": 3414,
    "Lloji": "Gjethërënës",
    "Lartesi": "I mesëm (1 - 3m)",
    "Gjendja": "E mirë",
    "KordinataX": 21.15935,
    "KordinataY": 42.66053,
    "Photo": ""
  },
  {
    "id": 3414,
    "Lloji": "Gjethëmbajtës",
    "Lartesi": "I mesëm (1 - 3m)",
    "Gjendja": "E mirë",
    "KordinataX": 21.15935,
    "KordinataY": 42.66052,
    "Photo": ""
  },
  {
    "id": 3416,
    "Lloji": "Gjethëmbajtës",
    "Lartesi": "I mesëm (1 - 3m)",
    "Gjendja": "E mirë",
    "KordinataX": 21.15934,
    "KordinataY": 42.66052,
    "Photo": ""
  },
  {
    "id": 3417,
    "Lloji": "Gjethëmbajtës",
    "Lartesi": "I mesëm (1 - 3m)",
    "Gjendja": "E mirë",
    "KordinataX": 21.15933,
    "KordinataY": 42.6605,
    "Photo": ""
  },
  {
    "id": 3418,
    "Lloji": "Gjethëmbajtës",
    "Lartesi": "I mesëm (1 - 3m)",
    "Gjendja": "E mirë",
    "KordinataX": 21.15933,
    "KordinataY": 42.66049,
    "Photo": ""
  },
  {
    "id": 4317,
    "Lloji": "Gjethërënës",
    "Lartesi": "I lartë (> 3m)",
    "Gjendja": "E mirë",
    "KordinataX": 21.15933,
    "KordinataY": 42.66033,
    "Photo": ""
  },
  {
    "id": 4318,
    "Lloji": "Gjethërënës",
    "Lartesi": "I lartë (> 3m)",
    "Gjendja": "E mirë",
    "KordinataX": 21.1593,
    "KordinataY": 42.66031,
    "Photo": ""
  },
  {
    "id": 4319,
    "Lloji": "Gjethërënës",
    "Lartesi": "I lartë (> 3m)",
    "Gjendja": "E mirë",
    "KordinataX": 21.15929,
    "KordinataY": 42.66028,
    "Photo": ""
  },
  {
    "id": 4320,
    "Lloji": "Gjethërënës",
    "Lartesi": "I lartë (> 3m)",
    "Gjendja": "E mirë",
    "KordinataX": 21.15881,
    "KordinataY": 42.66071,
    "Photo": ""
  },
  {
    "id": 4321,
    "Lloji": "Gjethërënës",
    "Lartesi": "I lartë (> 3m)",
    "Gjendja": "E mirë",
    "KordinataX": 21.15878,
    "KordinataY": 42.66066,
    "Photo": ""
  },
  {
    "id": 4322,
    "Lloji": "Gjethërënës",
    "Lartesi": "I mesëm (1 - 3m)",
    "Gjendja": "E mirë",
    "KordinataX": 21.15923,
    "KordinataY": 42.66044,
    "Photo": ""
  },
  {
    "id": 4324,
    "Lloji": "Gjethërënës",
    "Lartesi": "I mesëm (1 - 3m)",
    "Gjendja": "E mirë",
    "KordinataX": 21.15916,
    "KordinataY": 42.66048,
    "Photo": ""
  },
  {
    "id": 4325,
    "Lloji": "Gjethërënës",
    "Lartesi": "I mesëm (1 - 3m)",
    "Gjendja": "E mirë",
    "KordinataX": 21.15909,
    "KordinataY": 42.66052,
    "Photo": ""
  },
  {
    "id": 4326,
    "Lloji": "Gjethërënës",
    "Lartesi": "I mesëm (1 - 3m)",
    "Gjendja": "E mirë",
    "KordinataX": 21.159,
    "KordinataY": 42.66056,
    "Photo": ""
  },
  {
    "id": 4327,
    "Lloji": "Gjethërënës",
    "Lartesi": "I mesëm (1 - 3m)",
    "Gjendja": "E mirë",
    "KordinataX": 21.1589,
    "KordinataY": 42.66061,
    "Photo": ""
  },
  {
    "id": 4330,
    "Lloji": "Gjethërënës",
    "Lartesi": "I mesëm (1 - 3m)",
    "Gjendja": "E mirë",
    "KordinataX": 21.15894,
    "KordinataY": 42.66055,
    "Photo": ""
  },
  {
    "id": 4331,
    "Lloji": "Gjethërënës",
    "Lartesi": "I mesëm (1 - 3m)",
    "Gjendja": "E mirë",
    "KordinataX": 21.15925,
    "KordinataY": 42.6604,
    "Photo": ""
  },
  {
    "id": 4334,
    "Lloji": "Gjethërënës",
    "Lartesi": "I mesëm (1 - 3m)",
    "Gjendja": "E mirë",
    "KordinataX": 21.15928,
    "KordinataY": 42.66036,
    "Photo": ""
  },
  {
    "id": 34,
    "Lloji": "",
    "Lartesi": "",
    "Gjendja": "",
    "KordinataX": 21.15926,
    "KordinataY": 42.66033,
    "Photo": ""
  },
  {
    "id": 3420,
    "Lloji": "Gjethërënës",
    "Lartesi": "I mesëm (1 - 3m)",
    "Gjendja": "E mirë",
    "KordinataX": 21.15925,
    "KordinataY": 42.6603,
    "Photo": ""
  },
  {
    "id": 3421,
    "Lloji": "Gjethërënës",
    "Lartesi": "I mesëm (1 - 3m)",
    "Gjendja": "E mirë",
    "KordinataX": 21.15922,
    "KordinataY": 42.66028,
    "Photo": ""
  },
  {
    "id": 3424,
    "Lloji": "Gjethërënës",
    "Lartesi": "I lartë (> 3m)",
    "Gjendja": "E mirë",
    "KordinataX": 21.15896,
    "KordinataY": 42.66001,
    "Photo": ""
  },
  {
    "id": 3425,
    "Lloji": "Gjethërënës",
    "Lartesi": "I lartë (> 3m)",
    "Gjendja": "E mirë",
    "KordinataX": 21.15891,
    "KordinataY": 42.66001,
    "Photo": ""
  },
  {
    "id": 3426,
    "Lloji": "Gjethërënës",
    "Lartesi": "I mesëm (1 - 3m)",
    "Gjendja": "E mirë",
    "KordinataX": 21.15884,
    "KordinataY": 42.66002,
    "Photo": ""
  },
  {
    "id": 3427,
    "Lloji": "Gjethërënës",
    "Lartesi": "I mesëm (1 - 3m)",
    "Gjendja": "E mirë",
    "KordinataX": 21.15876,
    "KordinataY": 42.66003,
    "Photo": ""
  },
  {
    "id": 3428,
    "Lloji": "Gjethërënës",
    "Lartesi": "I mesëm (1 - 3m)",
    "Gjendja": "E mirë",
    "KordinataX": 21.15866,
    "KordinataY": 42.66004,
    "Photo": ""
  },
  {
    "id": 3428,
    "Lloji": "Gjethërënës",
    "Lartesi": "I mesëm (1 - 3m)",
    "Gjendja": "E mirë",
    "KordinataX": 21.15845,
    "KordinataY": 42.66012,
    "Photo": ""
  },
  {
    "id": 3429,
    "Lloji": "Gjethërënës",
    "Lartesi": "I mesëm (1 - 3m)",
    "Gjendja": "E mirë",
    "KordinataX": 21.15855,
    "KordinataY": 42.66007,
    "Photo": ""
  },
  {
    "id": 3430,
    "Lloji": "Gjethërënës",
    "Lartesi": "I lartë (> 3m)",
    "Gjendja": "E mirë",
    "KordinataX": 21.15844,
    "KordinataY": 42.66018,
    "Photo": ""
  },
  {
    "id": 3431,
    "Lloji": "Gjethërënës",
    "Lartesi": "I lartë (> 3m)",
    "Gjendja": "E mirë",
    "KordinataX": 21.15846,
    "KordinataY": 42.66022,
    "Photo": ""
  },
  {
    "id": 3432,
    "Lloji": "Gjethërënës",
    "Lartesi": "I lartë (> 3m)",
    "Gjendja": "E mirë",
    "KordinataX": 21.1585,
    "KordinataY": 42.66026,
    "Photo": ""
  },
  {
    "id": 3434,
    "Lloji": "Gjethërënës",
    "Lartesi": "I lartë (> 3m)",
    "Gjendja": "E mirë",
    "KordinataX": 21.15853,
    "KordinataY": 42.66028,
    "Photo": ""
  },
  {
    "id": 3435,
    "Lloji": "Gjethërënës",
    "Lartesi": "I mesëm (1 - 3m)",
    "Gjendja": "E mirë",
    "KordinataX": 21.15854,
    "KordinataY": 42.6603,
    "Photo": ""
  },
  {
    "id": 3436,
    "Lloji": "Gjethërënës",
    "Lartesi": "I mesëm (1 - 3m)",
    "Gjendja": "E mirë",
    "KordinataX": 21.15858,
    "KordinataY": 42.66028,
    "Photo": ""
  },
  {
    "id": 3437,
    "Lloji": "Gjethërënës",
    "Lartesi": "I mesëm (1 - 3m)",
    "Gjendja": "E mirë",
    "KordinataX": 21.15862,
    "KordinataY": 42.66027,
    "Photo": ""
  },
  {
    "id": 3438,
    "Lloji": "Gjethërënës",
    "Lartesi": "I mesëm (1 - 3m)",
    "Gjendja": "E mirë",
    "KordinataX": 21.15866,
    "KordinataY": 42.66025,
    "Photo": ""
  },
  {
    "id": 3439,
    "Lloji": "Gjethërënës",
    "Lartesi": "I mesëm (1 - 3m)",
    "Gjendja": "E mirë",
    "KordinataX": 21.15863,
    "KordinataY": 42.66021,
    "Photo": ""
  },
  {
    "id": 3440,
    "Lloji": "Gjethërënës",
    "Lartesi": "I mesëm (1 - 3m)",
    "Gjendja": "E mirë",
    "KordinataX": 21.15859,
    "KordinataY": 42.66015,
    "Photo": ""
  },
  {
    "id": 3444,
    "Lloji": "Gjethëmbajtës",
    "Lartesi": "I lartë (> 3m)",
    "Gjendja": "E mirë",
    "KordinataX": 21.15866,
    "KordinataY": 42.66033,
    "Photo": ""
  },
  {
    "id": 3446,
    "Lloji": "Gjethërënës",
    "Lartesi": "I lartë (> 3m)",
    "Gjendja": "E mirë",
    "KordinataX": 21.15865,
    "KordinataY": 42.66039,
    "Photo": ""
  },
  {
    "id": 3447,
    "Lloji": "Gjethërënës",
    "Lartesi": "I mesëm (1 - 3m)",
    "Gjendja": "E mirë",
    "KordinataX": 21.15869,
    "KordinataY": 42.66038,
    "Photo": ""
  },
  {
    "id": 3448,
    "Lloji": "Gjethërënës",
    "Lartesi": "I mesëm (1 - 3m)",
    "Gjendja": "E mirë",
    "KordinataX": 21.15872,
    "KordinataY": 42.66037,
    "Photo": ""
  },
  {
    "id": 3449,
    "Lloji": "Gjethërënës",
    "Lartesi": "I mesëm (1 - 3m)",
    "Gjendja": "E mirë",
    "KordinataX": 21.15872,
    "KordinataY": 42.66039,
    "Photo": ""
  },
  {
    "id": 3450,
    "Lloji": "Gjethërënës",
    "Lartesi": "I mesëm (1 - 3m)",
    "Gjendja": "E mirë",
    "KordinataX": 21.15873,
    "KordinataY": 42.66042,
    "Photo": ""
  },
  {
    "id": 3451,
    "Lloji": "Gjethërënës",
    "Lartesi": "I mesëm (1 - 3m)",
    "Gjendja": "E mirë",
    "KordinataX": 21.15875,
    "KordinataY": 42.66044,
    "Photo": ""
  },
  {
    "id": 3456,
    "Lloji": "Gjethërënës",
    "Lartesi": "I mesëm (1 - 3m)",
    "Gjendja": "E mirë",
    "KordinataX": 21.15881,
    "KordinataY": 42.66037,
    "Photo": ""
  },
  {
    "id": 3458,
    "Lloji": "Gjethërënës",
    "Lartesi": "I mesëm (1 - 3m)",
    "Gjendja": "E mirë",
    "KordinataX": 21.15883,
    "KordinataY": 42.66039,
    "Photo": ""
  },
  {
    "id": 3459,
    "Lloji": "Gjethërënës",
    "Lartesi": "I mesëm (1 - 3m)",
    "Gjendja": "E mirë",
    "KordinataX": 21.15888,
    "KordinataY": 42.66044,
    "Photo": ""
  },
  {
    "id": 3463,
    "Lloji": "Gjethërënës",
    "Lartesi": "I mesëm (1 - 3m)",
    "Gjendja": "E mirë",
    "KordinataX": 21.15894,
    "KordinataY": 42.66032,
    "Photo": ""
  },
  {
    "id": 3464,
    "Lloji": "Gjethërënës",
    "Lartesi": "I mesëm (1 - 3m)",
    "Gjendja": "E mirë",
    "KordinataX": 21.15897,
    "KordinataY": 42.66037,
    "Photo": ""
  },
  {
    "id": 3465,
    "Lloji": "Gjethërënës",
    "Lartesi": "I mesëm (1 - 3m)",
    "Gjendja": "E mirë",
    "KordinataX": 21.15899,
    "KordinataY": 42.6604,
    "Photo": ""
  },
  {
    "id": 3468,
    "Lloji": "Gjethërënës",
    "Lartesi": "I mesëm (1 - 3m)",
    "Gjendja": "E mirë",
    "KordinataX": 21.15907,
    "KordinataY": 42.66028,
    "Photo": ""
  },
  {
    "id": 3469,
    "Lloji": "Gjethërënës",
    "Lartesi": "I mesëm (1 - 3m)",
    "Gjendja": "E mirë",
    "KordinataX": 21.15918,
    "KordinataY": 42.66036,
    "Photo": ""
  },
  {
    "id": 3470,
    "Lloji": "Gjethërënës",
    "Lartesi": "I mesëm (1 - 3m)",
    "Gjendja": "E mirë",
    "KordinataX": 21.15868,
    "KordinataY": 42.6601,
    "Photo": ""
  },
  {
    "id": 3471,
    "Lloji": "Gjethërënës",
    "Lartesi": "I mesëm (1 - 3m)",
    "Gjendja": "E mirë",
    "KordinataX": 21.15873,
    "KordinataY": 42.66016,
    "Photo": ""
  },
  {
    "id": 3473,
    "Lloji": "Gjethëmbajtës",
    "Lartesi": "I lartë (> 3m)",
    "Gjendja": "E mirë",
    "KordinataX": 21.15877,
    "KordinataY": 42.66019,
    "Photo": ""
  },
  {
    "id": 3474,
    "Lloji": "Gjethëmbajtës",
    "Lartesi": "I lartë (> 3m)",
    "Gjendja": "E mirë",
    "KordinataX": 21.15878,
    "KordinataY": 42.66021,
    "Photo": ""
  },
  {
    "id": 3475,
    "Lloji": "Gjethëmbajtës",
    "Lartesi": "I mesëm (1 - 3m)",
    "Gjendja": "E mirë",
    "KordinataX": 21.15879,
    "KordinataY": 42.66019,
    "Photo": ""
  },
  {
    "id": 3478,
    "Lloji": "Gjethërënës",
    "Lartesi": "I mesëm (1 - 3m)",
    "Gjendja": "E mirë",
    "KordinataX": 21.1588,
    "KordinataY": 42.66008,
    "Photo": ""
  },
  {
    "id": 3479,
    "Lloji": "Gjethërënës",
    "Lartesi": "I mesëm (1 - 3m)",
    "Gjendja": "E mirë",
    "KordinataX": 21.15883,
    "KordinataY": 42.66013,
    "Photo": ""
  },
  {
    "id": 3480,
    "Lloji": "Gjethërënës",
    "Lartesi": "I mesëm (1 - 3m)",
    "Gjendja": "E mirë",
    "KordinataX": 21.15887,
    "KordinataY": 42.66017,
    "Photo": ""
  },
  {
    "id": 3482,
    "Lloji": "Gjethërënës",
    "Lartesi": "I mesëm (1 - 3m)",
    "Gjendja": "E mirë",
    "KordinataX": 21.1589,
    "KordinataY": 42.66006,
    "Photo": ""
  },
  {
    "id": 3483,
    "Lloji": "Gjethërënës",
    "Lartesi": "I mesëm (1 - 3m)",
    "Gjendja": "E mirë",
    "KordinataX": 21.15892,
    "KordinataY": 42.6601,
    "Photo": ""
  },
  {
    "id": 3484,
    "Lloji": "Gjethërënës",
    "Lartesi": "I mesëm (1 - 3m)",
    "Gjendja": "E mirë",
    "KordinataX": 21.15896,
    "KordinataY": 42.66013,
    "Photo": ""
  },
  {
    "id": 3488,
    "Lloji": "Gjethërënës",
    "Lartesi": "I mesëm (1 - 3m)",
    "Gjendja": "E mirë",
    "KordinataX": 21.159,
    "KordinataY": 42.66004,
    "Photo": ""
  },
  {
    "id": 3489,
    "Lloji": "Gjethërënës",
    "Lartesi": "I mesëm (1 - 3m)",
    "Gjendja": "E mirë",
    "KordinataX": 21.15903,
    "KordinataY": 42.66008,
    "Photo": ""
  },
  {
    "id": 3490,
    "Lloji": "Gjethërënës",
    "Lartesi": "I mesëm (1 - 3m)",
    "Gjendja": "E mirë",
    "KordinataX": 21.15907,
    "KordinataY": 42.66009,
    "Photo": ""
  },
  {
    "id": 3491,
    "Lloji": "Gjethërënës",
    "Lartesi": "I mesëm (1 - 3m)",
    "Gjendja": "E mirë",
    "KordinataX": 21.15906,
    "KordinataY": 42.66018,
    "Photo": ""
  },
  {
    "id": 3493,
    "Lloji": "Gjethërënës",
    "Lartesi": "I mesëm (1 - 3m)",
    "Gjendja": "E mirë",
    "KordinataX": 21.15896,
    "KordinataY": 42.66022,
    "Photo": ""
  },
  {
    "id": 3493,
    "Lloji": "Gjethërënës",
    "Lartesi": "I lartë (> 3m)",
    "Gjendja": "E mirë",
    "KordinataX": 21.15855,
    "KordinataY": 42.66045,
    "Photo": ""
  },
  {
    "id": 3494,
    "Lloji": "Gjethërënës",
    "Lartesi": "I lartë (> 3m)",
    "Gjendja": "E mirë",
    "KordinataX": 21.15853,
    "KordinataY": 42.66042,
    "Photo": ""
  },
  {
    "id": 3495,
    "Lloji": "Gjethërënës",
    "Lartesi": "I mesëm (1 - 3m)",
    "Gjendja": "Jo e mirë",
    "KordinataX": 21.1585,
    "KordinataY": 42.66039,
    "Photo": ""
  },
  {
    "id": 3493,
    "Lloji": "Gjethërënës",
    "Lartesi": "I mesëm (1 - 3m)",
    "Gjendja": "E mirë",
    "KordinataX": 21.15845,
    "KordinataY": 42.66033,
    "Photo": ""
  },
  {
    "id": 3497,
    "Lloji": "Gjethërënës",
    "Lartesi": "I mesëm (1 - 3m)",
    "Gjendja": "E mirë",
    "KordinataX": 21.15841,
    "KordinataY": 42.66029,
    "Photo": ""
  },
  {
    "id": 3498,
    "Lloji": "Gjethërënës",
    "Lartesi": "I mesëm (1 - 3m)",
    "Gjendja": "E mirë",
    "KordinataX": 21.15839,
    "KordinataY": 42.66026,
    "Photo": ""
  },
  {
    "id": 3499,
    "Lloji": "Gjethërënës",
    "Lartesi": "I mesëm (1 - 3m)",
    "Gjendja": "E mirë",
    "KordinataX": 21.15835,
    "KordinataY": 42.66022,
    "Photo": ""
  },
  {
    "id": 34100,
    "Lloji": "Gjethërënës",
    "Lartesi": "I mesëm (1 - 3m)",
    "Gjendja": "Jo e mirë",
    "KordinataX": 21.15832,
    "KordinataY": 42.66019,
    "Photo": ""
  },
  {
    "id": 3492,
    "Lloji": "Gjethërënës",
    "Lartesi": "I lartë (> 3m)",
    "Gjendja": "E mirë",
    "KordinataX": 21.1582,
    "KordinataY": 42.6601,
    "Photo": ""
  },
  {
    "id": 3493,
    "Lloji": "Gjethërënës",
    "Lartesi": "I lartë (> 3m)",
    "Gjendja": "E mirë",
    "KordinataX": 21.15818,
    "KordinataY": 42.66006,
    "Photo": ""
  },
  {
    "id": 3494,
    "Lloji": "Gjethërënës",
    "Lartesi": "I ulët (< 1m)",
    "Gjendja": "Jo e mirë",
    "KordinataX": 21.15816,
    "KordinataY": 42.66002,
    "Photo": ""
  },
  {
    "id": 3495,
    "Lloji": "Gjethërënës",
    "Lartesi": "I mesëm (1 - 3m)",
    "Gjendja": "E mirë",
    "KordinataX": 21.15814,
    "KordinataY": 42.65995,
    "Photo": ""
  },
  {
    "id": 3496,
    "Lloji": "Gjethërënës",
    "Lartesi": "I mesëm (1 - 3m)",
    "Gjendja": "E mirë",
    "KordinataX": 21.15803,
    "KordinataY": 42.6598,
    "Photo": ""
  },
  {
    "id": 3497,
    "Lloji": "Gjethërënës",
    "Lartesi": "I mesëm (1 - 3m)",
    "Gjendja": "E mirë",
    "KordinataX": 21.1581,
    "KordinataY": 42.6597,
    "Photo": ""
  },
  {
    "id": 34110,
    "Lloji": "Gjethërënës",
    "Lartesi": "I mesëm (1 - 3m)",
    "Gjendja": "E mirë",
    "KordinataX": 21.15805,
    "KordinataY": 42.65976,
    "Photo": ""
  },
  {
    "id": 34111,
    "Lloji": "Gjethërënës",
    "Lartesi": "I ulët (< 1m)",
    "Gjendja": "E mirë",
    "KordinataX": 21.15803,
    "KordinataY": 42.65972,
    "Photo": ""
  },
  {
    "id": 34112,
    "Lloji": "Gjethërënës",
    "Lartesi": "I ulët (< 1m)",
    "Gjendja": "E mirë",
    "KordinataX": 21.15798,
    "KordinataY": 42.65974,
    "Photo": ""
  },
  {
    "id": 34113,
    "Lloji": "Gjethërënës",
    "Lartesi": "I ulët (< 1m)",
    "Gjendja": "E mirë",
    "KordinataX": 21.15814,
    "KordinataY": 42.65985,
    "Photo": ""
  },
  {
    "id": 34114,
    "Lloji": "Gjethërënës",
    "Lartesi": "I ulët (< 1m)",
    "Gjendja": "E mirë",
    "KordinataX": 21.15814,
    "KordinataY": 42.65983,
    "Photo": ""
  },
  {
    "id": 34115,
    "Lloji": "Gjethërënës",
    "Lartesi": "I lartë (> 3m)",
    "Gjendja": "E mirë",
    "KordinataX": 21.15815,
    "KordinataY": 42.65981,
    "Photo": ""
  },
  {
    "id": 34116,
    "Lloji": "Gjethërënës",
    "Lartesi": "I lartë (> 3m)",
    "Gjendja": "E mirë",
    "KordinataX": 21.15817,
    "KordinataY": 42.65978,
    "Photo": ""
  },
  {
    "id": 34117,
    "Lloji": "Gjethërënës",
    "Lartesi": "I lartë (> 3m)",
    "Gjendja": "E mirë",
    "KordinataX": 21.15819,
    "KordinataY": 42.65976,
    "Photo": ""
  },
  {
    "id": 34118,
    "Lloji": "Gjethëmbajtës",
    "Lartesi": "I mesëm (1 - 3m)",
    "Gjendja": "E mirë",
    "KordinataX": 21.15818,
    "KordinataY": 42.65977,
    "Photo": ""
  },
  {
    "id": 34119,
    "Lloji": "Gjethëmbajtës",
    "Lartesi": "I mesëm (1 - 3m)",
    "Gjendja": "E mirë",
    "KordinataX": 21.15816,
    "KordinataY": 42.6598,
    "Photo": ""
  },
  {
    "id": 34120,
    "Lloji": "Gjethëmbajtës",
    "Lartesi": "I mesëm (1 - 3m)",
    "Gjendja": "E mirë",
    "KordinataX": 21.15814,
    "KordinataY": 42.65982,
    "Photo": ""
  },
  {
    "id": 34122,
    "Lloji": "Gjethëmbajtës",
    "Lartesi": "I lartë (> 3m)",
    "Gjendja": "E mirë",
    "KordinataX": 21.15828,
    "KordinataY": 42.65985,
    "Photo": ""
  },
  {
    "id": 34123,
    "Lloji": "Gjethëmbajtës",
    "Lartesi": "I lartë (> 3m)",
    "Gjendja": "E mirë",
    "KordinataX": 21.1583,
    "KordinataY": 42.65984,
    "Photo": ""
  },
  {
    "id": 34124,
    "Lloji": "Gjethëmbajtës",
    "Lartesi": "I lartë (> 3m)",
    "Gjendja": "E mirë",
    "KordinataX": 21.15832,
    "KordinataY": 42.65981,
    "Photo": ""
  },
  {
    "id": 34125,
    "Lloji": "Gjethëmbajtës",
    "Lartesi": "I lartë (> 3m)",
    "Gjendja": "E mirë",
    "KordinataX": 21.15833,
    "KordinataY": 42.65984,
    "Photo": ""
  },
  {
    "id": 34126,
    "Lloji": "Gjethëmbajtës",
    "Lartesi": "I lartë (> 3m)",
    "Gjendja": "E mirë",
    "KordinataX": 21.15831,
    "KordinataY": 42.65985,
    "Photo": ""
  },
  {
    "id": 34114,
    "Lloji": "Gjethërënës",
    "Lartesi": "I mesëm (1 - 3m)",
    "Gjendja": "E mirë",
    "KordinataX": 21.1584,
    "KordinataY": 42.65957,
    "Photo": ""
  },
  {
    "id": 34115,
    "Lloji": "Gjethërënës",
    "Lartesi": "I mesëm (1 - 3m)",
    "Gjendja": "E mirë",
    "KordinataX": 21.15847,
    "KordinataY": 42.65956,
    "Photo": ""
  },
  {
    "id": 34116,
    "Lloji": "Gjethërënës",
    "Lartesi": "I mesëm (1 - 3m)",
    "Gjendja": "E mirë",
    "KordinataX": 21.15852,
    "KordinataY": 42.65955,
    "Photo": ""
  },
  {
    "id": 34116,
    "Lloji": "Gjethërënës",
    "Lartesi": "I mesëm (1 - 3m)",
    "Gjendja": "E mirë",
    "KordinataX": 21.15859,
    "KordinataY": 42.65954,
    "Photo": ""
  },
  {
    "id": 34117,
    "Lloji": "Gjethërënës",
    "Lartesi": "I mesëm (1 - 3m)",
    "Gjendja": "E mirë",
    "KordinataX": 21.15865,
    "KordinataY": 42.65953,
    "Photo": ""
  },
  {
    "id": 34118,
    "Lloji": "Gjethërënës",
    "Lartesi": "I mesëm (1 - 3m)",
    "Gjendja": "E mirë",
    "KordinataX": 21.15871,
    "KordinataY": 42.65952,
    "Photo": ""
  },
  {
    "id": 34119,
    "Lloji": "Gjethërënës",
    "Lartesi": "I mesëm (1 - 3m)",
    "Gjendja": "E mirë",
    "KordinataX": 21.15877,
    "KordinataY": 42.65951,
    "Photo": ""
  },
  {
    "id": 34120,
    "Lloji": "Gjethërënës",
    "Lartesi": "I mesëm (1 - 3m)",
    "Gjendja": "E mirë",
    "KordinataX": 21.15895,
    "KordinataY": 42.65949,
    "Photo": ""
  },
  {
    "id": 34121,
    "Lloji": "Gjethërënës",
    "Lartesi": "I mesëm (1 - 3m)",
    "Gjendja": "E mirë",
    "KordinataX": 21.15904,
    "KordinataY": 42.65947,
    "Photo": ""
  },
  {
    "id": 34122,
    "Lloji": "Gjethërënës",
    "Lartesi": "I mesëm (1 - 3m)",
    "Gjendja": "E mirë",
    "KordinataX": 21.15911,
    "KordinataY": 42.65946,
    "Photo": ""
  },
  {
    "id": 34123,
    "Lloji": "Gjethërënës",
    "Lartesi": "I mesëm (1 - 3m)",
    "Gjendja": "E mirë",
    "KordinataX": 21.15917,
    "KordinataY": 42.65945,
    "Photo": ""
  },
  {
    "id": 34124,
    "Lloji": "Gjethërënës",
    "Lartesi": "I mesëm (1 - 3m)",
    "Gjendja": "E mirë",
    "KordinataX": 21.15935,
    "KordinataY": 42.65943,
    "Photo": ""
  },
  {
    "id": 34125,
    "Lloji": "Gjethërënës",
    "Lartesi": "I mesëm (1 - 3m)",
    "Gjendja": "E mirë",
    "KordinataX": 21.15947,
    "KordinataY": 42.65941,
    "Photo": ""
  },
  {
    "id": 34126,
    "Lloji": "Gjethërënës",
    "Lartesi": "I mesëm (1 - 3m)",
    "Gjendja": "E mirë",
    "KordinataX": 21.15953,
    "KordinataY": 42.6594,
    "Photo": ""
  },
  {
    "id": 34127,
    "Lloji": "Gjethërënës",
    "Lartesi": "I mesëm (1 - 3m)",
    "Gjendja": "E mirë",
    "KordinataX": 21.15967,
    "KordinataY": 42.65938,
    "Photo": ""
  },
  {
    "id": 34128,
    "Lloji": "Gjethërënës",
    "Lartesi": "I mesëm (1 - 3m)",
    "Gjendja": "E mirë",
    "KordinataX": 21.15982,
    "KordinataY": 42.65936,
    "Photo": ""
  },
  {
    "id": 34129,
    "Lloji": "Gjethërënës",
    "Lartesi": "I mesëm (1 - 3m)",
    "Gjendja": "E mirë",
    "KordinataX": 21.15991,
    "KordinataY": 42.65934,
    "Photo": ""
  },
  {
    "id": 34130,
    "Lloji": "Gjethërënës",
    "Lartesi": "I mesëm (1 - 3m)",
    "Gjendja": "E mirë",
    "KordinataX": 21.16034,
    "KordinataY": 42.65945,
    "Photo": ""
  },
  {
    "id": 34131,
    "Lloji": "Gjethërënës",
    "Lartesi": "I mesëm (1 - 3m)",
    "Gjendja": "E mirë",
    "KordinataX": 21.16038,
    "KordinataY": 42.6595,
    "Photo": ""
  },
  {
    "id": 34132,
    "Lloji": "Gjethërënës",
    "Lartesi": "I mesëm (1 - 3m)",
    "Gjendja": "E mirë",
    "KordinataX": 21.16054,
    "KordinataY": 42.65969,
    "Photo": ""
  },
  {
    "id": 34133,
    "Lloji": "Gjethërënës",
    "Lartesi": "I mesëm (1 - 3m)",
    "Gjendja": "E mirë",
    "KordinataX": 21.16059,
    "KordinataY": 42.65974,
    "Photo": ""
  },
  {
    "id": 34134,
    "Lloji": "Gjethërënës",
    "Lartesi": "I mesëm (1 - 3m)",
    "Gjendja": "E mirë",
    "KordinataX": 21.16062,
    "KordinataY": 42.6598,
    "Photo": ""
  },
  {
    "id": 34135,
    "Lloji": "Gjethërënës",
    "Lartesi": "I mesëm (1 - 3m)",
    "Gjendja": "E mirë",
    "KordinataX": 21.16064,
    "KordinataY": 42.65985,
    "Photo": ""
  },
  {
    "id": 34136,
    "Lloji": "Gjethërënës",
    "Lartesi": "I mesëm (1 - 3m)",
    "Gjendja": "E mirë",
    "KordinataX": 21.16067,
    "KordinataY": 42.6599,
    "Photo": ""
  },
  {
    "id": 34137,
    "Lloji": "Gjethërënës",
    "Lartesi": "I mesëm (1 - 3m)",
    "Gjendja": "E mirë",
    "KordinataX": 21.16071,
    "KordinataY": 42.65996,
    "Photo": ""
  },
  {
    "id": 34138,
    "Lloji": "Gjethërënës",
    "Lartesi": "I mesëm (1 - 3m)",
    "Gjendja": "E mirë",
    "KordinataX": 21.16076,
    "KordinataY": 42.66002,
    "Photo": ""
  },
  {
    "id": 34139,
    "Lloji": "Gjethërënës",
    "Lartesi": "I mesëm (1 - 3m)",
    "Gjendja": "E mirë",
    "KordinataX": 21.16079,
    "KordinataY": 42.66007,
    "Photo": ""
  },
  {
    "id": 34140,
    "Lloji": "Gjethërënës",
    "Lartesi": "I mesëm (1 - 3m)",
    "Gjendja": "E mirë",
    "KordinataX": 21.16083,
    "KordinataY": 42.66012,
    "Photo": ""
  },
  {
    "id": 34141,
    "Lloji": "Gjethërënës",
    "Lartesi": "I mesëm (1 - 3m)",
    "Gjendja": "E mirë",
    "KordinataX": 21.16086,
    "KordinataY": 42.66018,
    "Photo": ""
  },
  {
    "id": 34142,
    "Lloji": "Gjethërënës",
    "Lartesi": "I mesëm (1 - 3m)",
    "Gjendja": "E mirë",
    "KordinataX": 21.16088,
    "KordinataY": 42.66024,
    "Photo": ""
  },
  {
    "id": 34143,
    "Lloji": "Gjethërënës",
    "Lartesi": "I mesëm (1 - 3m)",
    "Gjendja": "E mirë",
    "KordinataX": 21.16088,
    "KordinataY": 42.6603,
    "Photo": ""
  },
  {
    "id": 34144,
    "Lloji": "Gjethërënës",
    "Lartesi": "I mesëm (1 - 3m)",
    "Gjendja": "E mirë",
    "KordinataX": 21.16087,
    "KordinataY": 42.66036,
    "Photo": ""
  },
  {
    "id": 34145,
    "Lloji": "Gjethërënës",
    "Lartesi": "I mesëm (1 - 3m)",
    "Gjendja": "E mirë",
    "KordinataX": 21.16087,
    "KordinataY": 42.66042,
    "Photo": ""
  },
  {
    "id": 34146,
    "Lloji": "Gjethërënës",
    "Lartesi": "I mesëm (1 - 3m)",
    "Gjendja": "E mirë",
    "KordinataX": 21.16085,
    "KordinataY": 42.66047,
    "Photo": ""
  },
  {
    "id": 34147,
    "Lloji": "Gjethërënës",
    "Lartesi": "I mesëm (1 - 3m)",
    "Gjendja": "E mirë",
    "KordinataX": 21.16081,
    "KordinataY": 42.66053,
    "Photo": ""
  },
  {
    "id": 34148,
    "Lloji": "Gjethërënës",
    "Lartesi": "I mesëm (1 - 3m)",
    "Gjendja": "E mirë",
    "KordinataX": 21.16047,
    "KordinataY": 42.66072,
    "Photo": ""
  },
  {
    "id": 34149,
    "Lloji": "Gjethërënës",
    "Lartesi": "I mesëm (1 - 3m)",
    "Gjendja": "E mirë",
    "KordinataX": 21.16044,
    "KordinataY": 42.66069,
    "Photo": ""
  },
  {
    "id": 34150,
    "Lloji": "Gjethërënës",
    "Lartesi": "I mesëm (1 - 3m)",
    "Gjendja": "E mirë",
    "KordinataX": 21.16039,
    "KordinataY": 42.66063,
    "Photo": ""
  },
  {
    "id": 34151,
    "Lloji": "Gjethërënës",
    "Lartesi": "I mesëm (1 - 3m)",
    "Gjendja": "E mirë",
    "KordinataX": 21.16035,
    "KordinataY": 42.66058,
    "Photo": ""
  },
  {
    "id": 34152,
    "Lloji": "Gjethërënës",
    "Lartesi": "I mesëm (1 - 3m)",
    "Gjendja": "E mirë",
    "KordinataX": 21.16031,
    "KordinataY": 42.66053,
    "Photo": ""
  },
  {
    "id": 34153,
    "Lloji": "Gjethërënës",
    "Lartesi": "I mesëm (1 - 3m)",
    "Gjendja": "E mirë",
    "KordinataX": 21.16027,
    "KordinataY": 42.66048,
    "Photo": ""
  },
  {
    "id": 34154,
    "Lloji": "Gjethërënës",
    "Lartesi": "I mesëm (1 - 3m)",
    "Gjendja": "E mirë",
    "KordinataX": 21.16023,
    "KordinataY": 42.66042,
    "Photo": ""
  },
  {
    "id": 34155,
    "Lloji": "Gjethërënës",
    "Lartesi": "I mesëm (1 - 3m)",
    "Gjendja": "E mirë",
    "KordinataX": 21.16018,
    "KordinataY": 42.66034,
    "Photo": ""
  },
  {
    "id": 34156,
    "Lloji": "Gjethërënës",
    "Lartesi": "I mesëm (1 - 3m)",
    "Gjendja": "E mirë",
    "KordinataX": 21.1603,
    "KordinataY": 42.66025,
    "Photo": ""
  },
  {
    "id": 34157,
    "Lloji": "Gjethërënës",
    "Lartesi": "I mesëm (1 - 3m)",
    "Gjendja": "E mirë",
    "KordinataX": 21.16033,
    "KordinataY": 42.66024,
    "Photo": ""
  },
  {
    "id": 34159,
    "Lloji": "Gjethërënës",
    "Lartesi": "I mesëm (1 - 3m)",
    "Gjendja": "E mirë",
    "KordinataX": 21.16039,
    "KordinataY": 42.66021,
    "Photo": ""
  },
  {
    "id": 34160,
    "Lloji": "Gjethërënës",
    "Lartesi": "I mesëm (1 - 3m)",
    "Gjendja": "E mirë",
    "KordinataX": 21.16047,
    "KordinataY": 42.66018,
    "Photo": ""
  },
  {
    "id": 34170,
    "Lloji": "Gjethërënës",
    "Lartesi": "I mesëm (1 - 3m)",
    "Gjendja": "E mirë",
    "KordinataX": 21.16053,
    "KordinataY": 42.66015,
    "Photo": ""
  },
  {
    "id": 34171,
    "Lloji": "Gjethërënës",
    "Lartesi": "I mesëm (1 - 3m)",
    "Gjendja": "E mirë",
    "KordinataX": 21.16058,
    "KordinataY": 42.66012,
    "Photo": ""
  },
  {
    "id": 34172,
    "Lloji": "Gjethërënës",
    "Lartesi": "I mesëm (1 - 3m)",
    "Gjendja": "E mirë",
    "KordinataX": 21.16066,
    "KordinataY": 42.66007,
    "Photo": ""
  },
  {
    "id": 34173,
    "Lloji": "Gjethërënës",
    "Lartesi": "I mesëm (1 - 3m)",
    "Gjendja": "E mirë",
    "KordinataX": 21.16068,
    "KordinataY": 42.65935,
    "Photo": ""
  },
  {
    "id": 34174,
    "Lloji": "Gjethërënës",
    "Lartesi": "I mesëm (1 - 3m)",
    "Gjendja": "E mirë",
    "KordinataX": 21.16069,
    "KordinataY": 42.65939,
    "Photo": ""
  },
  {
    "id": 34175,
    "Lloji": "Gjethërënës",
    "Lartesi": "I mesëm (1 - 3m)",
    "Gjendja": "E mirë",
    "KordinataX": 21.1607,
    "KordinataY": 42.65944,
    "Photo": ""
  },
  {
    "id": 34176,
    "Lloji": "Gjethërënës",
    "Lartesi": "I mesëm (1 - 3m)",
    "Gjendja": "E mirë",
    "KordinataX": 21.16072,
    "KordinataY": 42.65949,
    "Photo": ""
  },
  {
    "id": 34177,
    "Lloji": "Gjethërënës",
    "Lartesi": "I mesëm (1 - 3m)",
    "Gjendja": "E mirë",
    "KordinataX": 21.16073,
    "KordinataY": 42.65954,
    "Photo": ""
  },
  {
    "id": 34178,
    "Lloji": "Gjethërënës",
    "Lartesi": "I mesëm (1 - 3m)",
    "Gjendja": "E mirë",
    "KordinataX": 21.16075,
    "KordinataY": 42.65959,
    "Photo": ""
  },
  {
    "id": 34179,
    "Lloji": "Gjethërënës",
    "Lartesi": "I mesëm (1 - 3m)",
    "Gjendja": "E mirë",
    "KordinataX": 21.16077,
    "KordinataY": 42.65964,
    "Photo": ""
  },
  {
    "id": 34180,
    "Lloji": "Gjethërënës",
    "Lartesi": "I mesëm (1 - 3m)",
    "Gjendja": "E mirë",
    "KordinataX": 21.16081,
    "KordinataY": 42.65975,
    "Photo": ""
  },
  {
    "id": 34181,
    "Lloji": "Gjethërënës",
    "Lartesi": "I mesëm (1 - 3m)",
    "Gjendja": "E mirë",
    "KordinataX": 21.16084,
    "KordinataY": 42.65981,
    "Photo": ""
  },
  {
    "id": 34182,
    "Lloji": "Gjethërënës",
    "Lartesi": "I mesëm (1 - 3m)",
    "Gjendja": "E mirë",
    "KordinataX": 21.16088,
    "KordinataY": 42.65987,
    "Photo": ""
  },
  {
    "id": 34183,
    "Lloji": "Gjethërënës",
    "Lartesi": "I mesëm (1 - 3m)",
    "Gjendja": "E mirë",
    "KordinataX": 21.16096,
    "KordinataY": 42.65993,
    "Photo": ""
  },
  {
    "id": 34184,
    "Lloji": "Gjethërënës",
    "Lartesi": "I mesëm (1 - 3m)",
    "Gjendja": "E mirë",
    "KordinataX": 21.16104,
    "KordinataY": 42.65997,
    "Photo": ""
  },
  {
    "id": 34182,
    "Lloji": "Gjethërënës",
    "Lartesi": "I mesëm (1 - 3m)",
    "Gjendja": "E mirë",
    "KordinataX": 21.16123,
    "KordinataY": 42.66033,
    "Photo": ""
  },
  {
    "id": 34183,
    "Lloji": "Gjethërënës",
    "Lartesi": "I mesëm (1 - 3m)",
    "Gjendja": "E mirë",
    "KordinataX": 21.16125,
    "KordinataY": 42.66037,
    "Photo": ""
  },
  {
    "id": 34184,
    "Lloji": "Gjethërënës",
    "Lartesi": "I mesëm (1 - 3m)",
    "Gjendja": "E mirë",
    "KordinataX": 21.16126,
    "KordinataY": 42.66041,
    "Photo": ""
  },
  {
    "id": 34185,
    "Lloji": "Gjethërënës",
    "Lartesi": "I mesëm (1 - 3m)",
    "Gjendja": "E mirë",
    "KordinataX": 21.16129,
    "KordinataY": 42.66045,
    "Photo": ""
  },
  {
    "id": 34186,
    "Lloji": "Gjethërënës",
    "Lartesi": "I mesëm (1 - 3m)",
    "Gjendja": "E mirë",
    "KordinataX": 21.16139,
    "KordinataY": 42.66045,
    "Photo": ""
  },
  {
    "id": 34187,
    "Lloji": "Gjethërënës",
    "Lartesi": "I mesëm (1 - 3m)",
    "Gjendja": "E mirë",
    "KordinataX": 21.16143,
    "KordinataY": 42.66043,
    "Photo": ""
  },
  {
    "id": 34188,
    "Lloji": "Gjethërënës",
    "Lartesi": "I mesëm (1 - 3m)",
    "Gjendja": "E mirë",
    "KordinataX": 21.16149,
    "KordinataY": 42.6604,
    "Photo": ""
  },
  {
    "id": 34189,
    "Lloji": "Gjethërënës",
    "Lartesi": "I mesëm (1 - 3m)",
    "Gjendja": "E mirë",
    "KordinataX": 21.16155,
    "KordinataY": 42.66038,
    "Photo": ""
  },
  {
    "id": 34190,
    "Lloji": "Gjethërënës",
    "Lartesi": "I mesëm (1 - 3m)",
    "Gjendja": "E mirë",
    "KordinataX": 21.16159,
    "KordinataY": 42.66036,
    "Photo": ""
  },
  {
    "id": 34191,
    "Lloji": "Gjethërënës",
    "Lartesi": "I mesëm (1 - 3m)",
    "Gjendja": "E mirë",
    "KordinataX": 21.16157,
    "KordinataY": 42.66033,
    "Photo": ""
  },
  {
    "id": 34192,
    "Lloji": "Gjethërënës",
    "Lartesi": "I mesëm (1 - 3m)",
    "Gjendja": "E mirë",
    "KordinataX": 21.16155,
    "KordinataY": 42.6603,
    "Photo": ""
  },
  {
    "id": 34193,
    "Lloji": "Gjethërënës",
    "Lartesi": "I mesëm (1 - 3m)",
    "Gjendja": "E mirë",
    "KordinataX": 21.16153,
    "KordinataY": 42.66027,
    "Photo": ""
  },
  {
    "id": 34194,
    "Lloji": "Gjethërënës",
    "Lartesi": "I mesëm (1 - 3m)",
    "Gjendja": "E mirë",
    "KordinataX": 21.1615,
    "KordinataY": 42.66023,
    "Photo": ""
  },
  {
    "id": 34195,
    "Lloji": "Gjethërënës",
    "Lartesi": "I mesëm (1 - 3m)",
    "Gjendja": "E mirë",
    "KordinataX": 21.16144,
    "KordinataY": 42.66017,
    "Photo": ""
  },
  {
    "id": 34196,
    "Lloji": "Gjethërënës",
    "Lartesi": "I mesëm (1 - 3m)",
    "Gjendja": "E mirë",
    "KordinataX": 21.16142,
    "KordinataY": 42.66018,
    "Photo": ""
  },
  {
    "id": 34197,
    "Lloji": "Gjethërënës",
    "Lartesi": "I ulët (< 1m)",
    "Gjendja": "E mirë",
    "KordinataX": 21.16125,
    "KordinataY": 42.65998,
    "Photo": ""
  },
  {
    "id": 34198,
    "Lloji": "Gjethërënës",
    "Lartesi": "I ulët (< 1m)",
    "Gjendja": "E mirë",
    "KordinataX": 21.16126,
    "KordinataY": 42.66,
    "Photo": ""
  },
  {
    "id": 34199,
    "Lloji": "Gjethërënës",
    "Lartesi": "I lartë (> 3m)",
    "Gjendja": "E mirë",
    "KordinataX": 21.15982,
    "KordinataY": 42.66045,
    "Photo": ""
  },
  {
    "id": 34120,
    "Lloji": "Gjethërënës",
    "Lartesi": "I mesëm (1 - 3m)",
    "Gjendja": "E mirë",
    "KordinataX": 21.16178,
    "KordinataY": 42.65986,
    "Photo": ""
  },
  {
    "id": 34192,
    "Lloji": "Gjethërënës",
    "Lartesi": "I lartë (> 3m)",
    "Gjendja": "E mirë",
    "KordinataX": 21.1603,
    "KordinataY": 42.66073,
    "Photo": ""
  },
  {
    "id": 34193,
    "Lloji": "Gjethërënës",
    "Lartesi": "I mesëm (1 - 3m)",
    "Gjendja": "E mirë",
    "KordinataX": 21.16026,
    "KordinataY": 42.66083,
    "Photo": ""
  },
  {
    "id": 34194,
    "Lloji": "Gjethërënës",
    "Lartesi": "I mesëm (1 - 3m)",
    "Gjendja": "E mirë",
    "KordinataX": 21.16012,
    "KordinataY": 42.66084,
    "Photo": ""
  },
  {
    "id": 34195,
    "Lloji": "Gjethërënës",
    "Lartesi": "I mesëm (1 - 3m)",
    "Gjendja": "E mirë",
    "KordinataX": 21.16021,
    "KordinataY": 42.66087,
    "Photo": ""
  },
  {
    "id": 34196,
    "Lloji": "Gjethërënës",
    "Lartesi": "I mesëm (1 - 3m)",
    "Gjendja": "E mirë",
    "KordinataX": 21.16014,
    "KordinataY": 42.66089,
    "Photo": ""
  },
  {
    "id": 34197,
    "Lloji": "Gjethëmbajtës",
    "Lartesi": "I mesëm (1 - 3m)",
    "Gjendja": "E mirë",
    "KordinataX": 21.16007,
    "KordinataY": 42.66092,
    "Photo": ""
  },
  {
    "id": 34198,
    "Lloji": "Gjethërënës",
    "Lartesi": "I mesëm (1 - 3m)",
    "Gjendja": "E mirë",
    "KordinataX": 21.16002,
    "KordinataY": 42.66093,
    "Photo": ""
  },
  {
    "id": 34300,
    "Lloji": "Gjethërënës",
    "Lartesi": "I mesëm (1 - 3m)",
    "Gjendja": "E mirë",
    "KordinataX": 21.16005,
    "KordinataY": 42.66087,
    "Photo": ""
  },
  {
    "id": 34301,
    "Lloji": "Gjethërënës",
    "Lartesi": "I mesëm (1 - 3m)",
    "Gjendja": "E mirë",
    "KordinataX": 21.15998,
    "KordinataY": 42.66089,
    "Photo": ""
  },
  {
    "id": 34303,
    "Lloji": "Gjethërënës",
    "Lartesi": "I mesëm (1 - 3m)",
    "Gjendja": "E mirë",
    "KordinataX": 21.15965,
    "KordinataY": 42.66102,
    "Photo": ""
  },
  {
    "id": 30304,
    "Lloji": "Gjethërënës",
    "Lartesi": "I mesëm (1 - 3m)",
    "Gjendja": "E mirë",
    "KordinataX": 21.15933,
    "KordinataY": 42.66114,
    "Photo": ""
  },
  {
    "id": 34305,
    "Lloji": "Gjethërënës",
    "Lartesi": "I mesëm (1 - 3m)",
    "Gjendja": "E mirë",
    "KordinataX": 21.15941,
    "KordinataY": 42.66115,
    "Photo": ""
  },
  {
    "id": 34308,
    "Lloji": "Gjethërënës",
    "Lartesi": "I mesëm (1 - 3m)",
    "Gjendja": "E mirë",
    "KordinataX": 21.15844,
    "KordinataY": 42.6597,
    "Photo": ""
  },
  {
    "id": 34309,
    "Lloji": "Gjethërënës",
    "Lartesi": "I mesëm (1 - 3m)",
    "Gjendja": "E mirë",
    "KordinataX": 21.15848,
    "KordinataY": 42.65969,
    "Photo": ""
  },
  {
    "id": 34309,
    "Lloji": "Gjethërënës",
    "Lartesi": "I mesëm (1 - 3m)",
    "Gjendja": "E mirë",
    "KordinataX": 21.15852,
    "KordinataY": 42.65969,
    "Photo": ""
  },
  {
    "id": 34310,
    "Lloji": "Gjethërënës",
    "Lartesi": "I mesëm (1 - 3m)",
    "Gjendja": "E mirë",
    "KordinataX": 21.15861,
    "KordinataY": 42.65968,
    "Photo": ""
  },
  {
    "id": 34311,
    "Lloji": "Gjethërënës",
    "Lartesi": "I mesëm (1 - 3m)",
    "Gjendja": "E mirë",
    "KordinataX": 21.15869,
    "KordinataY": 42.65966,
    "Photo": ""
  },
  {
    "id": 34312,
    "Lloji": "Gjethërënës",
    "Lartesi": "I mesëm (1 - 3m)",
    "Gjendja": "E mirë",
    "KordinataX": 21.15877,
    "KordinataY": 42.65965,
    "Photo": ""
  },
  {
    "id": 34133,
    "Lloji": "Gjethërënës",
    "Lartesi": "I mesëm (1 - 3m)",
    "Gjendja": "E mirë",
    "KordinataX": 21.15882,
    "KordinataY": 42.65964,
    "Photo": ""
  },
  {
    "id": 34134,
    "Lloji": "Gjethërënës",
    "Lartesi": "I mesëm (1 - 3m)",
    "Gjendja": "E mirë",
    "KordinataX": 21.1589,
    "KordinataY": 42.65963,
    "Photo": ""
  },
  {
    "id": 34135,
    "Lloji": "Gjethërënës",
    "Lartesi": "I mesëm (1 - 3m)",
    "Gjendja": "E mirë",
    "KordinataX": 21.15907,
    "KordinataY": 42.65958,
    "Photo": ""
  },
  {
    "id": 34317,
    "Lloji": "Gjethërënës",
    "Lartesi": "I mesëm (1 - 3m)",
    "Gjendja": "E mirë",
    "KordinataX": 21.15915,
    "KordinataY": 42.65954,
    "Photo": ""
  },
  {
    "id": 34318,
    "Lloji": "Gjethërënës",
    "Lartesi": "I mesëm (1 - 3m)",
    "Gjendja": "E mirë",
    "KordinataX": 21.15921,
    "KordinataY": 42.65953,
    "Photo": ""
  },
  {
    "id": 34319,
    "Lloji": "Gjethërënës",
    "Lartesi": "I mesëm (1 - 3m)",
    "Gjendja": "E mirë",
    "KordinataX": 21.15936,
    "KordinataY": 42.65951,
    "Photo": ""
  },
  {
    "id": 34320,
    "Lloji": "Gjethërënës",
    "Lartesi": "I mesëm (1 - 3m)",
    "Gjendja": "E mirë",
    "KordinataX": 21.15939,
    "KordinataY": 42.6595,
    "Photo": ""
  },
  {
    "id": 34321,
    "Lloji": "Gjethërënës",
    "Lartesi": "I mesëm (1 - 3m)",
    "Gjendja": "E mirë",
    "KordinataX": 21.15943,
    "KordinataY": 42.6595,
    "Photo": ""
  },
  {
    "id": 34340,
    "Lloji": "Gjethërënës",
    "Lartesi": "I lartë (> 3m)",
    "Gjendja": "E mirë",
    "KordinataX": 21.15949,
    "KordinataY": 42.65949,
    "Photo": ""
  },
  {
    "id": 34341,
    "Lloji": "Gjethërënës",
    "Lartesi": "I mesëm (1 - 3m)",
    "Gjendja": "E mirë",
    "KordinataX": 21.15958,
    "KordinataY": 42.65947,
    "Photo": ""
  },
  {
    "id": 34342,
    "Lloji": "Gjethërënës",
    "Lartesi": "I mesëm (1 - 3m)",
    "Gjendja": "E mirë",
    "KordinataX": 21.15969,
    "KordinataY": 42.65946,
    "Photo": ""
  },
  {
    "id": 34344,
    "Lloji": "Gjethërënës",
    "Lartesi": "I mesëm (1 - 3m)",
    "Gjendja": "E mirë",
    "KordinataX": 21.15977,
    "KordinataY": 42.65945,
    "Photo": ""
  },
  {
    "id": 34345,
    "Lloji": "Gjethërënës",
    "Lartesi": "I mesëm (1 - 3m)",
    "Gjendja": "E mirë",
    "KordinataX": 21.15987,
    "KordinataY": 42.65943,
    "Photo": ""
  },
  {
    "id": 34347,
    "Lloji": "Gjethërënës",
    "Lartesi": "I mesëm (1 - 3m)",
    "Gjendja": "E mirë",
    "KordinataX": 21.16014,
    "KordinataY": 42.6596,
    "Photo": ""
  },
  {
    "id": 34348,
    "Lloji": "Gjethërënës",
    "Lartesi": "I mesëm (1 - 3m)",
    "Gjendja": "E mirë",
    "KordinataX": 21.16016,
    "KordinataY": 42.65962,
    "Photo": ""
  }
]