[
  {
    "id": 430108,
    "Lloji": "Gjethërënës",
    "Lartesi": "I lartë (> 3m)",
    "Gjendja": "E mirë",
    "KordinataX": 21.15774,
    "KordinataY": 42.66043,
    "Photo": ""
  },
  {
    "id": 43109,
    "Lloji": "Gjethërënës",
    "Lartesi": "I lartë (> 3m)",
    "Gjendja": "E mirë",
    "KordinataX": 21.15775,
    "KordinataY": 42.66046,
    "Photo": ""
  },
  {
    "id": 43110,
    "Lloji": "Gjethërënës",
    "Lartesi": "I mesëm (1 - 3m)",
    "Gjendja": "E mirë",
    "KordinataX": 21.1578,
    "KordinataY": 42.65997,
    "Photo": ""
  },
  {
    "id": 43111,
    "Lloji": "Gjethërënës",
    "Lartesi": "I lartë (> 3m)",
    "Gjendja": "E mirë",
    "KordinataX": 21.15778,
    "KordinataY": 42.65996,
    "Photo": ""
  },
  {
    "id": 43112,
    "Lloji": "Gjethëmbajtës",
    "Lartesi": "I ulët (< 1m)",
    "Gjendja": "E mirë",
    "KordinataX": 21.15763,
    "KordinataY": 42.65995,
    "Photo": ""
  },
  {
    "id": 43113,
    "Lloji": "Gjethëmbajtës",
    "Lartesi": "I ulët (< 1m)",
    "Gjendja": "E mirë",
    "KordinataX": 21.15762,
    "KordinataY": 42.65996,
    "Photo": ""
  },
  {
    "id": 43114,
    "Lloji": "Gjethëmbajtës",
    "Lartesi": "I ulët (< 1m)",
    "Gjendja": "E mirë",
    "KordinataX": 21.15761,
    "KordinataY": 42.65996,
    "Photo": ""
  },
  {
    "id": 43114,
    "Lloji": "Gjethëmbajtës",
    "Lartesi": "I ulët (< 1m)",
    "Gjendja": "E mirë",
    "KordinataX": 21.1576,
    "KordinataY": 42.65996,
    "Photo": ""
  },
  {
    "id": 43115,
    "Lloji": "Gjethëmbajtës",
    "Lartesi": "I ulët (< 1m)",
    "Gjendja": "E mirë",
    "KordinataX": 21.15758,
    "KordinataY": 42.65998,
    "Photo": ""
  },
  {
    "id": 43116,
    "Lloji": "Gjethërënës",
    "Lartesi": "I mesëm (1 - 3m)",
    "Gjendja": "E mirë",
    "KordinataX": 21.1575,
    "KordinataY": 42.66004,
    "Photo": ""
  },
  {
    "id": 43117,
    "Lloji": "Gjethërënës",
    "Lartesi": "I mesëm (1 - 3m)",
    "Gjendja": "E mirë",
    "KordinataX": 21.15747,
    "KordinataY": 42.66006,
    "Photo": ""
  },
  {
    "id": 43118,
    "Lloji": "Gjethërënës",
    "Lartesi": "I mesëm (1 - 3m)",
    "Gjendja": "E mirë",
    "KordinataX": 21.15745,
    "KordinataY": 42.66007,
    "Photo": ""
  },
  {
    "id": 43120,
    "Lloji": "Gjethërënës",
    "Lartesi": "I mesëm (1 - 3m)",
    "Gjendja": "E mirë",
    "KordinataX": 21.15741,
    "KordinataY": 42.6601,
    "Photo": ""
  },
  {
    "id": 43121,
    "Lloji": "Gjethërënës",
    "Lartesi": "I mesëm (1 - 3m)",
    "Gjendja": "E mirë",
    "KordinataX": 21.15737,
    "KordinataY": 42.66012,
    "Photo": ""
  },
  {
    "id": 43122,
    "Lloji": "Gjethërënës",
    "Lartesi": "I mesëm (1 - 3m)",
    "Gjendja": "E mirë",
    "KordinataX": 21.15734,
    "KordinataY": 42.66013,
    "Photo": ""
  },
  {
    "id": 43123,
    "Lloji": "Gjethëmbajtës",
    "Lartesi": "I ulët (< 1m)",
    "Gjendja": "E mirë",
    "KordinataX": 21.15734,
    "KordinataY": 42.66017,
    "Photo": ""
  },
  {
    "id": 43128,
    "Lloji": "Gjethëmbajtës",
    "Lartesi": "I mesëm (1 - 3m)",
    "Gjendja": "E mirë",
    "KordinataX": 21.15722,
    "KordinataY": 42.66025,
    "Photo": ""
  },
  {
    "id": 43129,
    "Lloji": "Gjethëmbajtës",
    "Lartesi": "I mesëm (1 - 3m)",
    "Gjendja": "E mirë",
    "KordinataX": 21.15722,
    "KordinataY": 42.66024,
    "Photo": ""
  },
  {
    "id": 43130,
    "Lloji": "Gjethëmbajtës",
    "Lartesi": "I mesëm (1 - 3m)",
    "Gjendja": "E mirë",
    "KordinataX": 21.15721,
    "KordinataY": 42.66023,
    "Photo": ""
  },
  {
    "id": 43131,
    "Lloji": "Gjethëmbajtës",
    "Lartesi": "I lartë (> 3m)",
    "Gjendja": "E mirë",
    "KordinataX": 21.1572,
    "KordinataY": 42.66022,
    "Photo": ""
  },
  {
    "id": 43132,
    "Lloji": "Gjethëmbajtës",
    "Lartesi": "I mesëm (1 - 3m)",
    "Gjendja": "E mirë",
    "KordinataX": 21.15719,
    "KordinataY": 42.66022,
    "Photo": ""
  },
  {
    "id": 43136,
    "Lloji": "Gjethëmbajtës",
    "Lartesi": "I lartë (> 3m)",
    "Gjendja": "E mirë",
    "KordinataX": 21.15717,
    "KordinataY": 42.66022,
    "Photo": ""
  },
  {
    "id": 43137,
    "Lloji": "Gjethëmbajtës",
    "Lartesi": "I lartë (> 3m)",
    "Gjendja": "E mirë",
    "KordinataX": 21.15715,
    "KordinataY": 42.66022,
    "Photo": ""
  },
  {
    "id": 43137,
    "Lloji": "Gjethëmbajtës",
    "Lartesi": "I mesëm (1 - 3m)",
    "Gjendja": "E mirë",
    "KordinataX": 21.15715,
    "KordinataY": 42.66023,
    "Photo": ""
  },
  {
    "id": 43138,
    "Lloji": "Gjethëmbajtës",
    "Lartesi": "I mesëm (1 - 3m)",
    "Gjendja": "E mirë",
    "KordinataX": 21.15715,
    "KordinataY": 42.66023,
    "Photo": ""
  },
  {
    "id": 43139,
    "Lloji": "Gjethëmbajtës",
    "Lartesi": "I mesëm (1 - 3m)",
    "Gjendja": "E mirë",
    "KordinataX": 21.15715,
    "KordinataY": 42.66024,
    "Photo": ""
  },
  {
    "id": 43140,
    "Lloji": "Gjethëmbajtës",
    "Lartesi": "I mesëm (1 - 3m)",
    "Gjendja": "E mirë",
    "KordinataX": 21.15715,
    "KordinataY": 42.66025,
    "Photo": ""
  },
  {
    "id": 43141,
    "Lloji": "Gjethëmbajtës",
    "Lartesi": "I mesëm (1 - 3m)",
    "Gjendja": "E mirë",
    "KordinataX": 21.15715,
    "KordinataY": 42.66026,
    "Photo": ""
  },
  {
    "id": 43142,
    "Lloji": "Gjethëmbajtës",
    "Lartesi": "I mesëm (1 - 3m)",
    "Gjendja": "E mirë",
    "KordinataX": 21.15716,
    "KordinataY": 42.66027,
    "Photo": ""
  },
  {
    "id": 43144,
    "Lloji": "Gjethëmbajtës",
    "Lartesi": "I mesëm (1 - 3m)",
    "Gjendja": "E mirë",
    "KordinataX": 21.15716,
    "KordinataY": 42.66028,
    "Photo": ""
  },
  {
    "id": 43145,
    "Lloji": "Gjethëmbajtës",
    "Lartesi": "I lartë (> 3m)",
    "Gjendja": "E mirë",
    "KordinataX": 21.1569,
    "KordinataY": 42.66028,
    "Photo": ""
  },
  {
    "id": 43146,
    "Lloji": "Gjethëmbajtës",
    "Lartesi": "I lartë (> 3m)",
    "Gjendja": "E mirë",
    "KordinataX": 21.15693,
    "KordinataY": 42.6603,
    "Photo": ""
  },
  {
    "id": 43147,
    "Lloji": "Gjethëmbajtës",
    "Lartesi": "I lartë (> 3m)",
    "Gjendja": "E mirë",
    "KordinataX": 21.15691,
    "KordinataY": 42.66034,
    "Photo": ""
  },
  {
    "id": 43148,
    "Lloji": "Gjethëmbajtës",
    "Lartesi": "I lartë (> 3m)",
    "Gjendja": "E mirë",
    "KordinataX": 21.15686,
    "KordinataY": 42.66039,
    "Photo": ""
  },
  {
    "id": 43151,
    "Lloji": "Gjethërënës",
    "Lartesi": "I mesëm (1 - 3m)",
    "Gjendja": "E mirë",
    "KordinataX": 21.15667,
    "KordinataY": 42.6603,
    "Photo": ""
  },
  {
    "id": 43152,
    "Lloji": "Gjethërënës",
    "Lartesi": "I mesëm (1 - 3m)",
    "Gjendja": "E mirë",
    "KordinataX": 21.15665,
    "KordinataY": 42.6603,
    "Photo": ""
  },
  {
    "id": 43153,
    "Lloji": "Gjethërënës",
    "Lartesi": "I mesëm (1 - 3m)",
    "Gjendja": "E mirë",
    "KordinataX": 21.15663,
    "KordinataY": 42.66031,
    "Photo": ""
  },
  {
    "id": 43154,
    "Lloji": "Gjethëmbajtës",
    "Lartesi": "I lartë (> 3m)",
    "Gjendja": "E mirë",
    "KordinataX": 21.1566,
    "KordinataY": 42.66031,
    "Photo": ""
  },
  {
    "id": 43155,
    "Lloji": "Gjethërënës",
    "Lartesi": "I mesëm (1 - 3m)",
    "Gjendja": "E mirë",
    "KordinataX": 21.15657,
    "KordinataY": 42.66032,
    "Photo": ""
  },
  {
    "id": 43156,
    "Lloji": "Gjethëmbajtës",
    "Lartesi": "I lartë (> 3m)",
    "Gjendja": "E mirë",
    "KordinataX": 21.15651,
    "KordinataY": 42.66034,
    "Photo": ""
  },
  {
    "id": 43157,
    "Lloji": "Gjethëmbajtës",
    "Lartesi": "I lartë (> 3m)",
    "Gjendja": "E mirë",
    "KordinataX": 21.15645,
    "KordinataY": 42.66036,
    "Photo": ""
  },
  {
    "id": 43158,
    "Lloji": "Gjethëmbajtës",
    "Lartesi": "I mesëm (1 - 3m)",
    "Gjendja": "E mirë",
    "KordinataX": 21.15641,
    "KordinataY": 42.66035,
    "Photo": ""
  },
  {
    "id": 43159,
    "Lloji": "Gjethëmbajtës",
    "Lartesi": "I mesëm (1 - 3m)",
    "Gjendja": "E mirë",
    "KordinataX": 21.15639,
    "KordinataY": 42.66036,
    "Photo": ""
  },
  {
    "id": 43760,
    "Lloji": "Gjethëmbajtës",
    "Lartesi": "I mesëm (1 - 3m)",
    "Gjendja": "E mirë",
    "KordinataX": 21.15637,
    "KordinataY": 42.66036,
    "Photo": ""
  },
  {
    "id": 43161,
    "Lloji": "Gjethëmbajtës",
    "Lartesi": "I mesëm (1 - 3m)",
    "Gjendja": "E mirë",
    "KordinataX": 21.15635,
    "KordinataY": 42.66037,
    "Photo": ""
  },
  {
    "id": 43162,
    "Lloji": "Gjethëmbajtës",
    "Lartesi": "I mesëm (1 - 3m)",
    "Gjendja": "E mirë",
    "KordinataX": 21.15633,
    "KordinataY": 42.66038,
    "Photo": ""
  },
  {
    "id": 43168,
    "Lloji": "Gjethërënës",
    "Lartesi": "I mesëm (1 - 3m)",
    "Gjendja": "E mirë",
    "KordinataX": 21.15638,
    "KordinataY": 42.6605,
    "Photo": ""
  },
  {
    "id": 43169,
    "Lloji": "Gjethërënës",
    "Lartesi": "I mesëm (1 - 3m)",
    "Gjendja": "E mirë",
    "KordinataX": 21.1562,
    "KordinataY": 42.6604,
    "Photo": ""
  },
  {
    "id": 43170,
    "Lloji": "Gjethërënës",
    "Lartesi": "I mesëm (1 - 3m)",
    "Gjendja": "E mirë",
    "KordinataX": 21.15616,
    "KordinataY": 42.6604,
    "Photo": ""
  },
  {
    "id": 43171,
    "Lloji": "Gjethërënës",
    "Lartesi": "I mesëm (1 - 3m)",
    "Gjendja": "E mirë",
    "KordinataX": 21.15613,
    "KordinataY": 42.66041,
    "Photo": ""
  },
  {
    "id": 43172,
    "Lloji": "Gjethërënës",
    "Lartesi": "I mesëm (1 - 3m)",
    "Gjendja": "E mirë",
    "KordinataX": 21.15611,
    "KordinataY": 42.66042,
    "Photo": ""
  },
  {
    "id": 43175,
    "Lloji": "Gjethërënës",
    "Lartesi": "I ulët (< 1m)",
    "Gjendja": "E mirë",
    "KordinataX": 21.15619,
    "KordinataY": 42.66053,
    "Photo": ""
  },
  {
    "id": 43175,
    "Lloji": "Gjethërënës",
    "Lartesi": "I mesëm (1 - 3m)",
    "Gjendja": "E mirë",
    "KordinataX": 21.15598,
    "KordinataY": 42.66043,
    "Photo": ""
  },
  {
    "id": 43176,
    "Lloji": "Gjethëmbajtës",
    "Lartesi": "I mesëm (1 - 3m)",
    "Gjendja": "E mirë",
    "KordinataX": 21.15597,
    "KordinataY": 42.66043,
    "Photo": ""
  },
  {
    "id": 43177,
    "Lloji": "Gjethëmbajtës",
    "Lartesi": "I mesëm (1 - 3m)",
    "Gjendja": "E mirë",
    "KordinataX": 21.15595,
    "KordinataY": 42.66044,
    "Photo": ""
  },
  {
    "id": 43178,
    "Lloji": "Gjethëmbajtës",
    "Lartesi": "I mesëm (1 - 3m)",
    "Gjendja": "E mirë",
    "KordinataX": 21.15594,
    "KordinataY": 42.66044,
    "Photo": ""
  },
  {
    "id": 43179,
    "Lloji": "Gjethëmbajtës",
    "Lartesi": "I mesëm (1 - 3m)",
    "Gjendja": "E mirë",
    "KordinataX": 21.15592,
    "KordinataY": 42.66044,
    "Photo": ""
  },
  {
    "id": 43180,
    "Lloji": "Gjethëmbajtës",
    "Lartesi": "I mesëm (1 - 3m)",
    "Gjendja": "E mirë",
    "KordinataX": 21.15589,
    "KordinataY": 42.66044,
    "Photo": ""
  },
  {
    "id": 43180,
    "Lloji": "Gjethërënës",
    "Lartesi": "I mesëm (1 - 3m)",
    "Gjendja": "E mirë",
    "KordinataX": 21.15589,
    "KordinataY": 42.66046,
    "Photo": ""
  },
  {
    "id": 43181,
    "Lloji": "Gjethërënës",
    "Lartesi": "I mesëm (1 - 3m)",
    "Gjendja": "E mirë",
    "KordinataX": 21.15589,
    "KordinataY": 42.66049,
    "Photo": ""
  },
  {
    "id": 43183,
    "Lloji": "Gjethëmbajtës",
    "Lartesi": "I mesëm (1 - 3m)",
    "Gjendja": "E mirë",
    "KordinataX": 21.15585,
    "KordinataY": 42.66043,
    "Photo": ""
  },
  {
    "id": 43185,
    "Lloji": "Gjethëmbajtës",
    "Lartesi": "I mesëm (1 - 3m)",
    "Gjendja": "E mirë",
    "KordinataX": 21.15579,
    "KordinataY": 42.66044,
    "Photo": ""
  },
  {
    "id": 43186,
    "Lloji": "Gjethërënës",
    "Lartesi": "I mesëm (1 - 3m)",
    "Gjendja": "E mirë",
    "KordinataX": 21.15574,
    "KordinataY": 42.66043,
    "Photo": ""
  },
  {
    "id": 43187,
    "Lloji": "Gjethërënës",
    "Lartesi": "I mesëm (1 - 3m)",
    "Gjendja": "E mirë",
    "KordinataX": 21.15574,
    "KordinataY": 42.66046,
    "Photo": ""
  },
  {
    "id": 43188,
    "Lloji": "Gjethërënës",
    "Lartesi": "I mesëm (1 - 3m)",
    "Gjendja": "E mirë",
    "KordinataX": 21.15571,
    "KordinataY": 42.66044,
    "Photo": ""
  },
  {
    "id": 43189,
    "Lloji": "Gjethërënës",
    "Lartesi": "I mesëm (1 - 3m)",
    "Gjendja": "E mirë",
    "KordinataX": 21.15572,
    "KordinataY": 42.66047,
    "Photo": ""
  },
  {
    "id": 43191,
    "Lloji": "Gjethërënës",
    "Lartesi": "I mesëm (1 - 3m)",
    "Gjendja": "E mirë",
    "KordinataX": 21.15567,
    "KordinataY": 42.66046,
    "Photo": ""
  },
  {
    "id": 43192,
    "Lloji": "Gjethërënës",
    "Lartesi": "I mesëm (1 - 3m)",
    "Gjendja": "E mirë",
    "KordinataX": 21.15569,
    "KordinataY": 42.66047,
    "Photo": ""
  },
  {
    "id": 43193,
    "Lloji": "Gjethëmbajtës",
    "Lartesi": "I mesëm (1 - 3m)",
    "Gjendja": "E mirë",
    "KordinataX": 21.15566,
    "KordinataY": 42.66048,
    "Photo": ""
  },
  {
    "id": 43194,
    "Lloji": "Gjethërënës",
    "Lartesi": "I mesëm (1 - 3m)",
    "Gjendja": "E mirë",
    "KordinataX": 21.15558,
    "KordinataY": 42.66047,
    "Photo": ""
  },
  {
    "id": 43195,
    "Lloji": "Gjethërënës",
    "Lartesi": "I mesëm (1 - 3m)",
    "Gjendja": "E mirë",
    "KordinataX": 21.15556,
    "KordinataY": 42.66047,
    "Photo": ""
  },
  {
    "id": 43196,
    "Lloji": "Gjethërënës",
    "Lartesi": "I mesëm (1 - 3m)",
    "Gjendja": "E mirë",
    "KordinataX": 21.15552,
    "KordinataY": 42.66048,
    "Photo": ""
  },
  {
    "id": 43197,
    "Lloji": "Gjethërënës",
    "Lartesi": "I mesëm (1 - 3m)",
    "Gjendja": "E mirë",
    "KordinataX": 21.15547,
    "KordinataY": 42.66049,
    "Photo": ""
  },
  {
    "id": 43198,
    "Lloji": "Gjethëmbajtës",
    "Lartesi": "I mesëm (1 - 3m)",
    "Gjendja": "E mirë",
    "KordinataX": 21.15555,
    "KordinataY": 42.66049,
    "Photo": ""
  },
  {
    "id": 43199,
    "Lloji": "Gjethëmbajtës",
    "Lartesi": "I mesëm (1 - 3m)",
    "Gjendja": "E mirë",
    "KordinataX": 21.15557,
    "KordinataY": 42.66049,
    "Photo": ""
  },
  {
    "id": 43201,
    "Lloji": "Gjethërënës",
    "Lartesi": "I mesëm (1 - 3m)",
    "Gjendja": "E mirë",
    "KordinataX": 21.15536,
    "KordinataY": 42.6605,
    "Photo": ""
  },
  {
    "id": 43202,
    "Lloji": "Gjethërënës",
    "Lartesi": "I mesëm (1 - 3m)",
    "Gjendja": "E mirë",
    "KordinataX": 21.15531,
    "KordinataY": 42.66051,
    "Photo": ""
  },
  {
    "id": 43203,
    "Lloji": "Gjethërënës",
    "Lartesi": "I mesëm (1 - 3m)",
    "Gjendja": "E mirë",
    "KordinataX": 21.15526,
    "KordinataY": 42.66052,
    "Photo": ""
  },
  {
    "id": 43204,
    "Lloji": "Gjethërënës",
    "Lartesi": "I mesëm (1 - 3m)",
    "Gjendja": "E mirë",
    "KordinataX": 21.15522,
    "KordinataY": 42.66053,
    "Photo": ""
  },
  {
    "id": 43205,
    "Lloji": "Gjethërënës",
    "Lartesi": "I mesëm (1 - 3m)",
    "Gjendja": "E mirë",
    "KordinataX": 21.15518,
    "KordinataY": 42.66053,
    "Photo": ""
  },
  {
    "id": 43206,
    "Lloji": "Gjethërënës",
    "Lartesi": "I mesëm (1 - 3m)",
    "Gjendja": "E mirë",
    "KordinataX": 21.15513,
    "KordinataY": 42.66055,
    "Photo": ""
  },
  {
    "id": 43207,
    "Lloji": "Gjethërënës",
    "Lartesi": "I mesëm (1 - 3m)",
    "Gjendja": "E mirë",
    "KordinataX": 21.1551,
    "KordinataY": 42.66055,
    "Photo": ""
  },
  {
    "id": 43208,
    "Lloji": "Gjethërënës",
    "Lartesi": "I mesëm (1 - 3m)",
    "Gjendja": "E mirë",
    "KordinataX": 21.15508,
    "KordinataY": 42.66057,
    "Photo": ""
  },
  {
    "id": 43209,
    "Lloji": "Gjethëmbajtës",
    "Lartesi": "I mesëm (1 - 3m)",
    "Gjendja": "E mirë",
    "KordinataX": 21.15514,
    "KordinataY": 42.66057,
    "Photo": ""
  },
  {
    "id": 43210,
    "Lloji": "Gjethëmbajtës",
    "Lartesi": "I mesëm (1 - 3m)",
    "Gjendja": "E mirë",
    "KordinataX": 21.15512,
    "KordinataY": 42.66057,
    "Photo": ""
  },
  {
    "id": 43212,
    "Lloji": "Gjethërënës",
    "Lartesi": "I mesëm (1 - 3m)",
    "Gjendja": "E mirë",
    "KordinataX": 21.15485,
    "KordinataY": 42.66069,
    "Photo": ""
  },
  {
    "id": 43218,
    "Lloji": "Gjethërënës",
    "Lartesi": "I lartë (> 3m)",
    "Gjendja": "E mirë",
    "KordinataX": 21.15414,
    "KordinataY": 42.6607,
    "Photo": ""
  },
  {
    "id": 43222,
    "Lloji": "Gjethërënës",
    "Lartesi": "I mesëm (1 - 3m)",
    "Gjendja": "E mirë",
    "KordinataX": 21.15358,
    "KordinataY": 42.66079,
    "Photo": ""
  },
  {
    "id": 43230,
    "Lloji": "Gjethëmbajtës",
    "Lartesi": "I ulët (< 1m)",
    "Gjendja": "E mirë",
    "KordinataX": 21.15528,
    "KordinataY": 42.66197,
    "Photo": ""
  },
  {
    "id": 43231,
    "Lloji": "Gjethëmbajtës",
    "Lartesi": "I ulët (< 1m)",
    "Gjendja": "E mirë",
    "KordinataX": 21.15526,
    "KordinataY": 42.66192,
    "Photo": ""
  },
  {
    "id": 43232,
    "Lloji": "Gjethëmbajtës",
    "Lartesi": "I ulët (< 1m)",
    "Gjendja": "E mirë",
    "KordinataX": 21.15524,
    "KordinataY": 42.6619,
    "Photo": ""
  },
  {
    "id": 43233,
    "Lloji": "Gjethëmbajtës",
    "Lartesi": "I ulët (< 1m)",
    "Gjendja": "E mirë",
    "KordinataX": 21.15522,
    "KordinataY": 42.66186,
    "Photo": ""
  },
  {
    "id": 43234,
    "Lloji": "Gjethëmbajtës",
    "Lartesi": "I ulët (< 1m)",
    "Gjendja": "E mirë",
    "KordinataX": 21.15519,
    "KordinataY": 42.66181,
    "Photo": ""
  },
  {
    "id": 43235,
    "Lloji": "Gjethëmbajtës",
    "Lartesi": "I ulët (< 1m)",
    "Gjendja": "E mirë",
    "KordinataX": 21.15516,
    "KordinataY": 42.66177,
    "Photo": ""
  },
  {
    "id": 43237,
    "Lloji": "Gjethërënës",
    "Lartesi": "I lartë (> 3m)",
    "Gjendja": "E mirë",
    "KordinataX": 21.15625,
    "KordinataY": 42.66207,
    "Photo": ""
  },
  {
    "id": 43238,
    "Lloji": "Gjethërënës",
    "Lartesi": "I mesëm (1 - 3m)",
    "Gjendja": "E mirë",
    "KordinataX": 21.15626,
    "KordinataY": 42.66209,
    "Photo": ""
  },
  {
    "id": 43239,
    "Lloji": "Gjethërënës",
    "Lartesi": "I mesëm (1 - 3m)",
    "Gjendja": "E mirë",
    "KordinataX": 21.15627,
    "KordinataY": 42.66212,
    "Photo": ""
  },
  {
    "id": 43240,
    "Lloji": "Gjethëmbajtës",
    "Lartesi": "I mesëm (1 - 3m)",
    "Gjendja": "E mirë",
    "KordinataX": 21.15631,
    "KordinataY": 42.66207,
    "Photo": ""
  },
  {
    "id": 43241,
    "Lloji": "Gjethërënës",
    "Lartesi": "I lartë (> 3m)",
    "Gjendja": "E mirë",
    "KordinataX": 21.15637,
    "KordinataY": 42.66207,
    "Photo": ""
  },
  {
    "id": 43242,
    "Lloji": "Gjethërënës",
    "Lartesi": "I lartë (> 3m)",
    "Gjendja": "E mirë",
    "KordinataX": 21.15639,
    "KordinataY": 42.66208,
    "Photo": ""
  },
  {
    "id": 43243,
    "Lloji": "Gjethërënës",
    "Lartesi": "I lartë (> 3m)",
    "Gjendja": "E mirë",
    "KordinataX": 21.15645,
    "KordinataY": 42.66207,
    "Photo": ""
  },
  {
    "id": 43244,
    "Lloji": "Gjethërënës",
    "Lartesi": "I mesëm (1 - 3m)",
    "Gjendja": "Jo e mirë",
    "KordinataX": 21.15649,
    "KordinataY": 42.66207,
    "Photo": ""
  },
  {
    "id": 43245,
    "Lloji": "Gjethërënës",
    "Lartesi": "I mesëm (1 - 3m)",
    "Gjendja": "Jo e mirë",
    "KordinataX": 21.15655,
    "KordinataY": 42.66206,
    "Photo": ""
  },
  {
    "id": 43246,
    "Lloji": "Gjethërënës",
    "Lartesi": "I mesëm (1 - 3m)",
    "Gjendja": "Jo e mirë",
    "KordinataX": 21.1566,
    "KordinataY": 42.66206,
    "Photo": ""
  },
  {
    "id": 43248,
    "Lloji": "Gjethërënës",
    "Lartesi": "I mesëm (1 - 3m)",
    "Gjendja": "E mirë",
    "KordinataX": 21.15737,
    "KordinataY": 42.6619,
    "Photo": ""
  },
  {
    "id": 43249,
    "Lloji": "Gjethërënës",
    "Lartesi": "I mesëm (1 - 3m)",
    "Gjendja": "E mirë",
    "KordinataX": 21.15741,
    "KordinataY": 42.6619,
    "Photo": ""
  },
  {
    "id": 43250,
    "Lloji": "Gjethërënës",
    "Lartesi": "I mesëm (1 - 3m)",
    "Gjendja": "E mirë",
    "KordinataX": 21.15746,
    "KordinataY": 42.66191,
    "Photo": ""
  },
  {
    "id": 43253,
    "Lloji": "Gjethëmbajtës",
    "Lartesi": "I lartë (> 3m)",
    "Gjendja": "E mirë",
    "KordinataX": 21.15794,
    "KordinataY": 42.66162,
    "Photo": ""
  },
  {
    "id": 43254,
    "Lloji": "Gjethëmbajtës",
    "Lartesi": "I lartë (> 3m)",
    "Gjendja": "E mirë",
    "KordinataX": 21.15798,
    "KordinataY": 42.6616,
    "Photo": ""
  },
  {
    "id": 43255,
    "Lloji": "Gjethëmbajtës",
    "Lartesi": "I lartë (> 3m)",
    "Gjendja": "E mirë",
    "KordinataX": 21.15808,
    "KordinataY": 42.66159,
    "Photo": ""
  },
  {
    "id": 43256,
    "Lloji": "Gjethëmbajtës",
    "Lartesi": "I lartë (> 3m)",
    "Gjendja": "E mirë",
    "KordinataX": 21.15806,
    "KordinataY": 42.66159,
    "Photo": ""
  },
  {
    "id": 43257,
    "Lloji": "Gjethëmbajtës",
    "Lartesi": "I lartë (> 3m)",
    "Gjendja": "E mirë",
    "KordinataX": 21.15795,
    "KordinataY": 42.66167,
    "Photo": ""
  },
  {
    "id": 43258,
    "Lloji": "Gjethëmbajtës",
    "Lartesi": "I lartë (> 3m)",
    "Gjendja": "E mirë",
    "KordinataX": 21.15795,
    "KordinataY": 42.66168,
    "Photo": ""
  },
  {
    "id": 43259,
    "Lloji": "Gjethëmbajtës",
    "Lartesi": "I lartë (> 3m)",
    "Gjendja": "E mirë",
    "KordinataX": 21.15801,
    "KordinataY": 42.66166,
    "Photo": ""
  },
  {
    "id": 43259,
    "Lloji": "Gjethëmbajtës",
    "Lartesi": "I lartë (> 3m)",
    "Gjendja": "E mirë",
    "KordinataX": 21.15802,
    "KordinataY": 42.66169,
    "Photo": ""
  },
  {
    "id": 43260,
    "Lloji": "Gjethëmbajtës",
    "Lartesi": "I lartë (> 3m)",
    "Gjendja": "E mirë",
    "KordinataX": 21.15808,
    "KordinataY": 42.66169,
    "Photo": ""
  },
  {
    "id": 43260,
    "Lloji": "Gjethërënës",
    "Lartesi": "I mesëm (1 - 3m)",
    "Gjendja": "E mirë",
    "KordinataX": 21.15794,
    "KordinataY": 42.66188,
    "Photo": ""
  },
  {
    "id": 43261,
    "Lloji": "Gjethërënës",
    "Lartesi": "I mesëm (1 - 3m)",
    "Gjendja": "E mirë",
    "KordinataX": 21.15801,
    "KordinataY": 42.66186,
    "Photo": ""
  },
  {
    "id": 43262,
    "Lloji": "Gjethërënës",
    "Lartesi": "I mesëm (1 - 3m)",
    "Gjendja": "E mirë",
    "KordinataX": 21.15809,
    "KordinataY": 42.66185,
    "Photo": ""
  },
  {
    "id": 43263,
    "Lloji": "Gjethërënës",
    "Lartesi": "I mesëm (1 - 3m)",
    "Gjendja": "E mirë",
    "KordinataX": 21.15817,
    "KordinataY": 42.66184,
    "Photo": ""
  },
  {
    "id": 43264,
    "Lloji": "Gjethërënës",
    "Lartesi": "I mesëm (1 - 3m)",
    "Gjendja": "E mirë",
    "KordinataX": 21.15826,
    "KordinataY": 42.66182,
    "Photo": ""
  },
  {
    "id": 43265,
    "Lloji": "Gjethërënës",
    "Lartesi": "I mesëm (1 - 3m)",
    "Gjendja": "E mirë",
    "KordinataX": 21.15832,
    "KordinataY": 42.66182,
    "Photo": ""
  },
  {
    "id": 43266,
    "Lloji": "Gjethërënës",
    "Lartesi": "I mesëm (1 - 3m)",
    "Gjendja": "E mirë",
    "KordinataX": 21.15837,
    "KordinataY": 42.66181,
    "Photo": ""
  },
  {
    "id": 43267,
    "Lloji": "Gjethërënës",
    "Lartesi": "I mesëm (1 - 3m)",
    "Gjendja": "E mirë",
    "KordinataX": 21.15843,
    "KordinataY": 42.66181,
    "Photo": ""
  },
  {
    "id": 43268,
    "Lloji": "Gjethërënës",
    "Lartesi": "I mesëm (1 - 3m)",
    "Gjendja": "E mirë",
    "KordinataX": 21.1585,
    "KordinataY": 42.6618,
    "Photo": ""
  },
  {
    "id": 43269,
    "Lloji": "Gjethërënës",
    "Lartesi": "I mesëm (1 - 3m)",
    "Gjendja": "E mirë",
    "KordinataX": 21.15853,
    "KordinataY": 42.66178,
    "Photo": ""
  },
  {
    "id": 43270,
    "Lloji": "Gjethërënës",
    "Lartesi": "I mesëm (1 - 3m)",
    "Gjendja": "E mirë",
    "KordinataX": 21.15859,
    "KordinataY": 42.66176,
    "Photo": ""
  },
  {
    "id": 43271,
    "Lloji": "Gjethërënës",
    "Lartesi": "I mesëm (1 - 3m)",
    "Gjendja": "E mirë",
    "KordinataX": 21.15863,
    "KordinataY": 42.66174,
    "Photo": ""
  },
  {
    "id": 43272,
    "Lloji": "Gjethërënës",
    "Lartesi": "I mesëm (1 - 3m)",
    "Gjendja": "E mirë",
    "KordinataX": 21.15866,
    "KordinataY": 42.66173,
    "Photo": ""
  },
  {
    "id": 43273,
    "Lloji": "Gjethërënës",
    "Lartesi": "I mesëm (1 - 3m)",
    "Gjendja": "E mirë",
    "KordinataX": 21.1587,
    "KordinataY": 42.66171,
    "Photo": ""
  },
  {
    "id": 43274,
    "Lloji": "Gjethërënës",
    "Lartesi": "I mesëm (1 - 3m)",
    "Gjendja": "E mirë",
    "KordinataX": 21.15873,
    "KordinataY": 42.66169,
    "Photo": ""
  },
  {
    "id": 43275,
    "Lloji": "Gjethërënës",
    "Lartesi": "I mesëm (1 - 3m)",
    "Gjendja": "E mirë",
    "KordinataX": 21.15877,
    "KordinataY": 42.66168,
    "Photo": ""
  },
  {
    "id": 43276,
    "Lloji": "Gjethërënës",
    "Lartesi": "I mesëm (1 - 3m)",
    "Gjendja": "E mirë",
    "KordinataX": 21.15879,
    "KordinataY": 42.66165,
    "Photo": ""
  },
  {
    "id": 43277,
    "Lloji": "Gjethërënës",
    "Lartesi": "I mesëm (1 - 3m)",
    "Gjendja": "E mirë",
    "KordinataX": 21.15883,
    "KordinataY": 42.66162,
    "Photo": ""
  },
  {
    "id": 43278,
    "Lloji": "Gjethëmbajtës",
    "Lartesi": "I lartë (> 3m)",
    "Gjendja": "E mirë",
    "KordinataX": 21.15793,
    "KordinataY": 42.66181,
    "Photo": ""
  },
  {
    "id": 43279,
    "Lloji": "Gjethëmbajtës",
    "Lartesi": "I lartë (> 3m)",
    "Gjendja": "E mirë",
    "KordinataX": 21.15799,
    "KordinataY": 42.66181,
    "Photo": ""
  },
  {
    "id": 43281,
    "Lloji": "Gjethëmbajtës",
    "Lartesi": "I lartë (> 3m)",
    "Gjendja": "E mirë",
    "KordinataX": 21.15804,
    "KordinataY": 42.6618,
    "Photo": ""
  },
  {
    "id": 43282,
    "Lloji": "Gjethëmbajtës",
    "Lartesi": "I lartë (> 3m)",
    "Gjendja": "E mirë",
    "KordinataX": 21.1581,
    "KordinataY": 42.6618,
    "Photo": ""
  },
  {
    "id": 43283,
    "Lloji": "Gjethëmbajtës",
    "Lartesi": "I lartë (> 3m)",
    "Gjendja": "E mirë",
    "KordinataX": 21.15816,
    "KordinataY": 42.66178,
    "Photo": ""
  },
  {
    "id": 43284,
    "Lloji": "Gjethëmbajtës",
    "Lartesi": "I lartë (> 3m)",
    "Gjendja": "E mirë",
    "KordinataX": 21.15821,
    "KordinataY": 42.66179,
    "Photo": ""
  },
  {
    "id": 43285,
    "Lloji": "Gjethëmbajtës",
    "Lartesi": "I lartë (> 3m)",
    "Gjendja": "E mirë",
    "KordinataX": 21.15824,
    "KordinataY": 42.66176,
    "Photo": ""
  },
  {
    "id": 43286,
    "Lloji": "Gjethëmbajtës",
    "Lartesi": "I lartë (> 3m)",
    "Gjendja": "E mirë",
    "KordinataX": 21.15825,
    "KordinataY": 42.66174,
    "Photo": ""
  },
  {
    "id": 43587,
    "Lloji": "Gjethëmbajtës",
    "Lartesi": "I lartë (> 3m)",
    "Gjendja": "E mirë",
    "KordinataX": 21.15828,
    "KordinataY": 42.66174,
    "Photo": ""
  },
  {
    "id": 43291,
    "Lloji": "Gjethërënës",
    "Lartesi": "I lartë (> 3m)",
    "Gjendja": "E mirë",
    "KordinataX": 21.15835,
    "KordinataY": 42.66174,
    "Photo": ""
  },
  {
    "id": 43292,
    "Lloji": "Gjethërënës",
    "Lartesi": "I lartë (> 3m)",
    "Gjendja": "E mirë",
    "KordinataX": 21.15836,
    "KordinataY": 42.66176,
    "Photo": ""
  },
  {
    "id": 43293,
    "Lloji": "Gjethërënës",
    "Lartesi": "I lartë (> 3m)",
    "Gjendja": "E mirë",
    "KordinataX": 21.1584,
    "KordinataY": 42.66175,
    "Photo": ""
  },
  {
    "id": 43294,
    "Lloji": "Gjethërënës",
    "Lartesi": "I lartë (> 3m)",
    "Gjendja": "E mirë",
    "KordinataX": 21.15839,
    "KordinataY": 42.66172,
    "Photo": ""
  },
  {
    "id": 43296,
    "Lloji": "Gjethërënës",
    "Lartesi": "I lartë (> 3m)",
    "Gjendja": "E mirë",
    "KordinataX": 21.15846,
    "KordinataY": 42.66175,
    "Photo": ""
  },
  {
    "id": 43297,
    "Lloji": "Gjethëmbajtës",
    "Lartesi": "I lartë (> 3m)",
    "Gjendja": "E mirë",
    "KordinataX": 21.15846,
    "KordinataY": 42.66172,
    "Photo": ""
  },
  {
    "id": 43298,
    "Lloji": "Gjethëmbajtës",
    "Lartesi": "I lartë (> 3m)",
    "Gjendja": "E mirë",
    "KordinataX": 21.15852,
    "KordinataY": 42.66174,
    "Photo": ""
  },
  {
    "id": 43299,
    "Lloji": "Gjethëmbajtës",
    "Lartesi": "I lartë (> 3m)",
    "Gjendja": "E mirë",
    "KordinataX": 21.15852,
    "KordinataY": 42.66171,
    "Photo": ""
  },
  {
    "id": 43300,
    "Lloji": "Gjethëmbajtës",
    "Lartesi": "I lartë (> 3m)",
    "Gjendja": "E mirë",
    "KordinataX": 21.15859,
    "KordinataY": 42.66171,
    "Photo": ""
  },
  {
    "id": 43301,
    "Lloji": "Gjethëmbajtës",
    "Lartesi": "I lartë (> 3m)",
    "Gjendja": "E mirë",
    "KordinataX": 21.15859,
    "KordinataY": 42.66168,
    "Photo": ""
  },
  {
    "id": 43303,
    "Lloji": "Gjethërënës",
    "Lartesi": "I lartë (> 3m)",
    "Gjendja": "E mirë",
    "KordinataX": 21.15866,
    "KordinataY": 42.66168,
    "Photo": ""
  },
  {
    "id": 43304,
    "Lloji": "Gjethërënës",
    "Lartesi": "I lartë (> 3m)",
    "Gjendja": "E mirë",
    "KordinataX": 21.15873,
    "KordinataY": 42.66165,
    "Photo": ""
  },
  {
    "id": 43001,
    "Lloji": "Gjethërënës",
    "Lartesi": "I mesëm (1 - 3m)",
    "Gjendja": "E mirë",
    "KordinataX": 21.15919,
    "KordinataY": 42.66135,
    "Photo": ""
  },
  {
    "id": 43305,
    "Lloji": "Gjethëmbajtës",
    "Lartesi": "I lartë (> 3m)",
    "Gjendja": "E mirë",
    "KordinataX": 21.15874,
    "KordinataY": 42.66164,
    "Photo": ""
  },
  {
    "id": 43002,
    "Lloji": "Gjethërënës",
    "Lartesi": "I mesëm (1 - 3m)",
    "Gjendja": "E mirë",
    "KordinataX": 21.15914,
    "KordinataY": 42.66138,
    "Photo": ""
  },
  {
    "id": 43306,
    "Lloji": "Gjethëmbajtës",
    "Lartesi": "I lartë (> 3m)",
    "Gjendja": "E mirë",
    "KordinataX": 21.15876,
    "KordinataY": 42.66161,
    "Photo": ""
  },
  {
    "id": 43003,
    "Lloji": "Gjethërënës",
    "Lartesi": "I mesëm (1 - 3m)",
    "Gjendja": "E mirë",
    "KordinataX": 21.15909,
    "KordinataY": 42.66143,
    "Photo": ""
  },
  {
    "id": 43004,
    "Lloji": "Gjethërënës",
    "Lartesi": "I mesëm (1 - 3m)",
    "Gjendja": "E mirë",
    "KordinataX": 21.15902,
    "KordinataY": 42.66146,
    "Photo": ""
  },
  {
    "id": 43005,
    "Lloji": "Gjethërënës",
    "Lartesi": "I mesëm (1 - 3m)",
    "Gjendja": "E mirë",
    "KordinataX": 21.15899,
    "KordinataY": 42.66149,
    "Photo": ""
  },
  {
    "id": 43006,
    "Lloji": "Gjethërënës",
    "Lartesi": "I mesëm (1 - 3m)",
    "Gjendja": "Jo e mirë",
    "KordinataX": 21.15895,
    "KordinataY": 42.66153,
    "Photo": ""
  },
  {
    "id": 43016,
    "Lloji": "Gjethërënës",
    "Lartesi": "I mesëm (1 - 3m)",
    "Gjendja": "E mirë",
    "KordinataX": 21.15906,
    "KordinataY": 42.66132,
    "Photo": ""
  },
  {
    "id": 43017,
    "Lloji": "Gjethërënës",
    "Lartesi": "I mesëm (1 - 3m)",
    "Gjendja": "E mirë",
    "KordinataX": 21.15903,
    "KordinataY": 42.66127,
    "Photo": ""
  },
  {
    "id": 43018,
    "Lloji": "Gjethërënës",
    "Lartesi": "I mesëm (1 - 3m)",
    "Gjendja": "E mirë",
    "KordinataX": 21.15897,
    "KordinataY": 42.66122,
    "Photo": ""
  },
  {
    "id": 43019,
    "Lloji": "Gjethëmbajtës",
    "Lartesi": "I lartë (> 3m)",
    "Gjendja": "E mirë",
    "KordinataX": 21.15901,
    "KordinataY": 42.66132,
    "Photo": ""
  },
  {
    "id": 43020,
    "Lloji": "Gjethëmbajtës",
    "Lartesi": "I lartë (> 3m)",
    "Gjendja": "E mirë",
    "KordinataX": 21.15898,
    "KordinataY": 42.66128,
    "Photo": ""
  },
  {
    "id": 43021,
    "Lloji": "Gjethërënës",
    "Lartesi": "I lartë (> 3m)",
    "Gjendja": "E mirë",
    "KordinataX": 21.15901,
    "KordinataY": 42.66135,
    "Photo": ""
  },
  {
    "id": 43021,
    "Lloji": "Gjethëmbajtës",
    "Lartesi": "I lartë (> 3m)",
    "Gjendja": "E mirë",
    "KordinataX": 21.15896,
    "KordinataY": 42.66134,
    "Photo": ""
  },
  {
    "id": 43022,
    "Lloji": "Gjethëmbajtës",
    "Lartesi": "I lartë (> 3m)",
    "Gjendja": "E mirë",
    "KordinataX": 21.15894,
    "KordinataY": 42.66131,
    "Photo": ""
  },
  {
    "id": 43024,
    "Lloji": "Gjethëmbajtës",
    "Lartesi": "I lartë (> 3m)",
    "Gjendja": "E mirë",
    "KordinataX": 21.15884,
    "KordinataY": 42.66139,
    "Photo": ""
  },
  {
    "id": 43025,
    "Lloji": "Gjethërënës",
    "Lartesi": "I mesëm (1 - 3m)",
    "Gjendja": "E mirë",
    "KordinataX": 21.15881,
    "KordinataY": 42.66134,
    "Photo": ""
  },
  {
    "id": 43026,
    "Lloji": "Gjethërënës",
    "Lartesi": "I mesëm (1 - 3m)",
    "Gjendja": "E mirë",
    "KordinataX": 21.15877,
    "KordinataY": 42.66126,
    "Photo": ""
  },
  {
    "id": 43027,
    "Lloji": "Gjethëmbajtës",
    "Lartesi": "I lartë (> 3m)",
    "Gjendja": "E mirë",
    "KordinataX": 21.15874,
    "KordinataY": 42.66152,
    "Photo": ""
  },
  {
    "id": 43028,
    "Lloji": "Gjethëmbajtës",
    "Lartesi": "I lartë (> 3m)",
    "Gjendja": "E mirë",
    "KordinataX": 21.15872,
    "KordinataY": 42.66146,
    "Photo": ""
  },
  {
    "id": 43029,
    "Lloji": "Gjethëmbajtës",
    "Lartesi": "I lartë (> 3m)",
    "Gjendja": "E mirë",
    "KordinataX": 21.15871,
    "KordinataY": 42.66145,
    "Photo": ""
  },
  {
    "id": 43029,
    "Lloji": "Gjethërënës",
    "Lartesi": "I mesëm (1 - 3m)",
    "Gjendja": "E mirë",
    "KordinataX": 21.15871,
    "KordinataY": 42.66142,
    "Photo": ""
  },
  {
    "id": 43030,
    "Lloji": "Gjethërënës",
    "Lartesi": "I mesëm (1 - 3m)",
    "Gjendja": "E mirë",
    "KordinataX": 21.15872,
    "KordinataY": 42.66141,
    "Photo": ""
  },
  {
    "id": 43031,
    "Lloji": "Gjethërënës",
    "Lartesi": "I mesëm (1 - 3m)",
    "Gjendja": "E mirë",
    "KordinataX": 21.1587,
    "KordinataY": 42.66139,
    "Photo": ""
  },
  {
    "id": 43032,
    "Lloji": "Gjethëmbajtës",
    "Lartesi": "I lartë (> 3m)",
    "Gjendja": "E mirë",
    "KordinataX": 21.15868,
    "KordinataY": 42.66133,
    "Photo": ""
  },
  {
    "id": 43033,
    "Lloji": "Gjethëmbajtës",
    "Lartesi": "I lartë (> 3m)",
    "Gjendja": "E mirë",
    "KordinataX": 21.15867,
    "KordinataY": 42.6613,
    "Photo": ""
  },
  {
    "id": 43035,
    "Lloji": "Gjethëmbajtës",
    "Lartesi": "I lartë (> 3m)",
    "Gjendja": "E mirë",
    "KordinataX": 21.15867,
    "KordinataY": 42.66131,
    "Photo": ""
  },
  {
    "id": 43038,
    "Lloji": "Gjethëmbajtës",
    "Lartesi": "I lartë (> 3m)",
    "Gjendja": "E mirë",
    "KordinataX": 21.15844,
    "KordinataY": 42.66124,
    "Photo": ""
  },
  {
    "id": 43039,
    "Lloji": "Gjethëmbajtës",
    "Lartesi": "I lartë (> 3m)",
    "Gjendja": "E mirë",
    "KordinataX": 21.15846,
    "KordinataY": 42.66124,
    "Photo": ""
  },
  {
    "id": 43040,
    "Lloji": "Gjethërënës",
    "Lartesi": "I mesëm (1 - 3m)",
    "Gjendja": "E mirë",
    "KordinataX": 21.15851,
    "KordinataY": 42.66115,
    "Photo": ""
  },
  {
    "id": 43041,
    "Lloji": "Gjethërënës",
    "Lartesi": "I mesëm (1 - 3m)",
    "Gjendja": "E mirë",
    "KordinataX": 21.15851,
    "KordinataY": 42.66113,
    "Photo": ""
  },
  {
    "id": 43042,
    "Lloji": "Gjethërënës",
    "Lartesi": "I mesëm (1 - 3m)",
    "Gjendja": "E mirë",
    "KordinataX": 21.15851,
    "KordinataY": 42.66112,
    "Photo": ""
  },
  {
    "id": 43044,
    "Lloji": "Gjethëmbajtës",
    "Lartesi": "I mesëm (1 - 3m)",
    "Gjendja": "E mirë",
    "KordinataX": 21.1584,
    "KordinataY": 42.66123,
    "Photo": ""
  },
  {
    "id": 43045,
    "Lloji": "Gjethërënës",
    "Lartesi": "I mesëm (1 - 3m)",
    "Gjendja": "E mirë",
    "KordinataX": 21.1588,
    "KordinataY": 42.66116,
    "Photo": ""
  },
  {
    "id": 43046,
    "Lloji": "Gjethërënës",
    "Lartesi": "I mesëm (1 - 3m)",
    "Gjendja": "E mirë",
    "KordinataX": 21.15878,
    "KordinataY": 42.66112,
    "Photo": ""
  },
  {
    "id": 43046,
    "Lloji": "Gjethërënës",
    "Lartesi": "I mesëm (1 - 3m)",
    "Gjendja": "E mirë",
    "KordinataX": 21.15877,
    "KordinataY": 42.6611,
    "Photo": ""
  },
  {
    "id": 43047,
    "Lloji": "Gjethërënës",
    "Lartesi": "I mesëm (1 - 3m)",
    "Gjendja": "E mirë",
    "KordinataX": 21.15876,
    "KordinataY": 42.66107,
    "Photo": ""
  },
  {
    "id": 43048,
    "Lloji": "Gjethërënës",
    "Lartesi": "I mesëm (1 - 3m)",
    "Gjendja": "E mirë",
    "KordinataX": 21.15875,
    "KordinataY": 42.66105,
    "Photo": ""
  },
  {
    "id": 43049,
    "Lloji": "Gjethëmbajtës",
    "Lartesi": "I lartë (> 3m)",
    "Gjendja": "E mirë",
    "KordinataX": 21.15879,
    "KordinataY": 42.66105,
    "Photo": ""
  },
  {
    "id": 43050,
    "Lloji": "Gjethërënës",
    "Lartesi": "I mesëm (1 - 3m)",
    "Gjendja": "E mirë",
    "KordinataX": 21.1588,
    "KordinataY": 42.66103,
    "Photo": ""
  },
  {
    "id": 43051,
    "Lloji": "Gjethërënës",
    "Lartesi": "I mesëm (1 - 3m)",
    "Gjendja": "E mirë",
    "KordinataX": 21.15882,
    "KordinataY": 42.66105,
    "Photo": ""
  },
  {
    "id": 43052,
    "Lloji": "Gjethërënës",
    "Lartesi": "I lartë (> 3m)",
    "Gjendja": "E mirë",
    "KordinataX": 21.15883,
    "KordinataY": 42.66106,
    "Photo": ""
  },
  {
    "id": 43053,
    "Lloji": "Gjethërënës",
    "Lartesi": "I lartë (> 3m)",
    "Gjendja": "E mirë",
    "KordinataX": 21.15885,
    "KordinataY": 42.66108,
    "Photo": ""
  },
  {
    "id": 43054,
    "Lloji": "Gjethërënës",
    "Lartesi": "I mesëm (1 - 3m)",
    "Gjendja": "E mirë",
    "KordinataX": 21.15886,
    "KordinataY": 42.6611,
    "Photo": ""
  },
  {
    "id": 43055,
    "Lloji": "Gjethërënës",
    "Lartesi": "I mesëm (1 - 3m)",
    "Gjendja": "E mirë",
    "KordinataX": 21.15888,
    "KordinataY": 42.66112,
    "Photo": ""
  },
  {
    "id": 43056,
    "Lloji": "Gjethërënës",
    "Lartesi": "I mesëm (1 - 3m)",
    "Gjendja": "E mirë",
    "KordinataX": 21.1589,
    "KordinataY": 42.66114,
    "Photo": ""
  },
  {
    "id": 43057,
    "Lloji": "Gjethërënës",
    "Lartesi": "I mesëm (1 - 3m)",
    "Gjendja": "E mirë",
    "KordinataX": 21.15888,
    "KordinataY": 42.66117,
    "Photo": ""
  },
  {
    "id": 43058,
    "Lloji": "Gjethërënës",
    "Lartesi": "I mesëm (1 - 3m)",
    "Gjendja": "E mirë",
    "KordinataX": 21.15884,
    "KordinataY": 42.66118,
    "Photo": ""
  },
  {
    "id": 43059,
    "Lloji": "Gjethëmbajtës",
    "Lartesi": "I mesëm (1 - 3m)",
    "Gjendja": "E mirë",
    "KordinataX": 21.15883,
    "KordinataY": 42.66114,
    "Photo": ""
  },
  {
    "id": 43090,
    "Lloji": "Gjethërënës",
    "Lartesi": "I mesëm (1 - 3m)",
    "Gjendja": "E mirë",
    "KordinataX": 21.15867,
    "KordinataY": 42.66077,
    "Photo": ""
  },
  {
    "id": 43061,
    "Lloji": "Gjethërënës",
    "Lartesi": "I mesëm (1 - 3m)",
    "Gjendja": "E mirë",
    "KordinataX": 21.15866,
    "KordinataY": 42.66075,
    "Photo": ""
  },
  {
    "id": 43062,
    "Lloji": "Gjethërënës",
    "Lartesi": "I mesëm (1 - 3m)",
    "Gjendja": "E mirë",
    "KordinataX": 21.15865,
    "KordinataY": 42.66074,
    "Photo": ""
  },
  {
    "id": 43063,
    "Lloji": "Gjethërënës",
    "Lartesi": "I mesëm (1 - 3m)",
    "Gjendja": "E mirë",
    "KordinataX": 21.15864,
    "KordinataY": 42.66073,
    "Photo": ""
  },
  {
    "id": 43064,
    "Lloji": "Gjethërënës",
    "Lartesi": "I mesëm (1 - 3m)",
    "Gjendja": "E mirë",
    "KordinataX": 21.15863,
    "KordinataY": 42.66072,
    "Photo": ""
  },
  {
    "id": 43065,
    "Lloji": "Gjethërënës",
    "Lartesi": "I mesëm (1 - 3m)",
    "Gjendja": "Jo e mirë",
    "KordinataX": 21.15862,
    "KordinataY": 42.66071,
    "Photo": ""
  },
  {
    "id": 43066,
    "Lloji": "Gjethërënës",
    "Lartesi": "I mesëm (1 - 3m)",
    "Gjendja": "Jo e mirë",
    "KordinataX": 21.15862,
    "KordinataY": 42.66069,
    "Photo": ""
  },
  {
    "id": 43066,
    "Lloji": "Gjethërënës",
    "Lartesi": "I mesëm (1 - 3m)",
    "Gjendja": "E mirë",
    "KordinataX": 21.1586,
    "KordinataY": 42.66071,
    "Photo": ""
  },
  {
    "id": 43067,
    "Lloji": "Gjethërënës",
    "Lartesi": "I mesëm (1 - 3m)",
    "Gjendja": "E mirë",
    "KordinataX": 21.15861,
    "KordinataY": 42.66072,
    "Photo": ""
  },
  {
    "id": 43068,
    "Lloji": "Gjethërënës",
    "Lartesi": "I mesëm (1 - 3m)",
    "Gjendja": "E mirë",
    "KordinataX": 21.15862,
    "KordinataY": 42.66073,
    "Photo": ""
  },
  {
    "id": 43069,
    "Lloji": "Gjethërënës",
    "Lartesi": "I mesëm (1 - 3m)",
    "Gjendja": "E mirë",
    "KordinataX": 21.15863,
    "KordinataY": 42.66074,
    "Photo": ""
  },
  {
    "id": 43070,
    "Lloji": "Gjethërënës",
    "Lartesi": "I mesëm (1 - 3m)",
    "Gjendja": "E mirë",
    "KordinataX": 21.15864,
    "KordinataY": 42.66075,
    "Photo": ""
  },
  {
    "id": 43071,
    "Lloji": "Gjethërënës",
    "Lartesi": "I mesëm (1 - 3m)",
    "Gjendja": "E mirë",
    "KordinataX": 21.15865,
    "KordinataY": 42.66077,
    "Photo": ""
  },
  {
    "id": 43073,
    "Lloji": "Gjethërënës",
    "Lartesi": "I lartë (> 3m)",
    "Gjendja": "E mirë",
    "KordinataX": 21.15836,
    "KordinataY": 42.66047,
    "Photo": ""
  },
  {
    "id": 43074,
    "Lloji": "Gjethërënës",
    "Lartesi": "I mesëm (1 - 3m)",
    "Gjendja": "E mirë",
    "KordinataX": 21.15835,
    "KordinataY": 42.66045,
    "Photo": ""
  },
  {
    "id": 43075,
    "Lloji": "Gjethërënës",
    "Lartesi": "I lartë (> 3m)",
    "Gjendja": "E mirë",
    "KordinataX": 21.15833,
    "KordinataY": 42.66043,
    "Photo": ""
  },
  {
    "id": 43076,
    "Lloji": "Gjethërënës",
    "Lartesi": "I mesëm (1 - 3m)",
    "Gjendja": "E mirë",
    "KordinataX": 21.15832,
    "KordinataY": 42.66041,
    "Photo": ""
  },
  {
    "id": 43077,
    "Lloji": "Gjethërënës",
    "Lartesi": "I mesëm (1 - 3m)",
    "Gjendja": "E mirë",
    "KordinataX": 21.1583,
    "KordinataY": 42.66038,
    "Photo": ""
  },
  {
    "id": 43078,
    "Lloji": "Gjethëmbajtës",
    "Lartesi": "I lartë (> 3m)",
    "Gjendja": "E mirë",
    "KordinataX": 21.15827,
    "KordinataY": 42.66036,
    "Photo": ""
  },
  {
    "id": 43079,
    "Lloji": "Gjethërënës",
    "Lartesi": "I mesëm (1 - 3m)",
    "Gjendja": "E mirë",
    "KordinataX": 21.15825,
    "KordinataY": 42.66035,
    "Photo": ""
  },
  {
    "id": 43080,
    "Lloji": "Gjethërënës",
    "Lartesi": "I mesëm (1 - 3m)",
    "Gjendja": "Jo e mirë",
    "KordinataX": 21.15825,
    "KordinataY": 42.66034,
    "Photo": ""
  },
  {
    "id": 43081,
    "Lloji": "Gjethërënës",
    "Lartesi": "I mesëm (1 - 3m)",
    "Gjendja": "E mirë",
    "KordinataX": 21.15823,
    "KordinataY": 42.66033,
    "Photo": ""
  },
  {
    "id": 43082,
    "Lloji": "Gjethërënës",
    "Lartesi": "I mesëm (1 - 3m)",
    "Gjendja": "E mirë",
    "KordinataX": 21.15821,
    "KordinataY": 42.6603,
    "Photo": ""
  },
  {
    "id": 43083,
    "Lloji": "Gjethërënës",
    "Lartesi": "I mesëm (1 - 3m)",
    "Gjendja": "E mirë",
    "KordinataX": 21.15819,
    "KordinataY": 42.66029,
    "Photo": ""
  },
  {
    "id": 43084,
    "Lloji": "Gjethërënës",
    "Lartesi": "I mesëm (1 - 3m)",
    "Gjendja": "E mirë",
    "KordinataX": 21.15818,
    "KordinataY": 42.66027,
    "Photo": ""
  },
  {
    "id": 43085,
    "Lloji": "Gjethërënës",
    "Lartesi": "I mesëm (1 - 3m)",
    "Gjendja": "E mirë",
    "KordinataX": 21.15815,
    "KordinataY": 42.66024,
    "Photo": ""
  },
  {
    "id": 43086,
    "Lloji": "Gjethërënës",
    "Lartesi": "I mesëm (1 - 3m)",
    "Gjendja": "E mirë",
    "KordinataX": 21.15819,
    "KordinataY": 42.66041,
    "Photo": ""
  },
  {
    "id": 43087,
    "Lloji": "Gjethërënës",
    "Lartesi": "I mesëm (1 - 3m)",
    "Gjendja": "E mirë",
    "KordinataX": 21.15817,
    "KordinataY": 42.66039,
    "Photo": ""
  },
  {
    "id": 43089,
    "Lloji": "Gjethërënës",
    "Lartesi": "I mesëm (1 - 3m)",
    "Gjendja": "E mirë",
    "KordinataX": 21.15815,
    "KordinataY": 42.66036,
    "Photo": ""
  },
  {
    "id": 43090,
    "Lloji": "Gjethërënës",
    "Lartesi": "I lartë (> 3m)",
    "Gjendja": "E mirë",
    "KordinataX": 21.15779,
    "KordinataY": 42.66019,
    "Photo": ""
  },
  {
    "id": 43091,
    "Lloji": "Gjethërënës",
    "Lartesi": "I lartë (> 3m)",
    "Gjendja": "E mirë",
    "KordinataX": 21.15787,
    "KordinataY": 42.66021,
    "Photo": ""
  },
  {
    "id": 43093,
    "Lloji": "Gjethërënës",
    "Lartesi": "I mesëm (1 - 3m)",
    "Gjendja": "E mirë",
    "KordinataX": 21.15797,
    "KordinataY": 42.66012,
    "Photo": ""
  },
  {
    "id": 43094,
    "Lloji": "Gjethërënës",
    "Lartesi": "I mesëm (1 - 3m)",
    "Gjendja": "E mirë",
    "KordinataX": 21.15796,
    "KordinataY": 42.66011,
    "Photo": ""
  },
  {
    "id": 43095,
    "Lloji": "Gjethërënës",
    "Lartesi": "I mesëm (1 - 3m)",
    "Gjendja": "E mirë",
    "KordinataX": 21.15794,
    "KordinataY": 42.66009,
    "Photo": ""
  },
  {
    "id": 43096,
    "Lloji": "Gjethërënës",
    "Lartesi": "I mesëm (1 - 3m)",
    "Gjendja": "E mirë",
    "KordinataX": 21.15791,
    "KordinataY": 42.66006,
    "Photo": ""
  },
  {
    "id": 43096,
    "Lloji": "Gjethërënës",
    "Lartesi": "I mesëm (1 - 3m)",
    "Gjendja": "E mirë",
    "KordinataX": 21.15781,
    "KordinataY": 42.66023,
    "Photo": ""
  },
  {
    "id": 43097,
    "Lloji": "Gjethërënës",
    "Lartesi": "I mesëm (1 - 3m)",
    "Gjendja": "E mirë",
    "KordinataX": 21.15779,
    "KordinataY": 42.66023,
    "Photo": ""
  },
  {
    "id": 43098,
    "Lloji": "Gjethërënës",
    "Lartesi": "I mesëm (1 - 3m)",
    "Gjendja": "E mirë",
    "KordinataX": 21.15775,
    "KordinataY": 42.66023,
    "Photo": ""
  },
  {
    "id": 43099,
    "Lloji": "Gjethërënës",
    "Lartesi": "I mesëm (1 - 3m)",
    "Gjendja": "E mirë",
    "KordinataX": 21.15773,
    "KordinataY": 42.66024,
    "Photo": ""
  },
  {
    "id": 43100,
    "Lloji": "Gjethërënës",
    "Lartesi": "I mesëm (1 - 3m)",
    "Gjendja": "E mirë",
    "KordinataX": 21.1577,
    "KordinataY": 42.66025,
    "Photo": ""
  },
  {
    "id": 43101,
    "Lloji": "Gjethërënës",
    "Lartesi": "I mesëm (1 - 3m)",
    "Gjendja": "E mirë",
    "KordinataX": 21.1577,
    "KordinataY": 42.66026,
    "Photo": ""
  },
  {
    "id": 43102,
    "Lloji": "Gjethërënës",
    "Lartesi": "I mesëm (1 - 3m)",
    "Gjendja": "E mirë",
    "KordinataX": 21.1577,
    "KordinataY": 42.66027,
    "Photo": ""
  },
  {
    "id": 43104,
    "Lloji": "Gjethërënës",
    "Lartesi": "I lartë (> 3m)",
    "Gjendja": "E mirë",
    "KordinataX": 21.15771,
    "KordinataY": 42.66031,
    "Photo": ""
  },
  {
    "id": 43106,
    "Lloji": "Gjethërënës",
    "Lartesi": "I lartë (> 3m)",
    "Gjendja": "E mirë",
    "KordinataX": 21.15772,
    "KordinataY": 42.66036,
    "Photo": ""
  },
  {
    "id": 43107,
    "Lloji": "Gjethërënës",
    "Lartesi": "I lartë (> 3m)",
    "Gjendja": "E mirë",
    "KordinataX": 21.15773,
    "KordinataY": 42.6604,
    "Photo": ""
  }
]